lead_id,lead_source,geography,parent_timezone,created_at,demo_scheduled_at,rep_assigned,rep_shift,follow_up_attempts,demo_joined,demo_completed,converted
L103406,Referral,USA,America/New_York,2026-06-28 01:59,2026-07-01 10:56,AD-02,US_SHIFT,4,N,N,N
L100757,Organic,Saudi Arabia,Asia/Riyadh,2026-06-17 16:57,2026-06-17 22:43,AD-02,US_SHIFT,2,N,N,N
L103624,Meta,Singapore,Asia/Singapore,2026-07-09 14:39,,AD-07,IST_SHIFT,0,N,N,N
L104544,Organic,USA,America/New_York,2026-07-27 20:19,2026-07-30 17:48,AD-01,US_SHIFT,3,N,N,N
L103235,Meta,UK,Europe/London,2026-06-25 02:15,2026-06-29 00:53,AD-05,IST_SHIFT,6,N,N,N
L101868,Affiliate,USA,America/New_York,2026-06-21 05:23,2026-06-25 20:35,AD-05,IST_SHIFT,2,Y,Y,Y
L102916,Referral,Singapore,Asia/Singapore,2026-07-04 12:20,,AD-01,US_SHIFT,1,N,N,N
L103335,Google,Saudi Arabia,Asia/Riyadh,2026-07-31 12:17,,AD-08,IST_SHIFT,2,N,N,N
L103527,Meta,USA,America/New_York,2026-06-21 06:41,2026-06-21 20:47,AD-07,IST_SHIFT,3,N,N,N
L102827,Meta,USA,America/New_York,2026-06-04 18:41,2026-06-05 02:19,AD-02,US_SHIFT,5,Y,Y,N
L104392,Meta,USA,America/New_York,2026-06-12 13:38,,AD-01,US_SHIFT,3,N,N,N
L103484,Google,UAE,Asia/Dubai,2026-06-03 05:42,,AD-08,IST_SHIFT,4,N,N,N
L102961,Meta,UAE,Asia/Dubai,2026-07-13 03:30,2026-07-14 04:11,AD-04,US_SHIFT,0,Y,Y,N
L103215,Google,USA,America/New_York,2026-06-18 10:20,2026-06-18 12:41,AD-01,US_SHIFT,2,Y,Y,N
L104301,Google,Singapore,Asia/Singapore,2026-07-14 00:42,,AD-07,IST_SHIFT,3,N,N,N
L100615,Google,USA,America/New_York,2026-06-06 22:26,,AD-02,US_SHIFT,2,N,N,N
L100640,Organic,Vietnam,Asia/Ho_Chi_Minh,2026-07-21 16:51,2026-07-22 20:53,AD-01,US_SHIFT,0,Y,Y,N
L103708,Meta,UK,Europe/London,2026-06-30 13:34,,AD-11,SEA_SHIFT,0,N,N,N
L102366,Meta,USA,America/New_York,2026-06-18 18:24,2026-06-20 07:59,AD-05,IST_SHIFT,2,Y,Y,N
L102755,Meta,Singapore,Asia/Singapore,2026-06-20 09:49,2026-06-20 22:13,AD-09,IST_SHIFT,4,Y,Y,N
L102318,Google,UK,Europe/London,2026-06-04 13:53,2026-06-05 01:03,AD-11,SEA_SHIFT,0,N,N,N
L104171,Referral,USA,America/New_York,2026-07-20 06:23,2026-07-20 13:39,AD-06,IST_SHIFT,1,Y,Y,N
L104760,Google,USA,America/New_York,2026-06-24 05:32,2026-06-25 12:27,AD-11,SEA_SHIFT,0,Y,Y,N
L102190,Meta,UAE,Asia/Dubai,2026-07-01 11:14,,AD-06,IST_SHIFT,5,N,N,N
L104714,Meta,USA,America/New_York,2026-06-28 14:57,2026-07-01 10:44,AD-04,US_SHIFT,6,N,N,N
L102867,Meta,Australia,Australia/Sydney,2026-07-29 04:15,2026-07-29 21:23,AD-01,US_SHIFT,3,Y,Y,N
L103731,Meta,USA,America/New_York,2026-07-14 04:28,,AD-09,IST_SHIFT,3,N,N,N
L100470,Affiliate,UK,Europe/London,2026-06-15 18:53,2026-06-16 04:41,AD-08,IST_SHIFT,2,Y,Y,N
L102530,Google,India,Asia/Kolkata,2026-06-21 05:04,,AD-05,IST_SHIFT,5,N,N,N
L102211,Affiliate,USA,America/New_York,2026-07-15 10:29,,AD-01,US_SHIFT,0,N,N,N
L100625,Affiliate,Vietnam,Asia/Ho_Chi_Minh,2026-07-23 22:53,2026-07-24 12:43,AD-01,US_SHIFT,3,Y,Y,N
L104202,Affiliate,Saudi Arabia,Asia/Riyadh,2026-07-26 00:15,2026-07-30 07:32,AD-04,US_SHIFT,3,N,N,N
L104819,Meta,USA,America/New_York,2026-06-22 19:59,,AD-12,US_SHIFT,0,N,N,N
L101874,Meta,UAE,Asia/Dubai,2026-06-30 03:18,,AD-11,SEA_SHIFT,1,N,N,N
L104575,Meta,UK,Europe/London,2026-06-03 19:25,2026-06-09 07:02,AD-08,IST_SHIFT,0,N,N,N
L102061,DSA,USA,America/New_York,2026-06-15 13:18,,AD-05,IST_SHIFT,3,N,N,N
L103691,Meta,Vietnam,Asia/Ho_Chi_Minh,2026-06-22 07:58,2026-06-22 11:19,AD-04,US_SHIFT,2,N,N,N
L102288,Meta,UK,Europe/London,2026-07-14 22:56,2026-07-16 18:50,AD-07,IST_SHIFT,1,Y,Y,N
L104126,Meta,Vietnam,Asia/Ho_Chi_Minh,2026-06-22 10:38,,AD-09,IST_SHIFT,0,N,N,N
L100370,Meta,UK,Europe/London,2026-07-25 12:11,,AD-02,US_SHIFT,2,N,N,N
L104398,DSA,Vietnam,Asia/Ho_Chi_Minh,2026-07-16 23:37,,AD-04,US_SHIFT,2,N,N,N
L103244,Google,USA,America/New_York,2026-07-20 20:32,,AD-10,SEA_SHIFT,1,N,N,N
L101218,Affiliate,UK,Europe/London,2026-07-15 11:25,2026-07-15 23:38,AD-10,SEA_SHIFT,3,N,N,N
L103503,DSA,USA,America/New_York,2026-06-22 00:10,2026-06-23 20:25,AD-07,IST_SHIFT,2,Y,Y,N
L103557,Google,USA,America/New_York,2026-07-25 09:33,2026-07-26 15:03,AD-06,IST_SHIFT,1,Y,Y,N
L100275,Meta,USA,America/New_York,2026-07-15 22:50,2026-07-16 18:25,AD-09,IST_SHIFT,3,Y,Y,N
L104550,Referral,UAE,Asia/Dubai,2026-06-23 15:57,2026-06-28 23:33,AD-01,US_SHIFT,2,N,N,N
L103070,Google,Australia,Australia/Sydney,2026-06-02 07:16,,AD-03,US_SHIFT,0,N,N,N
L100195,Organic,USA,America/New_York,2026-06-22 07:57,2026-06-23 15:06,AD-12,US_SHIFT,0,Y,Y,Y
L103778,DSA,India,Asia/Kolkata,2026-07-12 23:00,2026-07-13 06:45,AD-01,US_SHIFT,0,Y,Y,N
L102261,Meta,Australia,Australia/Sydney,2026-07-24 06:36,2026-07-27 04:06,AD-12,US_SHIFT,3,N,N,N
L104337,Meta,USA,America/New_York,2026-06-27 18:31,2026-06-28 16:46,AD-12,US_SHIFT,5,Y,Y,N
L101440,Meta,USA,America/New_York,2026-06-09 22:30,,AD-06,IST_SHIFT,3,N,N,N
L101125,Affiliate,India,Asia/Kolkata,2026-07-21 23:07,2026-07-22 16:03,AD-01,US_SHIFT,3,N,N,N
L100676,Google,Vietnam,Asia/Ho_Chi_Minh,2026-06-02 14:55,2026-06-02 23:39,AD-10,SEA_SHIFT,0,Y,Y,N
L102605,Google,India,Asia/Kolkata,2026-07-06 08:52,,AD-05,IST_SHIFT,0,N,N,N
L103018,Meta,USA,America/New_York,2026-06-16 06:33,2026-06-16 21:47,AD-11,SEA_SHIFT,0,Y,Y,N
L103032,Meta,USA,America/New_York,2026-06-08 01:41,,AD-10,SEA_SHIFT,3,N,N,N
L100161,Google,UAE,Asia/Dubai,2026-06-24 21:10,2026-06-26 16:38,AD-08,IST_SHIFT,3,Y,Y,N
L102063,DSA,USA,America/New_York,2026-06-08 02:25,2026-06-08 17:36,AD-10,SEA_SHIFT,0,N,N,N
L103690,Google,Vietnam,Asia/Ho_Chi_Minh,2026-07-28 21:03,,AD-01,US_SHIFT,4,N,N,N
L101841,Google,UAE,Asia/Dubai,2026-06-29 00:47,,AD-12,US_SHIFT,5,N,N,N
L104558,Organic,India,Asia/Kolkata,2026-07-06 04:57,,AD-03,US_SHIFT,4,N,N,N
L100078,Meta,India,Asia/Kolkata,2026-07-29 12:24,2026-08-02 18:55,AD-02,US_SHIFT,4,Y,Y,N
L101536,Referral,UAE,Asia/Dubai,2026-06-21 18:42,2026-06-22 22:35,AD-10,SEA_SHIFT,2,Y,Y,N
L102764,Referral,UAE,Asia/Dubai,2026-06-24 04:39,2026-06-26 23:45,AD-08,IST_SHIFT,4,N,N,N
L102921,Meta,Saudi Arabia,Asia/Riyadh,2026-06-28 03:24,2026-07-02 03:50,AD-03,US_SHIFT,4,N,N,N
L102172,Meta,Vietnam,Asia/Ho_Chi_Minh,2026-07-14 10:21,,AD-08,IST_SHIFT,0,N,N,N
L104433,Meta,UAE,Asia/Dubai,2026-06-14 05:27,,AD-07,IST_SHIFT,3,N,N,N
L100567,Affiliate,UK,Europe/London,2026-06-27 16:54,2026-06-27 18:45,AD-11,SEA_SHIFT,1,N,N,N
L101947,Affiliate,USA,America/New_York,2026-06-17 20:51,2026-06-18 23:03,AD-08,IST_SHIFT,1,Y,Y,N
L103383,Referral,Australia,Australia/Sydney,2026-06-10 14:39,2026-06-10 18:12,AD-10,SEA_SHIFT,1,Y,Y,N
L101252,Affiliate,USA,America/New_York,2026-06-28 09:18,,AD-10,SEA_SHIFT,1,N,N,N
L101982,Meta,Australia,Australia/Sydney,2026-06-04 17:44,2026-06-08 21:47,AD-04,US_SHIFT,4,Y,Y,N
L100402,Google,USA,America/New_York,2026-07-23 13:56,2026-07-23 23:09,AD-09,IST_SHIFT,2,Y,Y,N
L103893,Google,Australia,Australia/Sydney,2026-06-01 19:24,,AD-04,US_SHIFT,0,N,N,N
L104434,Meta,USA,America/New_York,2026-07-01 08:48,,AD-10,SEA_SHIFT,4,N,N,N
L102316,Meta,USA,America/New_York,2026-06-12 02:52,2026-06-18 03:37,AD-10,SEA_SHIFT,3,Y,Y,N
L100687,Google,Saudi Arabia,Asia/Riyadh,2026-07-17 22:06,2026-07-21 21:01,AD-10,SEA_SHIFT,3,N,N,N
L100459,Organic,Singapore,Asia/Singapore,2026-07-05 22:39,2026-07-07 20:44,AD-04,US_SHIFT,2,Y,Y,N
L100145,Meta,USA,America/New_York,2026-07-28 07:46,,AD-08,IST_SHIFT,2,N,N,N
L104758,Meta,Australia,Australia/Sydney,2026-07-05 09:36,,AD-11,SEA_SHIFT,1,N,N,N
L102754,Meta,UK,Europe/London,2026-06-04 21:15,2026-06-08 05:46,AD-11,SEA_SHIFT,7,N,N,N
L104138,Affiliate,India,Asia/Kolkata,2026-07-13 08:30,2026-07-18 05:05,AD-10,SEA_SHIFT,0,N,N,N
L104311,Affiliate,Singapore,Asia/Singapore,2026-07-10 12:08,,AD-01,US_SHIFT,2,N,N,N
L101569,Google,UK,Europe/London,2026-06-26 00:19,,AD-01,US_SHIFT,0,N,N,N
L101227,Meta,India,Asia/Kolkata,2026-07-27 02:54,,AD-05,IST_SHIFT,1,N,N,N
L103788,Meta,UAE,Asia/Dubai,2026-07-19 18:37,,AD-09,IST_SHIFT,3,N,N,N
L102688,Google,USA,America/New_York,2026-06-28 00:09,2026-06-28 06:16,AD-03,US_SHIFT,3,Y,Y,Y
L102036,Organic,UAE,Asia/Dubai,2026-06-11 16:57,2026-06-11 20:16,AD-04,US_SHIFT,3,Y,Y,N
L101858,Meta,UAE,Asia/Dubai,2026-06-23 10:58,,AD-02,US_SHIFT,1,N,N,N
L103490,Meta,UK,Europe/London,2026-06-02 11:03,,AD-04,US_SHIFT,5,N,N,N
L103735,Google,USA,America/New_York,2026-06-23 19:23,,AD-05,IST_SHIFT,2,N,N,N
L100004,Google,Singapore,Asia/Singapore,2026-06-08 19:19,,AD-11,SEA_SHIFT,2,N,N,N
L104133,Affiliate,Singapore,Asia/Singapore,2026-06-09 10:42,,AD-10,SEA_SHIFT,3,N,N,N
L101272,DSA,Saudi Arabia,Asia/Riyadh,2026-07-10 03:51,,AD-02,US_SHIFT,3,N,N,N
L104635,Google,India,Asia/Kolkata,2026-06-19 02:56,2026-06-24 07:45,AD-12,US_SHIFT,6,N,N,N
L101343,Meta,UK,Europe/London,2026-07-08 08:03,,AD-09,IST_SHIFT,3,N,N,N
L103986,Google,USA,America/New_York,2026-06-19 21:38,2026-06-20 05:04,AD-01,US_SHIFT,3,Y,Y,N
L100735,Meta,Vietnam,Asia/Ho_Chi_Minh,2026-07-07 12:24,,AD-04,US_SHIFT,7,N,N,N
L101193,Affiliate,USA,America/New_York,2026-06-29 07:50,2026-06-30 07:22,AD-06,IST_SHIFT,3,Y,Y,N
L103439,Affiliate,UK,Europe/London,2026-07-11 05:06,2026-07-15 07:13,AD-05,IST_SHIFT,4,N,N,N
L103449,Meta,USA,America/New_York,2026-06-09 07:03,,AD-05,IST_SHIFT,2,N,N,N
L100213,Meta,India,Asia/Kolkata,2026-07-14 15:03,,AD-06,IST_SHIFT,3,N,N,N
L101637,Google,UK,Europe/London,2026-07-25 00:07,,AD-02,US_SHIFT,4,N,N,N
L101661,Google,UAE,Asia/Dubai,2026-06-15 22:11,2026-06-16 00:40,AD-07,IST_SHIFT,3,Y,N,N
L104146,Organic,Australia,Australia/Sydney,2026-07-16 13:11,2026-07-17 16:43,AD-12,US_SHIFT,1,N,N,N
L104348,Meta,Australia,Australia/Sydney,2026-07-12 19:06,2026-07-18 14:29,AD-12,US_SHIFT,2,Y,Y,N
L104662,Google,UK,Europe/London,2026-07-10 09:08,2026-07-11 00:07,AD-04,US_SHIFT,3,Y,Y,N
L100766,Meta,USA,America/New_York,2026-06-09 00:09,,AD-02,US_SHIFT,0,N,N,N
L103939,Organic,Singapore,Asia/Singapore,2026-07-29 22:32,2026-07-30 00:16,AD-08,IST_SHIFT,2,Y,Y,N
L102451,Affiliate,USA,America/New_York,2026-06-23 08:54,,AD-01,US_SHIFT,2,N,N,N
L104883,Organic,Singapore,Asia/Singapore,2026-06-30 03:33,2026-06-30 22:02,AD-03,US_SHIFT,1,Y,Y,N
L101382,Google,UK,Europe/London,2026-07-06 07:05,2026-07-07 09:32,AD-06,IST_SHIFT,3,Y,Y,N
L103769,Meta,Vietnam,Asia/Ho_Chi_Minh,2026-06-19 13:47,,AD-07,IST_SHIFT,2,N,N,N
L102610,Google,USA,America/New_York,2026-07-25 03:12,2026-07-25 09:04,AD-02,US_SHIFT,0,Y,Y,Y
L104310,Meta,UK,Europe/London,2026-07-24 05:08,2026-07-28 17:35,AD-06,IST_SHIFT,2,N,N,N
L103874,DSA,UAE,Asia/Dubai,2026-06-10 13:10,,AD-07,IST_SHIFT,2,N,N,N
L100876,Meta,USA,America/New_York,2026-07-24 17:51,2026-07-30 14:12,AD-05,IST_SHIFT,3,Y,Y,Y
L104010,Meta,Saudi Arabia,Asia/Riyadh,2026-06-08 09:46,,AD-01,US_SHIFT,2,N,N,N
L102304,Meta,USA,America/New_York,2026-06-27 02:13,2026-06-28 12:18,AD-06,IST_SHIFT,2,Y,Y,N
L101731,Meta,USA,America/New_York,2026-07-06 19:27,2026-07-11 13:21,AD-05,IST_SHIFT,2,Y,Y,N
L101144,Meta,Vietnam,Asia/Ho_Chi_Minh,2026-06-27 20:29,2026-06-28 16:21,AD-03,US_SHIFT,3,N,N,N
L100449,Meta,USA,America/New_York,2026-07-07 20:52,,AD-11,SEA_SHIFT,1,N,N,N
L103375,Affiliate,India,Asia/Kolkata,2026-06-17 17:31,2026-06-18 01:42,AD-07,IST_SHIFT,2,Y,Y,N
L102643,Referral,USA,America/New_York,2026-06-20 22:56,,AD-06,IST_SHIFT,3,N,N,N
L100723,Google,UK,Europe/London,2026-07-11 11:09,2026-07-11 15:07,AD-06,IST_SHIFT,0,Y,Y,N
L100561,Organic,USA,America/New_York,2026-06-30 10:17,,AD-03,US_SHIFT,3,N,N,N
L102273,Affiliate,USA,America/New_York,2026-06-16 07:43,,AD-04,US_SHIFT,2,N,N,N
L101634,Meta,USA,America/New_York,2026-07-02 08:42,,AD-11,SEA_SHIFT,4,N,N,N
L100194,Google,USA,America/New_York,2026-06-29 06:06,2026-07-01 20:50,AD-02,US_SHIFT,1,N,N,N
L103190,Affiliate,Vietnam,Asia/Ho_Chi_Minh,2026-06-05 12:11,2026-06-11 07:56,AD-12,US_SHIFT,5,Y,Y,N
L100770,Meta,Singapore,Asia/Singapore,2026-06-05 17:17,2026-06-10 11:49,AD-10,SEA_SHIFT,3,Y,Y,Y
L100616,Meta,India,Asia/Kolkata,2026-07-23 16:15,,AD-10,SEA_SHIFT,2,N,N,N
L104079,Referral,Vietnam,Asia/Ho_Chi_Minh,2026-06-13 13:05,2026-06-13 17:25,AD-04,US_SHIFT,2,Y,Y,N
L103613,Meta,UK,Europe/London,2026-07-13 08:00,,AD-03,US_SHIFT,3,N,N,N
L102447,Meta,USA,America/New_York,2026-07-14 13:12,2026-07-14 23:03,AD-07,IST_SHIFT,2,Y,Y,Y
L101095,Affiliate,UK,Europe/London,2026-06-28 17:51,2026-06-29 07:01,AD-06,IST_SHIFT,0,Y,Y,N
L102421,DSA,Australia,Australia/Sydney,2026-07-05 22:14,2026-07-11 06:45,AD-06,IST_SHIFT,0,N,N,N
L104030,Meta,USA,America/New_York,2026-07-12 02:43,2026-07-17 21:58,AD-05,IST_SHIFT,1,N,N,N
L102466,Organic,Singapore,Asia/Singapore,2026-06-09 17:52,2026-06-12 16:10,AD-12,US_SHIFT,2,Y,Y,Y
L103598,Meta,UAE,Asia/Dubai,2026-07-12 06:01,2026-07-13 07:00,AD-04,US_SHIFT,2,Y,Y,N
L103765,Meta,India,Asia/Kolkata,2026-07-29 16:41,,AD-04,US_SHIFT,2,N,N,N
L101178,Meta,USA,America/New_York,2026-06-08 00:45,2026-06-11 00:53,AD-10,SEA_SHIFT,1,N,N,N
L104440,Meta,USA,America/New_York,2026-06-25 10:52,2026-07-01 09:56,AD-01,US_SHIFT,1,Y,Y,N
L100446,Google,India,Asia/Kolkata,2026-06-25 16:17,2026-06-30 22:02,AD-03,US_SHIFT,1,N,N,N
L100172,Google,Singapore,Asia/Singapore,2026-07-21 00:31,,AD-07,IST_SHIFT,1,N,N,N
L104285,Meta,Singapore,Asia/Singapore,2026-07-17 06:19,2026-07-17 15:30,AD-05,IST_SHIFT,3,Y,Y,Y
L103816,DSA,USA,America/New_York,2026-06-17 08:58,2026-06-17 23:27,AD-04,US_SHIFT,4,Y,N,N
L101179,Meta,USA,America/New_York,2026-06-07 21:52,,AD-05,IST_SHIFT,1,N,N,N
L100732,DSA,Saudi Arabia,Asia/Riyadh,2026-06-04 12:39,,AD-06,IST_SHIFT,2,N,N,N
L101901,Google,Saudi Arabia,Asia/Riyadh,2026-07-29 14:52,2026-08-02 18:50,AD-04,US_SHIFT,1,N,N,N
L102670,Meta,Saudi Arabia,Asia/Riyadh,2026-07-16 03:16,2026-07-16 12:08,AD-08,IST_SHIFT,0,N,N,N
L101124,Meta,USA,America/New_York,2026-07-06 12:39,2026-07-11 17:03,AD-05,IST_SHIFT,4,N,N,N
L102646,DSA,UAE,Asia/Dubai,2026-06-05 14:46,2026-06-06 08:44,AD-10,SEA_SHIFT,0,Y,Y,N
L102338,Organic,Vietnam,Asia/Ho_Chi_Minh,2026-07-22 15:50,,AD-06,IST_SHIFT,1,N,N,N
L100318,Organic,UAE,Asia/Dubai,2026-07-10 20:45,,AD-09,IST_SHIFT,2,N,N,N
L104036,Organic,Vietnam,Asia/Ho_Chi_Minh,2026-07-28 20:33,2026-07-30 18:29,AD-11,SEA_SHIFT,4,Y,Y,N
L101003,Google,Saudi Arabia,Asia/Riyadh,2026-07-20 13:28,2026-07-21 16:17,AD-05,IST_SHIFT,2,Y,Y,N
L102725,Affiliate,Australia,Australia/Sydney,2026-07-19 07:09,,AD-08,IST_SHIFT,3,N,N,N
L104154,Meta,UAE,Asia/Dubai,2026-07-08 03:06,,AD-03,US_SHIFT,1,N,N,N
L101391,Organic,USA,America/New_York,2026-07-01 12:08,,AD-09,IST_SHIFT,1,N,N,N
L103677,Referral,USA,America/New_York,2026-07-27 09:55,2026-07-28 08:06,AD-06,IST_SHIFT,2,Y,Y,N
L103159,Meta,Australia,Australia/Sydney,2026-07-30 05:25,2026-07-30 07:28,AD-06,IST_SHIFT,0,Y,N,N
L100981,Google,India,Asia/Kolkata,2026-06-14 07:48,2026-06-22 19:54,AD-08,IST_SHIFT,7,N,N,N
L102761,Google,Vietnam,Asia/Ho_Chi_Minh,2026-06-10 14:28,2026-06-11 07:35,AD-09,IST_SHIFT,0,N,N,N
L101206,Referral,Singapore,Asia/Singapore,2026-07-12 22:48,,AD-04,US_SHIFT,1,N,N,N
L100594,Organic,Vietnam,Asia/Ho_Chi_Minh,2026-07-31 17:56,,AD-07,IST_SHIFT,4,N,N,N
L103945,Organic,USA,America/New_York,2026-07-28 06:12,,AD-06,IST_SHIFT,1,N,N,N
L102120,Meta,Saudi Arabia,Asia/Riyadh,2026-07-14 15:49,2026-07-19 05:32,AD-07,IST_SHIFT,2,Y,N,N
L103814,DSA,Saudi Arabia,Asia/Riyadh,2026-06-26 00:11,,AD-11,SEA_SHIFT,9,N,N,N
L104720,Meta,India,Asia/Kolkata,2026-06-02 07:44,2026-06-06 21:23,AD-03,US_SHIFT,2,Y,Y,N
L102432,Organic,USA,America/New_York,2026-07-17 10:03,2026-07-21 05:30,AD-05,IST_SHIFT,3,N,N,N
L101406,Google,Vietnam,Asia/Ho_Chi_Minh,2026-07-31 03:16,,AD-01,US_SHIFT,2,N,N,N
L100739,DSA,India,Asia/Kolkata,2026-06-26 21:33,2026-07-04 16:42,AD-04,US_SHIFT,2,N,N,N
L104286,Meta,Saudi Arabia,Asia/Riyadh,2026-07-28 04:21,2026-08-01 14:39,AD-01,US_SHIFT,6,Y,Y,Y
L100921,Meta,USA,America/New_York,2026-06-13 01:39,,AD-04,US_SHIFT,0,N,N,N
L102547,Meta,Australia,Australia/Sydney,2026-07-27 11:43,,AD-09,IST_SHIFT,5,N,N,N
L103571,Organic,USA,America/New_York,2026-06-08 22:11,,AD-08,IST_SHIFT,3,N,N,N
L102740,Google,Vietnam,Asia/Ho_Chi_Minh,2026-07-22 20:12,2026-07-30 04:39,AD-02,US_SHIFT,2,N,N,N
L103062,Google,USA,America/New_York,2026-06-08 15:18,,AD-02,US_SHIFT,2,N,N,N
L100699,Affiliate,USA,America/New_York,2026-07-19 18:47,,AD-11,SEA_SHIFT,1,N,N,N
L104649,Meta,USA,America/New_York,2026-06-20 17:23,2026-06-21 17:13,AD-04,US_SHIFT,4,Y,Y,N
L101602,Google,Australia,Australia/Sydney,2026-06-22 08:05,,AD-09,IST_SHIFT,0,N,N,N
L102395,Google,Vietnam,Asia/Ho_Chi_Minh,2026-07-06 00:13,2026-07-08 19:11,AD-07,IST_SHIFT,1,N,N,N
L102077,Google,UK,Europe/London,2026-06-01 08:16,2026-06-01 09:52,AD-01,US_SHIFT,1,Y,N,N
L100473,Organic,UK,Europe/London,2026-07-28 03:16,,AD-09,IST_SHIFT,5,N,N,N
L100138,Meta,USA,America/New_York,2026-06-20 01:45,,AD-09,IST_SHIFT,1,N,N,N
L103756,Google,USA,America/New_York,2026-07-31 05:28,,AD-07,IST_SHIFT,0,N,N,N
L103021,Google,USA,America/New_York,2026-07-31 08:34,2026-08-01 11:45,AD-08,IST_SHIFT,1,Y,Y,N
L100474,Meta,India,Asia/Kolkata,2026-06-23 04:38,,AD-11,SEA_SHIFT,1,N,N,N
L102244,Organic,UAE,Asia/Dubai,2026-07-25 15:39,,AD-03,US_SHIFT,4,N,N,N
L100328,Affiliate,India,Asia/Kolkata,2026-06-10 11:08,,AD-01,US_SHIFT,2,N,N,N
L104047,Meta,UAE,Asia/Dubai,2026-06-14 10:41,2026-06-18 17:09,AD-04,US_SHIFT,1,N,N,N
L103006,Meta,India,Asia/Kolkata,2026-06-29 21:07,,AD-06,IST_SHIFT,2,N,N,N
L104856,Meta,USA,America/New_York,2026-07-01 13:24,2026-07-04 14:07,AD-09,IST_SHIFT,0,Y,Y,Y
L100746,Meta,India,Asia/Kolkata,2026-06-25 11:35,2026-06-25 20:12,AD-09,IST_SHIFT,1,Y,Y,N
L104597,DSA,USA,America/New_York,2026-07-03 18:48,,AD-10,SEA_SHIFT,2,N,N,N
L103377,Google,Vietnam,Asia/Ho_Chi_Minh,2026-06-27 15:11,2026-06-28 07:21,AD-05,IST_SHIFT,0,N,N,N
L102780,Google,Australia,Australia/Sydney,2026-06-21 11:43,,AD-12,US_SHIFT,2,N,N,N
L102082,Meta,Vietnam,Asia/Ho_Chi_Minh,2026-06-18 15:57,2026-06-19 07:41,AD-03,US_SHIFT,0,Y,Y,N
L102996,Google,India,Asia/Kolkata,2026-07-24 00:17,,AD-12,US_SHIFT,2,N,N,N
L102103,Affiliate,USA,America/New_York,2026-07-04 06:41,2026-07-09 17:06,AD-02,US_SHIFT,1,Y,Y,N
L102626,Meta,Vietnam,Asia/Ho_Chi_Minh,2026-07-10 14:32,,AD-12,US_SHIFT,3,N,N,N
L104105,Meta,Singapore,Asia/Singapore,2026-07-25 13:43,,AD-07,IST_SHIFT,3,N,N,N
L102498,Meta,Australia,Australia/Sydney,2026-07-09 22:36,2026-07-14 07:59,AD-03,US_SHIFT,3,Y,Y,N
L103105,Meta,UK,Europe/London,2026-07-14 23:13,2026-07-19 08:25,AD-01,US_SHIFT,4,N,N,N
L101170,Organic,UK,Europe/London,2026-06-12 23:58,,AD-01,US_SHIFT,8,N,N,N
L101335,Google,UK,Europe/London,2026-07-07 05:10,2026-07-07 14:22,AD-09,IST_SHIFT,1,Y,Y,N
L102659,Meta,UK,Europe/London,2026-07-09 10:55,2026-07-16 04:17,AD-12,US_SHIFT,1,N,N,N
L100207,Google,USA,America/New_York,2026-06-22 13:53,2026-06-23 04:09,AD-10,SEA_SHIFT,2,N,N,N
L103832,Organic,India,Asia/Kolkata,2026-07-04 04:37,2026-07-05 03:16,AD-02,US_SHIFT,0,Y,Y,N
L104420,Referral,USA,America/New_York,2026-06-11 21:23,2026-06-15 17:25,AD-05,IST_SHIFT,2,N,N,N
L101873,Meta,Vietnam,Asia/Ho_Chi_Minh,2026-07-28 07:48,2026-07-29 23:26,AD-02,US_SHIFT,1,Y,Y,N
L102933,DSA,Singapore,Asia/Singapore,2026-06-13 09:57,2026-06-14 07:46,AD-01,US_SHIFT,2,Y,Y,N
L104306,Meta,USA,America/New_York,2026-06-03 08:12,2026-06-04 03:26,AD-10,SEA_SHIFT,1,N,N,N
L104621,Meta,Vietnam,Asia/Ho_Chi_Minh,2026-06-01 13:44,2026-06-03 15:58,AD-11,SEA_SHIFT,2,Y,Y,N
L101422,Meta,USA,America/New_York,2026-07-24 01:50,,AD-08,IST_SHIFT,3,N,N,N
L104939,Meta,Singapore,Asia/Singapore,2026-06-20 02:25,,AD-05,IST_SHIFT,3,N,N,N
L102853,Google,UK,Europe/London,2026-06-28 23:07,2026-07-01 05:05,AD-11,SEA_SHIFT,5,Y,Y,N
L102392,Organic,Singapore,Asia/Singapore,2026-07-18 17:07,2026-07-19 19:04,AD-07,IST_SHIFT,2,N,N,N
L104684,Meta,Vietnam,Asia/Ho_Chi_Minh,2026-06-07 18:39,2026-06-08 11:14,AD-02,US_SHIFT,1,Y,N,N
L102981,Google,Vietnam,Asia/Ho_Chi_Minh,2026-07-29 16:28,2026-08-01 21:48,AD-02,US_SHIFT,1,N,N,N
L103313,Affiliate,USA,America/New_York,2026-07-10 12:26,2026-07-11 19:54,AD-07,IST_SHIFT,1,N,N,N
L102522,Meta,UAE,Asia/Dubai,2026-07-13 10:11,2026-07-13 17:26,AD-10,SEA_SHIFT,1,Y,Y,N
L100500,Referral,India,Asia/Kolkata,2026-06-13 22:06,2026-06-14 20:56,AD-04,US_SHIFT,2,N,N,N
L102406,Meta,USA,America/New_York,2026-07-11 17:53,2026-07-14 22:04,AD-06,IST_SHIFT,4,Y,Y,Y
L104059,Meta,USA,America/New_York,2026-06-11 11:07,2026-06-12 23:04,AD-01,US_SHIFT,1,Y,Y,Y
L103038,Referral,USA,America/New_York,2026-07-16 03:07,,AD-05,IST_SHIFT,7,N,N,N
L103942,Google,Australia,Australia/Sydney,2026-07-30 23:29,2026-07-31 06:13,AD-02,US_SHIFT,1,N,N,N
L104685,Meta,UK,Europe/London,2026-07-10 10:39,,AD-10,SEA_SHIFT,0,N,N,N
L102343,Meta,USA,America/New_York,2026-07-31 03:50,,AD-12,US_SHIFT,3,N,N,N
L102413,Meta,India,Asia/Kolkata,2026-06-16 05:09,2026-06-16 08:08,AD-05,IST_SHIFT,2,Y,Y,N
L103899,Meta,Saudi Arabia,Asia/Riyadh,2026-06-05 03:54,2026-06-06 05:23,AD-12,US_SHIFT,2,Y,Y,N
L102893,Google,UK,Europe/London,2026-07-01 08:45,,AD-09,IST_SHIFT,2,N,N,N
L103283,Meta,India,Asia/Kolkata,2026-06-10 04:01,,AD-12,US_SHIFT,5,N,N,N
L104644,Google,USA,America/New_York,2026-07-06 14:36,2026-07-09 12:27,AD-02,US_SHIFT,2,N,N,N
L101390,Affiliate,Vietnam,Asia/Ho_Chi_Minh,2026-07-07 01:57,,AD-03,US_SHIFT,3,N,N,N
L102414,Google,UAE,Asia/Dubai,2026-06-15 02:29,2026-06-18 06:27,AD-07,IST_SHIFT,2,N,N,N
L100767,Organic,Singapore,Asia/Singapore,2026-06-29 03:02,2026-07-02 15:58,AD-03,US_SHIFT,1,Y,Y,N
L101537,Affiliate,UAE,Asia/Dubai,2026-06-15 11:27,,AD-04,US_SHIFT,5,N,N,N
L104417,Affiliate,UAE,Asia/Dubai,2026-06-12 17:38,2026-06-13 16:46,AD-02,US_SHIFT,2,N,N,N
L100188,Meta,USA,America/New_York,2026-06-25 03:28,2026-06-26 19:45,AD-02,US_SHIFT,0,N,N,N
L104922,Affiliate,Vietnam,Asia/Ho_Chi_Minh,2026-06-12 06:21,,AD-07,IST_SHIFT,1,N,N,N
L104808,Google,USA,America/New_York,2026-07-18 14:36,2026-07-19 17:55,AD-12,US_SHIFT,2,Y,Y,N
L101146,DSA,USA,America/New_York,2026-06-24 11:22,2026-06-25 05:10,AD-08,IST_SHIFT,1,N,N,N
L104752,Meta,USA,America/New_York,2026-07-13 06:01,,AD-02,US_SHIFT,1,N,N,N
L104502,Affiliate,USA,America/New_York,2026-07-31 00:05,,AD-12,US_SHIFT,1,N,N,N
L104424,Meta,UK,Europe/London,2026-06-13 10:11,2026-06-16 09:10,AD-06,IST_SHIFT,0,Y,Y,N
L101459,Meta,UAE,Asia/Dubai,2026-06-24 10:03,,AD-09,IST_SHIFT,1,N,N,N
L103983,Affiliate,Australia,Australia/Sydney,2026-06-21 09:17,2026-06-21 11:30,AD-02,US_SHIFT,3,N,N,N
L101793,Google,Vietnam,Asia/Ho_Chi_Minh,2026-06-13 16:47,2026-06-15 02:21,AD-05,IST_SHIFT,0,Y,Y,N
L104857,Google,Saudi Arabia,Asia/Riyadh,2026-06-19 02:37,2026-06-19 07:23,AD-06,IST_SHIFT,1,Y,Y,N
L101990,Google,Vietnam,Asia/Ho_Chi_Minh,2026-07-14 07:33,2026-07-14 14:14,AD-02,US_SHIFT,2,N,N,N
L102397,Meta,USA,America/New_York,2026-06-25 17:02,2026-06-29 14:23,AD-05,IST_SHIFT,2,Y,Y,N
L100427,Meta,UAE,Asia/Dubai,2026-07-13 18:52,,AD-12,US_SHIFT,3,N,N,N
L104693,DSA,Singapore,Asia/Singapore,2026-06-12 09:55,2026-06-15 05:26,AD-05,IST_SHIFT,1,N,N,N
L103666,Organic,UAE,Asia/Dubai,2026-06-14 22:04,2026-06-18 22:55,AD-07,IST_SHIFT,3,N,N,N
L100909,DSA,Vietnam,Asia/Ho_Chi_Minh,2026-06-28 20:22,2026-06-29 16:17,AD-06,IST_SHIFT,2,N,N,N
L101561,Google,Vietnam,Asia/Ho_Chi_Minh,2026-07-02 08:12,2026-07-03 13:46,AD-09,IST_SHIFT,0,N,N,N
L102461,Meta,USA,America/New_York,2026-07-18 17:22,2026-07-22 23:29,AD-07,IST_SHIFT,4,N,N,N
L101458,DSA,Vietnam,Asia/Ho_Chi_Minh,2026-07-13 19:37,,AD-06,IST_SHIFT,0,N,N,N
L100700,DSA,USA,America/New_York,2026-06-30 06:48,2026-07-06 04:59,AD-06,IST_SHIFT,1,Y,Y,Y
L103067,Organic,USA,America/New_York,2026-06-27 03:30,,AD-08,IST_SHIFT,1,N,N,N
L103795,Meta,USA,America/New_York,2026-07-13 01:22,2026-07-14 10:24,AD-12,US_SHIFT,2,Y,Y,N
L101398,Google,India,Asia/Kolkata,2026-07-19 20:51,,AD-06,IST_SHIFT,4,N,N,N
L100054,Meta,UK,Europe/London,2026-07-08 13:29,2026-07-10 09:22,AD-10,SEA_SHIFT,3,Y,Y,N
L103303,Meta,UK,Europe/London,2026-06-23 14:00,2026-06-23 20:11,AD-03,US_SHIFT,3,Y,Y,N
L101584,Meta,UAE,Asia/Dubai,2026-06-23 16:04,2026-07-01 04:07,AD-11,SEA_SHIFT,0,N,N,N
L104778,Meta,UAE,Asia/Dubai,2026-07-05 23:13,2026-07-08 18:03,AD-07,IST_SHIFT,3,N,N,N
L101058,Organic,USA,America/New_York,2026-07-21 23:25,2026-07-23 04:01,AD-06,IST_SHIFT,1,Y,Y,N
L104913,Meta,Australia,Australia/Sydney,2026-07-08 20:47,,AD-01,US_SHIFT,0,N,N,N
L101845,Meta,India,Asia/Kolkata,2026-06-10 06:39,2026-06-15 23:57,AD-10,SEA_SHIFT,4,N,N,N
L103961,Meta,USA,America/New_York,2026-06-03 13:35,2026-06-04 03:46,AD-08,IST_SHIFT,4,Y,Y,Y
L103445,Affiliate,USA,America/New_York,2026-07-27 10:17,,AD-09,IST_SHIFT,5,N,N,N
L103324,Meta,Vietnam,Asia/Ho_Chi_Minh,2026-07-02 04:33,,AD-05,IST_SHIFT,3,N,N,N
L100788,Meta,Vietnam,Asia/Ho_Chi_Minh,2026-06-26 14:46,2026-06-26 21:42,AD-10,SEA_SHIFT,1,Y,Y,N
L104400,Meta,UK,Europe/London,2026-07-14 19:55,2026-07-15 00:50,AD-12,US_SHIFT,4,Y,Y,Y
L101965,Organic,UAE,Asia/Dubai,2026-07-04 09:08,2026-07-04 13:07,AD-04,US_SHIFT,2,N,N,N
L104119,Organic,UK,Europe/London,2026-07-02 05:17,2026-07-03 00:23,AD-09,IST_SHIFT,2,Y,Y,N
L100210,DSA,Vietnam,Asia/Ho_Chi_Minh,2026-06-23 00:57,2026-06-27 23:15,AD-12,US_SHIFT,2,N,N,N
L101598,Meta,Australia,Australia/Sydney,2026-06-20 05:15,2026-06-20 08:07,AD-01,US_SHIFT,1,Y,Y,N
L100588,Meta,UK,Europe/London,2026-07-17 09:15,2026-07-17 19:26,AD-03,US_SHIFT,2,Y,Y,N
L102167,Google,UAE,Asia/Dubai,2026-07-11 08:40,2026-07-12 03:13,AD-02,US_SHIFT,1,Y,Y,N
L101137,Organic,Australia,Australia/Sydney,2026-07-02 21:55,,AD-03,US_SHIFT,2,N,N,N
L102242,Google,USA,America/New_York,2026-07-31 05:25,,AD-11,SEA_SHIFT,2,N,N,N
L103037,Meta,USA,America/New_York,2026-07-17 16:18,,AD-04,US_SHIFT,2,N,N,N
L102117,Affiliate,Vietnam,Asia/Ho_Chi_Minh,2026-07-13 12:30,,AD-01,US_SHIFT,2,N,N,N
L103944,Google,UK,Europe/London,2026-06-13 13:12,,AD-08,IST_SHIFT,4,N,N,N
L101807,DSA,Singapore,Asia/Singapore,2026-07-19 10:54,2026-07-21 09:40,AD-08,IST_SHIFT,2,Y,Y,N
L102534,Affiliate,UK,Europe/London,2026-06-27 04:47,,AD-08,IST_SHIFT,3,N,N,N
L101521,Google,USA,America/New_York,2026-06-26 14:53,2026-06-26 19:20,AD-02,US_SHIFT,3,Y,Y,N
L104980,Affiliate,Vietnam,Asia/Ho_Chi_Minh,2026-06-19 00:43,2026-06-19 14:25,AD-09,IST_SHIFT,1,Y,Y,N
L102425,Google,Vietnam,Asia/Ho_Chi_Minh,2026-06-08 22:57,2026-06-14 02:37,AD-03,US_SHIFT,1,N,N,N
L100960,Referral,USA,America/New_York,2026-06-29 05:24,2026-06-29 10:40,AD-11,SEA_SHIFT,2,Y,Y,Y
L101114,Meta,Vietnam,Asia/Ho_Chi_Minh,2026-07-26 23:05,2026-07-27 20:39,AD-02,US_SHIFT,2,N,N,N
L104510,Meta,India,Asia/Kolkata,2026-06-26 17:35,2026-06-27 06:30,AD-03,US_SHIFT,2,Y,Y,N
L103702,DSA,UAE,Asia/Dubai,2026-06-12 17:52,,AD-01,US_SHIFT,4,N,N,N
L102378,Meta,Vietnam,Asia/Ho_Chi_Minh,2026-07-31 14:29,2026-08-03 15:57,AD-12,US_SHIFT,1,N,N,N
L104537,Meta,Vietnam,Asia/Ho_Chi_Minh,2026-07-30 14:18,,AD-04,US_SHIFT,3,N,N,N
L102631,Meta,Vietnam,Asia/Ho_Chi_Minh,2026-06-01 06:27,2026-06-07 15:07,AD-09,IST_SHIFT,7,N,N,N
L104177,Google,Singapore,Asia/Singapore,2026-06-07 21:40,2026-06-08 16:34,AD-09,IST_SHIFT,2,Y,Y,N
L101104,Meta,USA,America/New_York,2026-06-28 11:18,,AD-11,SEA_SHIFT,9,N,N,N
L103897,Meta,USA,America/New_York,2026-07-29 02:36,2026-08-02 09:04,AD-07,IST_SHIFT,4,N,N,N
L104954,Organic,Australia,Australia/Sydney,2026-07-17 15:29,,AD-01,US_SHIFT,1,N,N,N
L104989,Organic,Singapore,Asia/Singapore,2026-06-26 09:13,,AD-02,US_SHIFT,5,N,N,N
L104527,Meta,Saudi Arabia,Asia/Riyadh,2026-06-28 00:40,2026-06-29 01:05,AD-09,IST_SHIFT,1,Y,Y,N
L104515,Organic,Singapore,Asia/Singapore,2026-07-25 09:10,,AD-07,IST_SHIFT,5,N,N,N
L104715,Google,USA,America/New_York,2026-06-21 09:38,2026-06-24 07:31,AD-11,SEA_SHIFT,2,N,N,N
L104318,Affiliate,UAE,Asia/Dubai,2026-07-21 21:33,,AD-12,US_SHIFT,2,N,N,N
L104314,DSA,USA,America/New_York,2026-06-02 23:12,,AD-01,US_SHIFT,2,N,N,N
L104410,Referral,India,Asia/Kolkata,2026-06-03 12:10,2026-06-03 14:53,AD-01,US_SHIFT,2,N,N,N
L103390,Google,India,Asia/Kolkata,2026-07-21 01:35,2026-07-24 20:13,AD-08,IST_SHIFT,3,N,N,N
L100187,Google,UK,Europe/London,2026-06-19 16:25,,AD-04,US_SHIFT,1,N,N,N
L101090,Google,UAE,Asia/Dubai,2026-07-03 02:40,,AD-08,IST_SHIFT,1,N,N,N
L104299,Google,USA,America/New_York,2026-06-22 22:11,2026-06-23 06:36,AD-02,US_SHIFT,1,Y,Y,N
L104091,Organic,UAE,Asia/Dubai,2026-07-28 23:47,2026-08-05 01:31,AD-10,SEA_SHIFT,4,Y,Y,N
L103612,Meta,UAE,Asia/Dubai,2026-06-11 07:19,,AD-04,US_SHIFT,0,N,N,N
L100305,Google,UAE,Asia/Dubai,2026-06-21 18:48,,AD-02,US_SHIFT,3,N,N,N
L100661,Affiliate,UK,Europe/London,2026-06-05 23:20,2026-06-06 11:43,AD-08,IST_SHIFT,0,N,N,N
L102805,DSA,UAE,Asia/Dubai,2026-07-15 15:15,2026-07-20 17:24,AD-04,US_SHIFT,3,N,N,N
L100678,Meta,USA,America/New_York,2026-06-05 13:20,2026-06-11 17:47,AD-05,IST_SHIFT,3,N,N,N
L102169,Google,USA,America/New_York,2026-06-30 16:48,,AD-03,US_SHIFT,1,N,N,N
L104175,Google,USA,America/New_York,2026-07-27 16:03,,AD-03,US_SHIFT,2,N,N,N
L100562,Meta,UK,Europe/London,2026-06-27 05:11,2026-06-27 13:30,AD-03,US_SHIFT,1,N,N,N
L101059,Meta,Saudi Arabia,Asia/Riyadh,2026-06-08 13:56,2026-06-08 22:37,AD-11,SEA_SHIFT,4,Y,Y,N
L101262,Meta,USA,America/New_York,2026-07-26 13:45,2026-07-27 03:49,AD-10,SEA_SHIFT,0,N,N,N
L102857,Meta,USA,America/New_York,2026-06-25 07:50,2026-06-27 19:43,AD-01,US_SHIFT,2,Y,Y,N
L102000,Google,UK,Europe/London,2026-06-10 20:08,2026-06-11 13:46,AD-08,IST_SHIFT,2,N,N,N
L103492,Meta,UAE,Asia/Dubai,2026-06-19 04:53,,AD-02,US_SHIFT,1,N,N,N
L104934,Meta,USA,America/New_York,2026-06-29 09:41,,AD-05,IST_SHIFT,1,N,N,N
L102757,Google,USA,America/New_York,2026-06-12 03:33,,AD-12,US_SHIFT,0,N,N,N
L100889,DSA,India,Asia/Kolkata,2026-07-12 12:44,2026-07-12 15:15,AD-05,IST_SHIFT,3,Y,Y,N
L100985,Meta,USA,America/New_York,2026-07-19 06:43,,AD-09,IST_SHIFT,3,N,N,N
L100183,Google,USA,America/New_York,2026-06-22 17:13,2026-06-22 20:59,AD-03,US_SHIFT,2,Y,Y,N
L101625,Meta,UAE,Asia/Dubai,2026-06-06 21:33,,AD-04,US_SHIFT,3,N,N,N
L102717,Affiliate,Singapore,Asia/Singapore,2026-07-03 14:17,2026-07-04 19:11,AD-09,IST_SHIFT,2,Y,Y,Y
L101435,DSA,India,Asia/Kolkata,2026-07-30 10:52,2026-08-02 11:08,AD-02,US_SHIFT,2,Y,Y,N
L101940,Google,USA,America/New_York,2026-07-27 16:25,2026-08-05 14:59,AD-04,US_SHIFT,3,Y,Y,N
L100674,Meta,USA,America/New_York,2026-07-20 06:22,2026-07-22 17:13,AD-09,IST_SHIFT,1,N,N,N
L102509,Organic,Saudi Arabia,Asia/Riyadh,2026-06-13 14:05,,AD-10,SEA_SHIFT,3,N,N,N
L104525,Google,USA,America/New_York,2026-07-30 14:48,2026-08-02 19:00,AD-12,US_SHIFT,1,Y,Y,Y
L102842,Organic,USA,America/New_York,2026-06-06 17:42,2026-06-10 17:57,AD-03,US_SHIFT,1,N,N,N
L102927,Google,Australia,Australia/Sydney,2026-07-28 15:57,2026-07-29 08:27,AD-03,US_SHIFT,0,N,N,N
L101381,Meta,Saudi Arabia,Asia/Riyadh,2026-06-12 15:22,,AD-09,IST_SHIFT,2,N,N,N
L101564,Meta,USA,America/New_York,2026-06-05 17:59,2026-06-06 16:02,AD-10,SEA_SHIFT,3,Y,N,N
L101549,Meta,India,Asia/Kolkata,2026-06-21 11:14,2026-06-21 16:48,AD-06,IST_SHIFT,2,Y,Y,N
L101489,Meta,USA,America/New_York,2026-06-18 23:29,2026-06-19 22:43,AD-11,SEA_SHIFT,3,N,N,N
L104071,Affiliate,Saudi Arabia,Asia/Riyadh,2026-06-09 16:14,,AD-03,US_SHIFT,4,N,N,N
L104478,Meta,Vietnam,Asia/Ho_Chi_Minh,2026-07-27 06:09,2026-07-27 12:38,AD-08,IST_SHIFT,1,Y,Y,Y
L102152,Meta,USA,America/New_York,2026-06-28 09:57,,AD-12,US_SHIFT,4,N,N,N
L101498,Google,Vietnam,Asia/Ho_Chi_Minh,2026-06-01 08:54,2026-06-02 12:00,AD-05,IST_SHIFT,1,N,N,N
L102881,Meta,Saudi Arabia,Asia/Riyadh,2026-06-01 05:40,2026-06-01 19:59,AD-09,IST_SHIFT,0,Y,Y,N
L103087,Organic,UK,Europe/London,2026-07-02 18:43,2026-07-04 01:07,AD-01,US_SHIFT,1,Y,Y,N
L103464,Google,USA,America/New_York,2026-07-02 15:22,,AD-12,US_SHIFT,0,N,N,N
L104935,Meta,India,Asia/Kolkata,2026-06-12 07:34,2026-06-13 08:33,AD-02,US_SHIFT,0,Y,N,N
L104852,Meta,USA,America/New_York,2026-07-11 13:34,2026-07-12 01:26,AD-07,IST_SHIFT,0,Y,Y,N
L103199,Google,USA,America/New_York,2026-06-07 18:42,,AD-09,IST_SHIFT,2,N,N,N
L100831,DSA,Saudi Arabia,Asia/Riyadh,2026-07-13 23:04,,AD-07,IST_SHIFT,4,N,N,N
L102749,Affiliate,USA,America/New_York,2026-06-30 06:46,2026-07-01 02:32,AD-01,US_SHIFT,1,Y,Y,Y
L100229,DSA,Saudi Arabia,Asia/Riyadh,2026-06-30 20:56,2026-07-01 14:05,AD-02,US_SHIFT,0,Y,N,N
L101648,Meta,Vietnam,Asia/Ho_Chi_Minh,2026-06-27 16:54,2026-06-29 00:01,AD-12,US_SHIFT,3,Y,N,N
L103360,Google,Saudi Arabia,Asia/Riyadh,2026-07-07 03:13,2026-07-11 15:30,AD-06,IST_SHIFT,3,Y,Y,Y
L104383,Google,UAE,Asia/Dubai,2026-07-21 17:02,2026-07-26 18:59,AD-09,IST_SHIFT,2,N,N,N
L100718,DSA,Saudi Arabia,Asia/Riyadh,2026-06-20 16:47,2026-06-20 19:33,AD-01,US_SHIFT,1,Y,Y,N
L102681,Affiliate,USA,America/New_York,2026-06-16 01:08,,AD-09,IST_SHIFT,3,N,N,N
L102862,Organic,Vietnam,Asia/Ho_Chi_Minh,2026-07-25 17:38,2026-07-26 21:06,AD-12,US_SHIFT,1,N,N,N
L104780,Meta,Vietnam,Asia/Ho_Chi_Minh,2026-07-03 23:20,,AD-02,US_SHIFT,3,N,N,N
L101196,Meta,Vietnam,Asia/Ho_Chi_Minh,2026-07-12 11:48,2026-07-16 20:50,AD-12,US_SHIFT,2,N,N,N
L100622,Organic,USA,America/New_York,2026-07-18 23:29,2026-07-23 04:55,AD-02,US_SHIFT,1,Y,Y,N
L104707,Meta,India,Asia/Kolkata,2026-06-03 16:25,,AD-12,US_SHIFT,0,N,N,N
L102116,Google,UAE,Asia/Dubai,2026-07-06 23:50,,AD-06,IST_SHIFT,2,N,N,N
L104366,Meta,USA,America/New_York,2026-06-23 10:33,2026-06-24 11:27,AD-06,IST_SHIFT,0,Y,Y,N
L102341,Meta,USA,America/New_York,2026-07-10 10:49,2026-07-17 14:12,AD-06,IST_SHIFT,0,N,N,N
L101806,Organic,Australia,Australia/Sydney,2026-06-14 01:26,2026-06-15 03:45,AD-09,IST_SHIFT,3,Y,Y,Y
L102835,Referral,USA,America/New_York,2026-07-05 03:13,2026-07-06 09:27,AD-07,IST_SHIFT,3,Y,Y,N
L103609,Google,USA,America/New_York,2026-06-24 23:03,2026-06-28 05:29,AD-11,SEA_SHIFT,2,Y,Y,Y
L104374,Meta,USA,America/New_York,2026-06-28 00:26,,AD-03,US_SHIFT,3,N,N,N
L101557,DSA,Australia,Australia/Sydney,2026-06-04 11:06,2026-06-05 02:46,AD-10,SEA_SHIFT,0,Y,Y,N
L102234,Referral,India,Asia/Kolkata,2026-06-23 05:48,2026-06-25 04:53,AD-04,US_SHIFT,3,Y,Y,N
L100737,Google,USA,America/New_York,2026-07-21 23:36,2026-07-23 03:44,AD-07,IST_SHIFT,3,Y,Y,N
L100798,Meta,Australia,Australia/Sydney,2026-07-04 21:52,,AD-02,US_SHIFT,4,N,N,N
L104653,Meta,USA,America/New_York,2026-07-11 16:12,,AD-12,US_SHIFT,1,N,N,N
L104380,Meta,Australia,Australia/Sydney,2026-07-05 01:29,2026-07-05 15:16,AD-06,IST_SHIFT,2,Y,Y,Y
L100387,DSA,USA,America/New_York,2026-06-04 23:26,2026-06-05 18:15,AD-08,IST_SHIFT,4,Y,N,N
L103538,DSA,Saudi Arabia,Asia/Riyadh,2026-06-16 06:24,2026-06-16 12:37,AD-01,US_SHIFT,1,Y,Y,N
L100979,Meta,Vietnam,Asia/Ho_Chi_Minh,2026-07-01 00:27,,AD-01,US_SHIFT,3,N,N,N
L103174,Organic,UK,Europe/London,2026-06-13 20:44,2026-06-17 07:08,AD-08,IST_SHIFT,5,Y,Y,N
L103457,Google,UK,Europe/London,2026-07-29 04:17,2026-07-30 17:38,AD-06,IST_SHIFT,1,N,N,N
L101791,Meta,UAE,Asia/Dubai,2026-06-17 21:45,,AD-04,US_SHIFT,1,N,N,N
L104129,Meta,Vietnam,Asia/Ho_Chi_Minh,2026-07-19 09:12,,AD-06,IST_SHIFT,1,N,N,N
L100708,Google,Vietnam,Asia/Ho_Chi_Minh,2026-07-25 03:32,2026-07-25 19:51,AD-06,IST_SHIFT,4,Y,Y,Y
L100950,DSA,Australia,Australia/Sydney,2026-07-11 00:11,2026-07-11 13:35,AD-10,SEA_SHIFT,2,Y,Y,N
L102079,Referral,India,Asia/Kolkata,2026-07-14 11:41,2026-07-17 14:56,AD-05,IST_SHIFT,2,Y,Y,Y
L104269,Meta,India,Asia/Kolkata,2026-06-14 20:26,,AD-09,IST_SHIFT,2,N,N,N
L100915,Meta,Vietnam,Asia/Ho_Chi_Minh,2026-06-03 10:02,2026-06-04 10:11,AD-02,US_SHIFT,2,Y,Y,Y
L101175,DSA,Vietnam,Asia/Ho_Chi_Minh,2026-06-27 03:30,2026-06-27 04:32,AD-08,IST_SHIFT,0,Y,Y,Y
L100681,Google,Saudi Arabia,Asia/Riyadh,2026-06-26 21:31,2026-07-03 05:43,AD-07,IST_SHIFT,2,Y,Y,N
L102345,Meta,USA,America/New_York,2026-06-07 04:48,2026-06-07 12:24,AD-06,IST_SHIFT,2,Y,Y,Y
L103384,Google,Vietnam,Asia/Ho_Chi_Minh,2026-07-09 21:08,2026-07-13 10:49,AD-04,US_SHIFT,0,N,N,N
L103092,Google,Vietnam,Asia/Ho_Chi_Minh,2026-07-27 11:59,,AD-10,SEA_SHIFT,1,N,N,N
L101591,Meta,India,Asia/Kolkata,2026-07-28 13:14,,AD-02,US_SHIFT,1,N,N,N
L101434,Google,UK,Europe/London,2026-06-13 11:14,2026-06-14 22:19,AD-06,IST_SHIFT,1,N,N,N
L100171,Google,UAE,Asia/Dubai,2026-06-16 00:56,,AD-01,US_SHIFT,1,N,N,N
L102296,Meta,Saudi Arabia,Asia/Riyadh,2026-06-02 22:44,,AD-01,US_SHIFT,0,N,N,N
L102794,DSA,USA,America/New_York,2026-06-27 14:16,,AD-08,IST_SHIFT,2,N,N,N
L102887,Organic,UAE,Asia/Dubai,2026-07-31 08:16,2026-07-31 21:54,AD-02,US_SHIFT,1,Y,N,N
L102264,Meta,UAE,Asia/Dubai,2026-06-20 09:46,2026-06-21 18:01,AD-10,SEA_SHIFT,3,Y,Y,Y
L100934,Referral,USA,America/New_York,2026-07-17 05:17,,AD-11,SEA_SHIFT,1,N,N,N
L104828,Affiliate,USA,America/New_York,2026-06-18 16:41,2026-06-19 06:58,AD-06,IST_SHIFT,2,Y,Y,N
L104702,Google,UAE,Asia/Dubai,2026-07-24 01:05,2026-07-24 06:34,AD-08,IST_SHIFT,0,Y,Y,N
L101921,Referral,Vietnam,Asia/Ho_Chi_Minh,2026-06-04 05:21,2026-06-04 11:54,AD-03,US_SHIFT,0,N,N,N
L101702,Meta,Vietnam,Asia/Ho_Chi_Minh,2026-07-23 02:30,2026-07-28 08:28,AD-07,IST_SHIFT,6,N,N,N
L100905,Google,USA,America/New_York,2026-06-22 12:19,,AD-02,US_SHIFT,1,N,N,N
L102781,Meta,USA,America/New_York,2026-06-03 21:09,,AD-08,IST_SHIFT,2,N,N,N
L103815,Meta,India,Asia/Kolkata,2026-06-03 02:24,2026-06-07 00:26,AD-09,IST_SHIFT,4,N,N,N
L104759,Affiliate,Saudi Arabia,Asia/Riyadh,2026-07-29 04:23,2026-08-02 11:44,AD-11,SEA_SHIFT,1,Y,Y,N
L104493,Google,USA,America/New_York,2026-06-29 07:04,,AD-12,US_SHIFT,2,N,N,N
L104155,Google,USA,America/New_York,2026-06-03 04:52,2026-06-06 20:07,AD-08,IST_SHIFT,2,Y,Y,Y
L104266,Meta,USA,America/New_York,2026-07-01 03:49,2026-07-04 07:08,AD-03,US_SHIFT,4,N,N,N
L103974,Google,Saudi Arabia,Asia/Riyadh,2026-07-02 07:23,2026-07-02 13:49,AD-03,US_SHIFT,1,N,N,N
L100453,Meta,Saudi Arabia,Asia/Riyadh,2026-07-02 13:30,2026-07-02 14:41,AD-05,IST_SHIFT,1,Y,Y,Y
L101060,Meta,UK,Europe/London,2026-06-11 13:20,2026-06-12 11:21,AD-02,US_SHIFT,1,N,N,N
L102976,Affiliate,USA,America/New_York,2026-06-15 09:33,2026-06-21 05:18,AD-08,IST_SHIFT,0,N,N,N
L100722,Google,Australia,Australia/Sydney,2026-07-27 08:07,,AD-10,SEA_SHIFT,0,N,N,N
L101423,Affiliate,Singapore,Asia/Singapore,2026-07-22 14:21,,AD-05,IST_SHIFT,0,N,N,N
L102892,DSA,USA,America/New_York,2026-06-27 23:53,2026-06-28 15:52,AD-01,US_SHIFT,1,Y,Y,N
L101118,Google,UK,Europe/London,2026-06-22 18:44,2026-07-02 02:33,AD-03,US_SHIFT,1,N,N,N
L103660,Affiliate,Australia,Australia/Sydney,2026-06-07 02:28,2026-06-07 08:31,AD-06,IST_SHIFT,1,Y,Y,N
L102016,Google,Vietnam,Asia/Ho_Chi_Minh,2026-07-17 09:46,2026-07-18 09:52,AD-09,IST_SHIFT,1,Y,Y,N
L103329,Meta,UK,Europe/London,2026-07-13 21:29,,AD-09,IST_SHIFT,2,N,N,N
L102272,Meta,Australia,Australia/Sydney,2026-07-14 02:48,,AD-11,SEA_SHIFT,0,N,N,N
L100886,Meta,USA,America/New_York,2026-06-28 03:26,,AD-01,US_SHIFT,1,N,N,N
L102174,Meta,UK,Europe/London,2026-06-07 07:33,,AD-04,US_SHIFT,0,N,N,N
L101323,Affiliate,UK,Europe/London,2026-06-30 15:11,2026-07-01 01:54,AD-05,IST_SHIFT,0,N,N,N
L102269,DSA,Saudi Arabia,Asia/Riyadh,2026-06-08 18:42,,AD-02,US_SHIFT,2,N,N,N
L100799,DSA,UAE,Asia/Dubai,2026-07-23 05:23,,AD-08,IST_SHIFT,5,N,N,N
L101216,Google,UK,Europe/London,2026-07-28 07:17,2026-08-01 06:22,AD-07,IST_SHIFT,3,Y,Y,Y
L104991,Google,India,Asia/Kolkata,2026-07-09 09:58,2026-07-14 13:22,AD-08,IST_SHIFT,1,N,N,N
L100569,Google,USA,America/New_York,2026-07-02 01:16,2026-07-02 07:37,AD-07,IST_SHIFT,0,Y,Y,N
L104034,DSA,USA,America/New_York,2026-07-04 01:27,2026-07-05 18:08,AD-08,IST_SHIFT,0,Y,Y,N
L101046,Organic,UK,Europe/London,2026-06-21 08:33,2026-06-22 03:14,AD-03,US_SHIFT,1,Y,Y,Y
L104044,Google,UAE,Asia/Dubai,2026-07-24 21:40,,AD-01,US_SHIFT,5,N,N,N
L101136,Meta,Australia,Australia/Sydney,2026-06-30 14:17,2026-07-05 17:38,AD-10,SEA_SHIFT,2,Y,Y,Y
L100596,DSA,Vietnam,Asia/Ho_Chi_Minh,2026-07-25 04:58,,AD-12,US_SHIFT,2,N,N,N
L101688,Meta,Vietnam,Asia/Ho_Chi_Minh,2026-06-04 05:43,2026-06-10 04:26,AD-10,SEA_SHIFT,5,N,N,N
L103978,Meta,Singapore,Asia/Singapore,2026-06-19 08:48,2026-06-20 00:49,AD-02,US_SHIFT,2,Y,Y,N
L101276,Meta,UK,Europe/London,2026-06-11 17:21,2026-06-12 05:48,AD-02,US_SHIFT,0,Y,Y,N
L103368,Affiliate,UK,Europe/London,2026-07-21 06:33,2026-07-21 09:31,AD-06,IST_SHIFT,1,Y,Y,N
L100407,Google,USA,America/New_York,2026-07-13 02:55,2026-07-17 01:03,AD-11,SEA_SHIFT,1,Y,Y,N
L101640,Meta,UK,Europe/London,2026-07-17 16:51,2026-07-21 08:14,AD-11,SEA_SHIFT,2,N,N,N
L101523,Meta,UAE,Asia/Dubai,2026-06-16 14:37,2026-06-19 16:27,AD-02,US_SHIFT,1,N,N,N
L100433,Meta,UK,Europe/London,2026-07-22 13:25,,AD-04,US_SHIFT,2,N,N,N
L100132,Meta,UAE,Asia/Dubai,2026-06-19 15:01,2026-06-23 10:57,AD-06,IST_SHIFT,0,N,N,N
L102607,Google,UK,Europe/London,2026-06-13 04:19,2026-06-16 21:59,AD-07,IST_SHIFT,1,Y,Y,N
L103957,Meta,Vietnam,Asia/Ho_Chi_Minh,2026-06-30 09:35,2026-07-03 17:18,AD-11,SEA_SHIFT,3,N,N,N
L101555,Meta,India,Asia/Kolkata,2026-07-26 16:39,2026-07-26 18:08,AD-02,US_SHIFT,1,Y,Y,N
L100419,Meta,USA,America/New_York,2026-06-25 21:07,2026-07-02 08:41,AD-05,IST_SHIFT,1,N,N,N
L103197,Google,Vietnam,Asia/Ho_Chi_Minh,2026-07-22 10:19,2026-07-23 07:03,AD-03,US_SHIFT,2,Y,N,N
L104626,Google,India,Asia/Kolkata,2026-07-21 11:06,,AD-07,IST_SHIFT,1,N,N,N
L102431,Meta,Vietnam,Asia/Ho_Chi_Minh,2026-07-13 00:36,2026-07-13 10:27,AD-07,IST_SHIFT,1,N,N,N
L100325,Meta,Singapore,Asia/Singapore,2026-06-14 18:56,,AD-01,US_SHIFT,3,N,N,N
L104086,Organic,India,Asia/Kolkata,2026-07-27 03:05,2026-07-27 12:43,AD-02,US_SHIFT,3,Y,Y,N
L104224,Meta,USA,America/New_York,2026-07-13 21:58,,AD-03,US_SHIFT,1,N,N,N
L103918,Meta,USA,America/New_York,2026-06-01 05:42,2026-06-01 15:54,AD-02,US_SHIFT,1,N,N,N
L102215,Meta,India,Asia/Kolkata,2026-07-16 05:08,,AD-11,SEA_SHIFT,3,N,N,N
L101772,Google,India,Asia/Kolkata,2026-07-16 09:24,,AD-11,SEA_SHIFT,2,N,N,N
L100431,Google,USA,America/New_York,2026-06-03 08:56,2026-06-08 20:56,AD-01,US_SHIFT,3,N,N,N
L100680,Referral,Vietnam,Asia/Ho_Chi_Minh,2026-07-07 15:03,,AD-06,IST_SHIFT,0,N,N,N
L104593,Referral,UK,Europe/London,2026-07-17 15:07,2026-07-17 16:25,AD-11,SEA_SHIFT,1,Y,Y,N
L100650,Organic,India,Asia/Kolkata,2026-06-14 14:01,,AD-08,IST_SHIFT,6,N,N,N
L100664,Meta,India,Asia/Kolkata,2026-06-02 00:31,,AD-03,US_SHIFT,0,N,N,N
L100426,Meta,UAE,Asia/Dubai,2026-06-17 07:53,2026-06-17 17:18,AD-07,IST_SHIFT,0,Y,Y,N
L104494,Meta,Singapore,Asia/Singapore,2026-07-09 09:19,2026-07-10 04:30,AD-04,US_SHIFT,0,N,N,N
L101979,Meta,Australia,Australia/Sydney,2026-07-08 05:51,2026-07-08 10:04,AD-08,IST_SHIFT,2,Y,Y,N
L103224,Meta,India,Asia/Kolkata,2026-07-25 20:10,2026-07-26 05:14,AD-03,US_SHIFT,2,Y,N,N
L103255,Meta,UK,Europe/London,2026-06-19 22:20,2026-06-23 12:11,AD-04,US_SHIFT,3,Y,Y,N
L103194,Google,USA,America/New_York,2026-07-11 13:18,2026-07-12 03:47,AD-03,US_SHIFT,0,Y,Y,N
L100444,Referral,Vietnam,Asia/Ho_Chi_Minh,2026-06-23 04:07,2026-07-01 09:11,AD-05,IST_SHIFT,4,N,N,N
L101429,Meta,Australia,Australia/Sydney,2026-07-25 01:01,2026-07-28 11:35,AD-06,IST_SHIFT,3,N,N,N
L101260,Meta,USA,America/New_York,2026-07-05 10:22,2026-07-06 12:14,AD-10,SEA_SHIFT,2,Y,Y,N
L104955,Affiliate,Vietnam,Asia/Ho_Chi_Minh,2026-07-20 16:12,2026-07-25 14:07,AD-11,SEA_SHIFT,2,Y,Y,N
L103564,Organic,Vietnam,Asia/Ho_Chi_Minh,2026-07-14 20:59,2026-07-15 17:10,AD-07,IST_SHIFT,0,Y,Y,N
L101062,Organic,Australia,Australia/Sydney,2026-07-29 14:58,2026-08-03 19:56,AD-09,IST_SHIFT,3,N,N,N
L101538,Meta,Saudi Arabia,Asia/Riyadh,2026-06-24 20:05,2026-06-29 05:41,AD-09,IST_SHIFT,2,Y,Y,N
L104360,Meta,USA,America/New_York,2026-07-31 11:03,2026-08-04 20:34,AD-02,US_SHIFT,4,N,N,N
L103117,Meta,USA,America/New_York,2026-07-02 18:30,,AD-08,IST_SHIFT,2,N,N,N
L103787,Google,Vietnam,Asia/Ho_Chi_Minh,2026-06-07 08:57,2026-06-10 11:48,AD-01,US_SHIFT,3,Y,N,N
L102728,Meta,Singapore,Asia/Singapore,2026-06-16 23:11,,AD-01,US_SHIFT,6,N,N,N
L103505,Referral,Saudi Arabia,Asia/Riyadh,2026-06-09 00:39,2026-06-13 13:14,AD-08,IST_SHIFT,2,Y,Y,Y
L103938,Affiliate,USA,America/New_York,2026-07-04 03:10,,AD-05,IST_SHIFT,0,N,N,N
L100631,DSA,Vietnam,Asia/Ho_Chi_Minh,2026-06-06 22:34,,AD-11,SEA_SHIFT,2,N,N,N
L104300,Google,Vietnam,Asia/Ho_Chi_Minh,2026-07-19 12:34,,AD-11,SEA_SHIFT,3,N,N,N
L100415,Affiliate,UAE,Asia/Dubai,2026-06-08 20:49,2026-06-09 14:27,AD-02,US_SHIFT,1,N,N,N
L104492,Organic,USA,America/New_York,2026-07-26 13:42,2026-07-27 11:31,AD-10,SEA_SHIFT,3,Y,Y,N
L100083,Meta,India,Asia/Kolkata,2026-06-18 07:47,2026-06-18 15:15,AD-09,IST_SHIFT,1,Y,Y,N
L102054,Affiliate,USA,America/New_York,2026-06-17 15:41,2026-06-21 02:05,AD-03,US_SHIFT,2,N,N,N
L102163,Referral,Australia,Australia/Sydney,2026-06-09 11:06,2026-06-15 06:57,AD-07,IST_SHIFT,2,N,N,N
L100131,Meta,UK,Europe/London,2026-07-25 18:59,,AD-11,SEA_SHIFT,2,N,N,N
L102510,Affiliate,UK,Europe/London,2026-07-07 07:13,2026-07-08 01:42,AD-10,SEA_SHIFT,1,Y,Y,N
L101747,Meta,Singapore,Asia/Singapore,2026-07-30 22:50,,AD-10,SEA_SHIFT,1,N,N,N
L100372,Google,USA,America/New_York,2026-06-19 06:57,2026-06-21 05:57,AD-04,US_SHIFT,0,Y,Y,Y
L100840,Meta,Vietnam,Asia/Ho_Chi_Minh,2026-07-25 12:04,2026-07-26 14:02,AD-02,US_SHIFT,3,Y,Y,N
L101684,Google,USA,America/New_York,2026-06-23 15:37,2026-06-25 07:22,AD-02,US_SHIFT,1,Y,Y,Y
L103125,Meta,Singapore,Asia/Singapore,2026-07-18 13:25,2026-07-20 15:28,AD-11,SEA_SHIFT,1,N,N,N
L100245,Meta,Australia,Australia/Sydney,2026-06-17 06:24,2026-06-20 12:02,AD-03,US_SHIFT,2,N,N,N
L101352,Meta,UK,Europe/London,2026-06-12 18:30,2026-06-16 06:30,AD-07,IST_SHIFT,2,Y,Y,Y
L101674,Meta,UAE,Asia/Dubai,2026-06-15 06:04,2026-06-16 08:41,AD-05,IST_SHIFT,0,Y,Y,Y
L101781,Referral,Singapore,Asia/Singapore,2026-06-18 15:58,2026-06-18 22:17,AD-09,IST_SHIFT,0,Y,Y,Y
L102460,Organic,UK,Europe/London,2026-06-18 15:38,2026-06-18 20:07,AD-05,IST_SHIFT,1,N,N,N
L102123,Meta,USA,America/New_York,2026-06-25 23:36,,AD-05,IST_SHIFT,0,N,N,N
L103830,Meta,Singapore,Asia/Singapore,2026-07-23 11:02,2026-07-31 02:25,AD-12,US_SHIFT,5,N,N,N
L100095,Meta,Australia,Australia/Sydney,2026-06-08 14:21,,AD-02,US_SHIFT,3,N,N,N
L103667,Google,Saudi Arabia,Asia/Riyadh,2026-06-17 13:24,2026-06-17 15:56,AD-05,IST_SHIFT,1,N,N,N
L104969,Meta,USA,America/New_York,2026-07-18 20:55,2026-07-23 07:36,AD-05,IST_SHIFT,2,N,N,N
L100672,Meta,USA,America/New_York,2026-07-11 11:00,2026-07-12 22:32,AD-11,SEA_SHIFT,1,Y,N,N
L101580,Meta,Australia,Australia/Sydney,2026-06-17 22:40,2026-06-26 16:01,AD-08,IST_SHIFT,1,N,N,N
L104942,Affiliate,UK,Europe/London,2026-06-12 23:44,2026-06-13 03:21,AD-02,US_SHIFT,2,N,N,N
L103179,Meta,India,Asia/Kolkata,2026-07-10 01:33,2026-07-11 07:10,AD-10,SEA_SHIFT,0,Y,Y,N
L100773,Google,UAE,Asia/Dubai,2026-06-01 11:19,2026-06-01 20:47,AD-09,IST_SHIFT,2,Y,Y,N
L103129,Meta,Vietnam,Asia/Ho_Chi_Minh,2026-06-06 23:01,2026-06-07 23:25,AD-04,US_SHIFT,1,Y,Y,N
L104705,Meta,USA,America/New_York,2026-07-21 21:37,2026-07-22 09:09,AD-01,US_SHIFT,1,Y,Y,N
L104938,Referral,Vietnam,Asia/Ho_Chi_Minh,2026-06-29 19:36,,AD-05,IST_SHIFT,3,N,N,N
L103811,Meta,USA,America/New_York,2026-07-27 19:48,2026-07-31 14:19,AD-01,US_SHIFT,4,N,N,N
L104868,Meta,Australia,Australia/Sydney,2026-06-08 22:21,,AD-12,US_SHIFT,3,N,N,N
L101141,Referral,Saudi Arabia,Asia/Riyadh,2026-07-09 10:26,,AD-12,US_SHIFT,3,N,N,N
L104207,Meta,India,Asia/Kolkata,2026-06-26 16:42,2026-06-26 20:54,AD-01,US_SHIFT,3,N,N,N
L100089,Organic,Vietnam,Asia/Ho_Chi_Minh,2026-06-07 17:44,2026-06-08 07:57,AD-03,US_SHIFT,4,N,N,N
L102801,Meta,USA,America/New_York,2026-07-06 04:45,2026-07-06 08:53,AD-01,US_SHIFT,2,Y,Y,N
L100929,Referral,USA,America/New_York,2026-06-02 01:15,2026-06-08 08:07,AD-03,US_SHIFT,2,N,N,N
L101328,Meta,USA,America/New_York,2026-06-03 16:19,2026-06-04 06:35,AD-05,IST_SHIFT,2,Y,Y,Y
L103315,DSA,USA,America/New_York,2026-06-13 19:03,2026-06-14 04:18,AD-11,SEA_SHIFT,2,Y,Y,N
L102270,Google,UK,Europe/London,2026-07-13 05:17,,AD-12,US_SHIFT,5,N,N,N
L104514,Meta,USA,America/New_York,2026-06-03 04:14,,AD-02,US_SHIFT,3,N,N,N
L104600,Google,India,Asia/Kolkata,2026-07-31 11:49,2026-08-05 16:32,AD-10,SEA_SHIFT,5,Y,N,N
L103276,Meta,USA,America/New_York,2026-06-19 08:06,,AD-09,IST_SHIFT,1,N,N,N
L102017,Meta,USA,America/New_York,2026-06-22 07:21,2026-06-25 23:38,AD-09,IST_SHIFT,4,Y,Y,N
L104131,Organic,USA,America/New_York,2026-07-04 04:03,,AD-05,IST_SHIFT,2,N,N,N
L100412,Affiliate,USA,America/New_York,2026-07-14 23:33,2026-07-20 03:20,AD-03,US_SHIFT,5,Y,Y,Y
L104596,DSA,India,Asia/Kolkata,2026-06-18 22:44,,AD-06,IST_SHIFT,4,N,N,N
L102417,Organic,Vietnam,Asia/Ho_Chi_Minh,2026-07-29 21:10,2026-07-30 06:01,AD-04,US_SHIFT,0,Y,Y,N
L102940,Meta,India,Asia/Kolkata,2026-07-18 19:15,2026-07-22 01:23,AD-04,US_SHIFT,2,N,N,N
L103470,Meta,Saudi Arabia,Asia/Riyadh,2026-06-19 23:26,2026-06-24 02:07,AD-10,SEA_SHIFT,1,Y,Y,Y
L103757,Meta,USA,America/New_York,2026-07-06 05:59,2026-07-07 00:03,AD-11,SEA_SHIFT,1,Y,N,N
L104599,Meta,USA,America/New_York,2026-06-15 02:24,2026-06-15 08:06,AD-12,US_SHIFT,1,Y,Y,Y
L104634,Organic,India,Asia/Kolkata,2026-06-24 18:40,2026-06-24 21:55,AD-05,IST_SHIFT,2,Y,N,N
L104317,Google,UAE,Asia/Dubai,2026-07-19 00:49,,AD-03,US_SHIFT,1,N,N,N
L104961,Meta,UAE,Asia/Dubai,2026-06-15 04:22,,AD-10,SEA_SHIFT,5,N,N,N
L102616,Referral,UK,Europe/London,2026-07-10 22:24,2026-07-12 16:02,AD-05,IST_SHIFT,1,Y,Y,N
L104491,Google,USA,America/New_York,2026-07-09 18:02,2026-07-09 22:44,AD-02,US_SHIFT,0,Y,Y,Y
L102838,Google,UAE,Asia/Dubai,2026-07-12 00:03,,AD-12,US_SHIFT,1,N,N,N
L100665,Meta,Vietnam,Asia/Ho_Chi_Minh,2026-06-26 12:07,2026-06-27 05:35,AD-10,SEA_SHIFT,1,Y,Y,N
L100760,Meta,USA,America/New_York,2026-06-03 19:48,,AD-02,US_SHIFT,1,N,N,N
L101493,Meta,USA,America/New_York,2026-07-26 23:39,,AD-06,IST_SHIFT,3,N,N,N
L104274,Google,USA,America/New_York,2026-07-24 13:38,,AD-10,SEA_SHIFT,1,N,N,N
L104931,Affiliate,USA,America/New_York,2026-07-07 01:51,,AD-10,SEA_SHIFT,2,N,N,N
L103898,Organic,Australia,Australia/Sydney,2026-07-10 06:38,2026-07-10 18:51,AD-02,US_SHIFT,3,N,N,N
L101790,Meta,Vietnam,Asia/Ho_Chi_Minh,2026-06-27 05:09,,AD-03,US_SHIFT,3,N,N,N
L100356,Google,India,Asia/Kolkata,2026-06-17 18:00,,AD-08,IST_SHIFT,1,N,N,N
L100695,Meta,India,Asia/Kolkata,2026-07-27 13:04,2026-07-28 18:23,AD-11,SEA_SHIFT,1,N,N,N
L100638,Meta,UK,Europe/London,2026-07-31 20:06,2026-08-01 14:24,AD-06,IST_SHIFT,3,Y,Y,N
L102289,Meta,USA,America/New_York,2026-07-25 08:26,,AD-06,IST_SHIFT,1,N,N,N
L101723,Meta,Vietnam,Asia/Ho_Chi_Minh,2026-06-03 20:42,2026-06-04 14:22,AD-03,US_SHIFT,3,Y,N,N
L103340,Meta,Saudi Arabia,Asia/Riyadh,2026-06-03 13:09,2026-06-03 23:59,AD-01,US_SHIFT,3,Y,Y,N
L102333,DSA,Vietnam,Asia/Ho_Chi_Minh,2026-07-14 09:20,2026-07-15 02:35,AD-06,IST_SHIFT,1,N,N,N
L100651,DSA,Australia,Australia/Sydney,2026-06-03 19:11,,AD-04,US_SHIFT,4,N,N,N
L103699,Google,Vietnam,Asia/Ho_Chi_Minh,2026-07-06 17:23,,AD-12,US_SHIFT,1,N,N,N
L104506,Meta,Vietnam,Asia/Ho_Chi_Minh,2026-06-01 20:35,2026-06-02 08:45,AD-10,SEA_SHIFT,4,Y,Y,N
L102379,Meta,USA,America/New_York,2026-06-05 05:53,2026-06-05 15:51,AD-01,US_SHIFT,0,Y,Y,N
L101163,Meta,Vietnam,Asia/Ho_Chi_Minh,2026-06-30 22:03,2026-07-01 14:57,AD-09,IST_SHIFT,1,Y,Y,N
L102703,Meta,USA,America/New_York,2026-07-04 23:48,2026-07-11 14:44,AD-03,US_SHIFT,2,N,N,N
L101627,Meta,UAE,Asia/Dubai,2026-06-21 13:30,,AD-02,US_SHIFT,3,N,N,N
L101732,Organic,India,Asia/Kolkata,2026-07-08 21:44,2026-07-13 14:31,AD-06,IST_SHIFT,3,N,N,N
L103061,Meta,Vietnam,Asia/Ho_Chi_Minh,2026-06-14 10:50,,AD-03,US_SHIFT,3,N,N,N
L103995,Google,UK,Europe/London,2026-06-29 21:51,,AD-02,US_SHIFT,1,N,N,N
L101057,Organic,USA,America/New_York,2026-06-27 01:55,2026-06-27 15:13,AD-09,IST_SHIFT,2,Y,N,N
L104022,Google,UK,Europe/London,2026-07-14 18:20,2026-07-15 18:00,AD-12,US_SHIFT,1,Y,Y,Y
L103126,Google,UK,Europe/London,2026-07-01 15:26,,AD-02,US_SHIFT,2,N,N,N
L103952,DSA,Singapore,Asia/Singapore,2026-07-27 13:33,,AD-09,IST_SHIFT,4,N,N,N
L103262,Meta,UK,Europe/London,2026-06-06 12:16,,AD-05,IST_SHIFT,5,N,N,N
L103227,Meta,USA,America/New_York,2026-07-18 22:06,,AD-12,US_SHIFT,3,N,N,N
L100006,Affiliate,Singapore,Asia/Singapore,2026-07-31 09:23,2026-07-31 22:30,AD-11,SEA_SHIFT,2,N,N,N
L104865,Meta,USA,America/New_York,2026-07-07 06:55,2026-07-08 00:58,AD-12,US_SHIFT,0,Y,Y,Y
L103924,Meta,USA,America/New_York,2026-07-05 22:25,2026-07-10 06:03,AD-06,IST_SHIFT,4,N,N,N
L102600,Referral,Saudi Arabia,Asia/Riyadh,2026-07-04 02:32,2026-07-08 00:51,AD-03,US_SHIFT,3,N,N,N
L104974,Meta,Vietnam,Asia/Ho_Chi_Minh,2026-06-26 16:05,2026-06-28 03:53,AD-06,IST_SHIFT,2,N,N,N
L104594,Meta,UK,Europe/London,2026-06-26 18:30,2026-06-27 08:09,AD-03,US_SHIFT,3,Y,Y,N
L104871,DSA,India,Asia/Kolkata,2026-07-13 18:46,2026-07-17 18:51,AD-07,IST_SHIFT,4,N,N,N
L102575,Meta,UK,Europe/London,2026-06-13 21:34,,AD-10,SEA_SHIFT,1,N,N,N
L103052,Google,USA,America/New_York,2026-06-07 01:09,,AD-03,US_SHIFT,1,N,N,N
L102168,Referral,USA,America/New_York,2026-06-27 13:49,2026-07-01 14:45,AD-03,US_SHIFT,3,N,N,N
L102599,Google,UAE,Asia/Dubai,2026-06-01 22:08,2026-06-07 04:19,AD-01,US_SHIFT,3,N,N,N
L103033,Meta,UAE,Asia/Dubai,2026-06-11 13:48,,AD-11,SEA_SHIFT,0,N,N,N
L102789,Meta,Australia,Australia/Sydney,2026-06-08 16:16,,AD-12,US_SHIFT,5,N,N,N
L100800,Meta,India,Asia/Kolkata,2026-06-18 09:51,,AD-08,IST_SHIFT,2,N,N,N
L102265,Google,USA,America/New_York,2026-06-26 15:12,2026-06-30 10:05,AD-08,IST_SHIFT,1,N,N,N
L104746,Meta,Singapore,Asia/Singapore,2026-06-04 01:34,2026-06-04 23:19,AD-07,IST_SHIFT,3,N,N,N
L100517,Affiliate,USA,America/New_York,2026-07-23 05:06,,AD-02,US_SHIFT,5,N,N,N
L103839,Google,USA,America/New_York,2026-07-25 20:12,,AD-08,IST_SHIFT,3,N,N,N
L101721,DSA,UK,Europe/London,2026-06-12 21:15,2026-06-18 20:55,AD-02,US_SHIFT,3,N,N,N
L104996,DSA,UAE,Asia/Dubai,2026-07-28 22:29,2026-07-29 22:50,AD-02,US_SHIFT,1,N,N,N
L104804,Meta,Vietnam,Asia/Ho_Chi_Minh,2026-07-13 03:59,2026-07-14 05:41,AD-03,US_SHIFT,2,Y,N,N
L100051,Google,UK,Europe/London,2026-07-25 02:35,2026-07-25 05:48,AD-01,US_SHIFT,3,Y,Y,N
L103362,Google,UAE,Asia/Dubai,2026-07-08 03:46,2026-07-08 13:32,AD-05,IST_SHIFT,1,Y,Y,N
L102858,Meta,USA,America/New_York,2026-06-13 00:20,2026-06-13 06:47,AD-06,IST_SHIFT,4,N,N,N
L101228,Google,Vietnam,Asia/Ho_Chi_Minh,2026-06-25 09:58,,AD-01,US_SHIFT,2,N,N,N
L100511,Meta,UAE,Asia/Dubai,2026-07-21 03:21,2026-07-21 09:18,AD-07,IST_SHIFT,0,N,N,N
L100961,Organic,Australia,Australia/Sydney,2026-07-18 04:00,,AD-02,US_SHIFT,2,N,N,N
L104816,Affiliate,USA,America/New_York,2026-06-12 19:38,,AD-11,SEA_SHIFT,3,N,N,N
L103772,Google,USA,America/New_York,2026-07-05 23:15,2026-07-08 07:50,AD-01,US_SHIFT,5,N,N,N
L102436,Meta,UAE,Asia/Dubai,2026-06-17 19:56,2026-06-18 10:58,AD-07,IST_SHIFT,2,Y,N,N
L101916,Organic,Australia,Australia/Sydney,2026-07-24 20:13,2026-07-28 19:36,AD-06,IST_SHIFT,4,N,N,N
L100212,Meta,UK,Europe/London,2026-06-29 22:06,,AD-02,US_SHIFT,1,N,N,N
L101875,Organic,UK,Europe/London,2026-06-09 04:47,2026-06-09 20:30,AD-10,SEA_SHIFT,3,Y,Y,N
L101209,Organic,USA,America/New_York,2026-06-26 18:27,,AD-11,SEA_SHIFT,2,N,N,N
L100115,Affiliate,USA,America/New_York,2026-07-11 18:14,,AD-05,IST_SHIFT,2,N,N,N
L103060,Meta,Australia,Australia/Sydney,2026-07-20 21:52,2026-07-21 08:19,AD-02,US_SHIFT,4,Y,Y,N
L102099,Affiliate,USA,America/New_York,2026-06-25 00:07,,AD-05,IST_SHIFT,2,N,N,N
L103025,Meta,USA,America/New_York,2026-07-13 17:27,,AD-04,US_SHIFT,2,N,N,N
L104262,DSA,Vietnam,Asia/Ho_Chi_Minh,2026-06-08 02:39,,AD-07,IST_SHIFT,3,N,N,N
L101127,Google,USA,America/New_York,2026-07-31 09:55,2026-07-31 12:24,AD-01,US_SHIFT,2,N,N,N
L104151,Google,Saudi Arabia,Asia/Riyadh,2026-07-15 21:26,2026-07-20 19:42,AD-02,US_SHIFT,3,Y,Y,N
L102886,Google,Saudi Arabia,Asia/Riyadh,2026-07-29 13:00,2026-07-30 00:41,AD-01,US_SHIFT,0,Y,Y,N
L100491,Google,UK,Europe/London,2026-06-14 15:24,,AD-09,IST_SHIFT,3,N,N,N
L104211,DSA,India,Asia/Kolkata,2026-07-18 08:47,2026-07-19 14:42,AD-11,SEA_SHIFT,3,Y,Y,N
L100377,Meta,Singapore,Asia/Singapore,2026-06-02 20:58,2026-06-07 15:22,AD-07,IST_SHIFT,0,N,N,N
L102204,Meta,UAE,Asia/Dubai,2026-06-26 20:59,2026-06-27 15:00,AD-06,IST_SHIFT,2,Y,Y,N
L100231,Affiliate,Saudi Arabia,Asia/Riyadh,2026-06-07 20:57,2026-06-09 06:21,AD-09,IST_SHIFT,2,Y,Y,Y
L101757,Google,Vietnam,Asia/Ho_Chi_Minh,2026-07-22 12:45,2026-07-23 09:56,AD-03,US_SHIFT,3,Y,Y,N
L103989,Organic,UK,Europe/London,2026-06-08 23:18,2026-06-13 00:49,AD-02,US_SHIFT,3,Y,Y,N
L104917,Affiliate,UAE,Asia/Dubai,2026-06-06 11:49,2026-06-07 08:23,AD-01,US_SHIFT,1,N,N,N
L100422,Affiliate,Australia,Australia/Sydney,2026-07-06 14:22,2026-07-10 22:29,AD-06,IST_SHIFT,0,N,N,N
L104346,DSA,India,Asia/Kolkata,2026-07-15 13:27,2026-07-16 06:01,AD-08,IST_SHIFT,1,Y,Y,N
L104696,Meta,USA,America/New_York,2026-07-09 19:59,,AD-12,US_SHIFT,5,N,N,N
L102623,DSA,Vietnam,Asia/Ho_Chi_Minh,2026-06-04 10:39,2026-06-06 05:27,AD-09,IST_SHIFT,1,N,N,N
L103987,Google,USA,America/New_York,2026-06-30 16:45,,AD-01,US_SHIFT,1,N,N,N
L101849,Meta,USA,America/New_York,2026-07-30 10:24,2026-08-03 06:12,AD-06,IST_SHIFT,5,N,N,N
L101699,Meta,USA,America/New_York,2026-07-19 08:45,2026-07-19 19:06,AD-06,IST_SHIFT,2,N,N,N
L103506,Meta,USA,America/New_York,2026-07-04 23:40,2026-07-06 09:37,AD-05,IST_SHIFT,0,N,N,N
L102516,Google,USA,America/New_York,2026-07-14 19:29,2026-07-24 11:34,AD-03,US_SHIFT,6,Y,Y,Y
L102864,DSA,UK,Europe/London,2026-06-07 04:27,2026-06-07 20:30,AD-07,IST_SHIFT,1,Y,Y,N
L104033,Meta,USA,America/New_York,2026-07-20 11:10,2026-07-20 16:00,AD-05,IST_SHIFT,0,Y,Y,N
L102410,DSA,Singapore,Asia/Singapore,2026-07-20 07:58,,AD-03,US_SHIFT,1,N,N,N
L104265,Meta,Vietnam,Asia/Ho_Chi_Minh,2026-07-13 09:13,2026-07-18 16:33,AD-07,IST_SHIFT,1,Y,Y,N
L103497,Meta,USA,America/New_York,2026-06-23 09:08,2026-06-23 15:04,AD-09,IST_SHIFT,0,Y,N,N
L100186,Google,USA,America/New_York,2026-07-16 11:47,2026-07-17 15:12,AD-09,IST_SHIFT,2,Y,Y,Y
L101771,Google,UAE,Asia/Dubai,2026-06-18 00:44,2026-06-18 23:04,AD-05,IST_SHIFT,3,N,N,N
L101012,Meta,Australia,Australia/Sydney,2026-07-08 02:32,2026-07-08 22:35,AD-04,US_SHIFT,0,N,N,N
L102556,Google,USA,America/New_York,2026-07-11 15:16,2026-07-12 23:33,AD-01,US_SHIFT,1,Y,Y,N
L104249,Organic,UAE,Asia/Dubai,2026-07-03 22:09,,AD-08,IST_SHIFT,1,N,N,N
L100635,Meta,USA,America/New_York,2026-06-08 14:25,,AD-01,US_SHIFT,3,N,N,N
L103001,Meta,India,Asia/Kolkata,2026-06-21 05:01,2026-06-21 18:40,AD-04,US_SHIFT,1,Y,Y,N
L103908,Google,UAE,Asia/Dubai,2026-07-04 03:58,2026-07-07 07:42,AD-12,US_SHIFT,5,N,N,N
L101078,Organic,UAE,Asia/Dubai,2026-06-10 02:30,2026-06-15 02:55,AD-05,IST_SHIFT,0,N,N,N
L100742,Referral,Vietnam,Asia/Ho_Chi_Minh,2026-06-17 18:07,,AD-03,US_SHIFT,1,N,N,N
L100721,Affiliate,USA,America/New_York,2026-06-04 12:00,2026-06-05 03:15,AD-06,IST_SHIFT,1,N,N,N
L102134,Google,USA,America/New_York,2026-06-11 21:25,2026-06-12 04:54,AD-01,US_SHIFT,1,N,N,N
L100932,Organic,UAE,Asia/Dubai,2026-07-04 11:30,2026-07-05 01:33,AD-01,US_SHIFT,1,Y,Y,Y
L100255,Organic,India,Asia/Kolkata,2026-07-18 14:06,2026-07-19 10:31,AD-03,US_SHIFT,1,N,N,N
L100315,Google,Vietnam,Asia/Ho_Chi_Minh,2026-07-30 19:43,2026-07-31 06:05,AD-08,IST_SHIFT,2,Y,N,N
L101167,Meta,Vietnam,Asia/Ho_Chi_Minh,2026-06-25 08:32,,AD-05,IST_SHIFT,3,N,N,N
L103621,Organic,USA,America/New_York,2026-06-20 18:43,2026-06-22 02:21,AD-12,US_SHIFT,2,Y,Y,N
L102015,Google,USA,America/New_York,2026-07-19 05:12,2026-07-19 10:14,AD-12,US_SHIFT,0,Y,Y,N
L103328,Affiliate,Saudi Arabia,Asia/Riyadh,2026-07-07 13:59,,AD-10,SEA_SHIFT,3,N,N,N
L100807,Affiliate,USA,America/New_York,2026-07-28 04:45,2026-07-28 07:27,AD-10,SEA_SHIFT,2,Y,Y,Y
L101032,Google,UK,Europe/London,2026-06-23 06:06,2026-06-23 17:03,AD-07,IST_SHIFT,1,Y,Y,N
L104896,Google,USA,America/New_York,2026-06-28 03:37,2026-06-28 11:31,AD-12,US_SHIFT,0,N,N,N
L102889,Meta,Saudi Arabia,Asia/Riyadh,2026-06-15 21:31,2026-06-20 03:20,AD-01,US_SHIFT,4,Y,N,N
L104429,Meta,UAE,Asia/Dubai,2026-06-10 09:20,2026-06-11 09:08,AD-08,IST_SHIFT,1,Y,Y,Y
L100360,Google,Saudi Arabia,Asia/Riyadh,2026-06-24 03:27,2026-06-24 13:06,AD-06,IST_SHIFT,1,Y,Y,N
L104225,Meta,Australia,Australia/Sydney,2026-06-15 14:31,2026-06-16 03:08,AD-08,IST_SHIFT,3,N,N,N
L101774,Meta,Vietnam,Asia/Ho_Chi_Minh,2026-07-03 08:54,2026-07-07 00:38,AD-06,IST_SHIFT,2,N,N,N
L100584,Referral,India,Asia/Kolkata,2026-06-30 12:31,,AD-09,IST_SHIFT,1,N,N,N
L101610,Meta,Vietnam,Asia/Ho_Chi_Minh,2026-06-17 18:16,2026-06-24 21:55,AD-10,SEA_SHIFT,1,N,N,N
L101854,Google,USA,America/New_York,2026-07-25 05:33,2026-07-31 07:04,AD-06,IST_SHIFT,6,N,N,N
L101991,Google,Vietnam,Asia/Ho_Chi_Minh,2026-06-05 08:18,2026-06-06 07:00,AD-01,US_SHIFT,1,N,N,N
L100179,Google,Saudi Arabia,Asia/Riyadh,2026-06-03 19:39,2026-06-06 09:01,AD-06,IST_SHIFT,2,Y,Y,N
L104344,DSA,USA,America/New_York,2026-07-03 07:11,2026-07-03 18:58,AD-04,US_SHIFT,1,Y,N,N
L100378,Affiliate,UAE,Asia/Dubai,2026-07-01 08:32,2026-07-01 22:14,AD-05,IST_SHIFT,0,Y,N,N
L100667,Google,India,Asia/Kolkata,2026-06-23 06:53,,AD-04,US_SHIFT,3,N,N,N
L101677,Google,Vietnam,Asia/Ho_Chi_Minh,2026-07-01 15:21,,AD-02,US_SHIFT,1,N,N,N
L104772,Google,Vietnam,Asia/Ho_Chi_Minh,2026-06-27 08:17,2026-07-01 21:36,AD-02,US_SHIFT,2,N,N,N
L104679,DSA,USA,America/New_York,2026-07-02 19:32,2026-07-03 10:30,AD-03,US_SHIFT,2,Y,Y,Y
L101086,Organic,UK,Europe/London,2026-06-19 00:31,2026-06-26 20:12,AD-03,US_SHIFT,3,Y,Y,N
L100860,Referral,Vietnam,Asia/Ho_Chi_Minh,2026-06-12 04:18,,AD-04,US_SHIFT,3,N,N,N
L101450,Meta,UAE,Asia/Dubai,2026-06-19 18:29,2026-06-22 11:47,AD-05,IST_SHIFT,5,Y,N,N
L103371,Meta,UAE,Asia/Dubai,2026-06-01 19:07,2026-06-06 16:27,AD-04,US_SHIFT,3,N,N,N
L104039,Meta,USA,America/New_York,2026-07-12 04:12,2026-07-13 16:05,AD-07,IST_SHIFT,0,Y,Y,N
L102463,Meta,Saudi Arabia,Asia/Riyadh,2026-06-08 03:41,,AD-06,IST_SHIFT,4,N,N,N
L103848,Organic,Australia,Australia/Sydney,2026-06-27 17:17,2026-07-01 16:30,AD-03,US_SHIFT,2,N,N,N
L104064,Meta,Vietnam,Asia/Ho_Chi_Minh,2026-07-06 13:28,2026-07-12 21:05,AD-07,IST_SHIFT,1,N,N,N
L100423,DSA,India,Asia/Kolkata,2026-07-29 19:46,2026-07-29 23:12,AD-03,US_SHIFT,6,Y,Y,N
L102027,Meta,UAE,Asia/Dubai,2026-06-09 16:11,2026-06-10 00:29,AD-06,IST_SHIFT,0,Y,Y,N
L103132,Google,Saudi Arabia,Asia/Riyadh,2026-07-12 05:40,2026-07-15 13:17,AD-03,US_SHIFT,2,Y,Y,N
L100414,Referral,USA,America/New_York,2026-06-07 19:38,2026-06-09 03:00,AD-08,IST_SHIFT,3,N,N,N
L102419,Google,USA,America/New_York,2026-07-20 02:54,,AD-11,SEA_SHIFT,3,N,N,N
L104988,Organic,USA,America/New_York,2026-07-07 16:25,2026-07-11 18:40,AD-10,SEA_SHIFT,4,N,N,N
L101802,Meta,UAE,Asia/Dubai,2026-06-25 03:58,,AD-03,US_SHIFT,0,N,N,N
L102138,Organic,Saudi Arabia,Asia/Riyadh,2026-07-28 03:10,2026-07-28 12:39,AD-09,IST_SHIFT,2,Y,Y,N
L104838,Organic,USA,America/New_York,2026-06-14 11:40,2026-06-14 22:29,AD-02,US_SHIFT,0,Y,Y,Y
L104711,Meta,Singapore,Asia/Singapore,2026-07-12 23:12,,AD-09,IST_SHIFT,0,N,N,N
L104472,Affiliate,India,Asia/Kolkata,2026-07-02 12:33,2026-07-06 10:22,AD-10,SEA_SHIFT,5,Y,Y,Y
L102683,DSA,Singapore,Asia/Singapore,2026-06-05 05:46,2026-06-06 04:07,AD-09,IST_SHIFT,0,Y,Y,N
L104075,Meta,UAE,Asia/Dubai,2026-06-17 17:19,2026-06-18 00:10,AD-10,SEA_SHIFT,0,Y,Y,N
L104520,Google,India,Asia/Kolkata,2026-06-06 14:00,2026-06-07 22:13,AD-06,IST_SHIFT,3,N,N,N
L102845,Meta,USA,America/New_York,2026-06-27 05:09,,AD-01,US_SHIFT,2,N,N,N
L100892,Affiliate,UK,Europe/London,2026-07-18 22:18,,AD-09,IST_SHIFT,6,N,N,N
L102985,Google,Vietnam,Asia/Ho_Chi_Minh,2026-06-06 22:14,,AD-06,IST_SHIFT,6,N,N,N
L103858,Meta,Vietnam,Asia/Ho_Chi_Minh,2026-07-14 18:18,,AD-02,US_SHIFT,2,N,N,N
L100048,DSA,USA,America/New_York,2026-07-29 22:42,,AD-07,IST_SHIFT,2,N,N,N
L103906,Meta,UAE,Asia/Dubai,2026-06-30 01:06,,AD-08,IST_SHIFT,1,N,N,N
L100156,DSA,Saudi Arabia,Asia/Riyadh,2026-06-01 02:23,2026-06-01 08:28,AD-03,US_SHIFT,0,Y,Y,N
L104584,Google,USA,America/New_York,2026-06-22 10:26,2026-06-26 11:09,AD-08,IST_SHIFT,0,Y,Y,N
L102706,Meta,UAE,Asia/Dubai,2026-07-06 23:04,2026-07-11 02:58,AD-04,US_SHIFT,1,N,N,N
L102185,DSA,Vietnam,Asia/Ho_Chi_Minh,2026-06-07 03:45,2026-06-12 08:58,AD-11,SEA_SHIFT,4,Y,Y,N
L101402,DSA,USA,America/New_York,2026-07-24 13:21,2026-08-05 00:19,AD-10,SEA_SHIFT,4,N,N,N
L103309,Google,USA,America/New_York,2026-06-04 19:00,2026-06-06 05:08,AD-10,SEA_SHIFT,1,Y,Y,N
L100492,Affiliate,Vietnam,Asia/Ho_Chi_Minh,2026-07-24 12:34,2026-07-25 07:10,AD-07,IST_SHIFT,3,Y,Y,N
L102682,Meta,India,Asia/Kolkata,2026-07-20 08:45,,AD-02,US_SHIFT,2,N,N,N
L103326,Meta,UAE,Asia/Dubai,2026-07-19 01:56,2026-07-23 08:19,AD-03,US_SHIFT,5,Y,N,N
L101236,Meta,UK,Europe/London,2026-06-14 22:37,2026-06-15 06:21,AD-09,IST_SHIFT,1,Y,Y,Y
L100100,Meta,UK,Europe/London,2026-07-15 16:06,2026-07-16 01:15,AD-04,US_SHIFT,2,Y,Y,N
L101256,Meta,USA,America/New_York,2026-07-22 23:36,2026-07-28 14:42,AD-05,IST_SHIFT,2,N,N,N
L103954,Meta,Singapore,Asia/Singapore,2026-07-19 17:42,,AD-03,US_SHIFT,2,N,N,N
L101208,Organic,Vietnam,Asia/Ho_Chi_Minh,2026-07-21 10:37,2026-07-22 17:16,AD-07,IST_SHIFT,3,N,N,N
L103123,Affiliate,USA,America/New_York,2026-06-19 13:48,2026-06-26 04:34,AD-09,IST_SHIFT,2,Y,N,N
L102405,Meta,USA,America/New_York,2026-06-17 06:57,2026-06-18 09:51,AD-05,IST_SHIFT,0,Y,Y,Y
L104463,Meta,Australia,Australia/Sydney,2026-07-24 18:43,,AD-02,US_SHIFT,0,N,N,N
L101258,DSA,USA,America/New_York,2026-07-10 20:16,2026-07-11 10:07,AD-02,US_SHIFT,2,N,N,N
L100513,Organic,India,Asia/Kolkata,2026-06-24 19:15,2026-07-02 00:26,AD-10,SEA_SHIFT,2,Y,Y,N
L102813,Google,UK,Europe/London,2026-06-06 09:44,2026-06-12 06:52,AD-02,US_SHIFT,8,Y,N,N
L100917,Meta,Vietnam,Asia/Ho_Chi_Minh,2026-07-28 01:51,2026-07-29 08:29,AD-10,SEA_SHIFT,2,N,N,N
L104899,Meta,Saudi Arabia,Asia/Riyadh,2026-07-14 10:00,,AD-03,US_SHIFT,2,N,N,N
L100644,Google,Saudi Arabia,Asia/Riyadh,2026-06-14 23:26,2026-06-15 12:55,AD-12,US_SHIFT,5,Y,N,N
L102608,Meta,Australia,Australia/Sydney,2026-07-09 03:22,2026-07-09 20:02,AD-04,US_SHIFT,2,Y,Y,N
L102685,Google,Vietnam,Asia/Ho_Chi_Minh,2026-06-08 16:27,2026-06-11 03:57,AD-12,US_SHIFT,0,N,N,N
L100087,Google,USA,America/New_York,2026-06-16 13:33,2026-06-17 09:07,AD-04,US_SHIFT,1,Y,Y,N
L102691,Meta,Australia,Australia/Sydney,2026-07-19 22:46,2026-07-20 08:23,AD-12,US_SHIFT,1,Y,Y,Y
L101107,Meta,USA,America/New_York,2026-07-25 04:41,,AD-09,IST_SHIFT,2,N,N,N
L104149,DSA,UAE,Asia/Dubai,2026-06-24 22:03,2026-06-25 12:57,AD-09,IST_SHIFT,1,Y,Y,N
L104268,DSA,USA,America/New_York,2026-06-20 08:47,2026-06-20 13:11,AD-11,SEA_SHIFT,0,Y,Y,Y
L103003,Referral,Vietnam,Asia/Ho_Chi_Minh,2026-07-05 04:59,2026-07-07 00:30,AD-07,IST_SHIFT,2,Y,Y,N
L104933,DSA,USA,America/New_York,2026-06-06 14:46,,AD-05,IST_SHIFT,3,N,N,N
L103395,Affiliate,UK,Europe/London,2026-06-29 09:21,,AD-03,US_SHIFT,2,N,N,N
L104459,Meta,UAE,Asia/Dubai,2026-07-13 08:43,2026-07-14 19:24,AD-10,SEA_SHIFT,3,Y,Y,N
L100075,Organic,Singapore,Asia/Singapore,2026-07-09 19:04,2026-07-10 08:35,AD-04,US_SHIFT,0,N,N,N
L103131,Meta,USA,America/New_York,2026-06-25 04:17,2026-06-25 15:47,AD-10,SEA_SHIFT,2,Y,Y,N
L104845,Organic,UK,Europe/London,2026-06-19 22:54,2026-06-25 10:14,AD-02,US_SHIFT,2,N,N,N
L104278,Affiliate,Australia,Australia/Sydney,2026-07-27 12:28,2026-07-31 01:14,AD-02,US_SHIFT,3,Y,Y,N
L103405,Meta,India,Asia/Kolkata,2026-06-15 11:27,2026-06-17 07:11,AD-05,IST_SHIFT,2,N,N,N
L104169,DSA,Australia,Australia/Sydney,2026-06-03 14:14,2026-06-07 10:20,AD-03,US_SHIFT,4,N,N,N
L101736,Affiliate,USA,America/New_York,2026-06-06 00:03,,AD-03,US_SHIFT,2,N,N,N
L101962,DSA,USA,America/New_York,2026-06-16 02:40,2026-06-16 09:30,AD-07,IST_SHIFT,2,Y,N,N
L101188,Affiliate,UAE,Asia/Dubai,2026-06-21 16:32,2026-06-23 00:03,AD-09,IST_SHIFT,3,Y,Y,N
L100067,Meta,USA,America/New_York,2026-06-09 09:59,2026-06-10 13:46,AD-11,SEA_SHIFT,0,Y,Y,N
L102283,Meta,USA,America/New_York,2026-06-22 09:12,,AD-06,IST_SHIFT,1,N,N,N
L103730,Meta,USA,America/New_York,2026-06-22 09:47,2026-06-22 17:35,AD-04,US_SHIFT,0,Y,Y,N
L102604,Meta,Vietnam,Asia/Ho_Chi_Minh,2026-07-06 05:43,,AD-10,SEA_SHIFT,2,N,N,N
L103130,Google,Saudi Arabia,Asia/Riyadh,2026-06-24 16:11,2026-06-25 15:47,AD-07,IST_SHIFT,1,N,N,N
L100411,Meta,USA,America/New_York,2026-07-02 21:03,2026-07-03 17:09,AD-02,US_SHIFT,0,N,N,N
L102235,Affiliate,Singapore,Asia/Singapore,2026-07-16 11:34,2026-07-21 19:12,AD-11,SEA_SHIFT,3,N,N,N
L104279,Google,UK,Europe/London,2026-06-09 23:45,,AD-09,IST_SHIFT,1,N,N,N
L104084,Google,UK,Europe/London,2026-06-25 04:36,,AD-03,US_SHIFT,1,N,N,N
L104085,DSA,UK,Europe/London,2026-07-07 19:42,,AD-08,IST_SHIFT,1,N,N,N
L104050,Meta,Saudi Arabia,Asia/Riyadh,2026-07-27 15:35,2026-07-31 03:00,AD-04,US_SHIFT,1,N,N,N
L100806,Meta,USA,America/New_York,2026-07-16 18:31,2026-07-17 19:35,AD-03,US_SHIFT,3,Y,Y,Y
L101037,Meta,USA,America/New_York,2026-06-21 17:15,2026-06-22 17:15,AD-02,US_SHIFT,1,N,N,N
L101416,DSA,Saudi Arabia,Asia/Riyadh,2026-07-24 07:11,,AD-07,IST_SHIFT,1,N,N,N
L104618,Meta,India,Asia/Kolkata,2026-06-17 21:13,2026-06-18 01:23,AD-06,IST_SHIFT,0,N,N,N
L100863,Meta,Australia,Australia/Sydney,2026-06-08 19:54,2026-06-11 17:41,AD-09,IST_SHIFT,0,Y,Y,N
L104768,Meta,Australia,Australia/Sydney,2026-07-16 02:40,,AD-04,US_SHIFT,2,N,N,N
L103138,DSA,UK,Europe/London,2026-06-22 09:20,2026-06-23 03:33,AD-09,IST_SHIFT,1,Y,Y,N
L103180,Google,UAE,Asia/Dubai,2026-06-18 03:52,2026-06-21 00:59,AD-02,US_SHIFT,2,N,N,N
L103759,Meta,USA,America/New_York,2026-07-10 10:14,2026-07-11 20:01,AD-08,IST_SHIFT,1,Y,Y,N
L100366,Google,USA,America/New_York,2026-07-06 18:16,2026-07-10 03:09,AD-09,IST_SHIFT,2,Y,Y,N
L101292,Google,USA,America/New_York,2026-07-05 13:59,2026-07-06 01:26,AD-05,IST_SHIFT,3,Y,Y,N
L101683,Meta,Australia,Australia/Sydney,2026-06-19 12:47,2026-06-20 22:56,AD-11,SEA_SHIFT,2,Y,Y,N
L101211,Google,USA,America/New_York,2026-06-28 01:34,2026-07-01 10:04,AD-12,US_SHIFT,3,N,N,N
L102287,Organic,USA,America/New_York,2026-06-28 15:58,2026-07-02 21:04,AD-10,SEA_SHIFT,2,N,N,N
L104277,Google,Australia,Australia/Sydney,2026-06-28 01:25,2026-07-03 01:35,AD-11,SEA_SHIFT,3,N,N,N
L101185,Google,USA,America/New_York,2026-06-03 14:02,2026-06-04 16:53,AD-01,US_SHIFT,2,Y,Y,N
L102692,Meta,USA,America/New_York,2026-07-07 14:04,2026-07-08 04:30,AD-06,IST_SHIFT,0,Y,Y,N
L100570,Google,UAE,Asia/Dubai,2026-06-28 16:04,,AD-03,US_SHIFT,3,N,N,N
L102553,Google,USA,America/New_York,2026-07-01 18:03,2026-07-01 23:25,AD-03,US_SHIFT,1,Y,Y,N
L102711,Meta,USA,America/New_York,2026-07-07 05:22,,AD-05,IST_SHIFT,4,N,N,N
L104445,Organic,Singapore,Asia/Singapore,2026-06-01 23:36,,AD-05,IST_SHIFT,3,N,N,N
L100155,Google,USA,America/New_York,2026-06-09 23:08,2026-06-10 17:09,AD-04,US_SHIFT,0,Y,Y,N
L104081,Organic,UK,Europe/London,2026-06-23 05:14,2026-06-23 09:37,AD-02,US_SHIFT,2,Y,Y,N
L103134,Meta,USA,America/New_York,2026-07-28 02:45,2026-07-28 20:25,AD-11,SEA_SHIFT,0,Y,Y,Y
L101859,Affiliate,India,Asia/Kolkata,2026-06-21 00:23,2026-06-22 17:15,AD-06,IST_SHIFT,1,Y,Y,N
L102046,Organic,USA,America/New_York,2026-07-05 13:28,2026-07-06 00:54,AD-09,IST_SHIFT,1,Y,Y,N
L104839,Meta,Singapore,Asia/Singapore,2026-06-25 15:43,,AD-01,US_SHIFT,1,N,N,N
L103517,Meta,USA,America/New_York,2026-06-21 16:53,2026-06-25 04:32,AD-11,SEA_SHIFT,1,Y,Y,N
L103008,Meta,India,Asia/Kolkata,2026-06-24 10:45,,AD-02,US_SHIFT,2,N,N,N
L103175,Meta,USA,America/New_York,2026-07-16 11:21,,AD-03,US_SHIFT,2,N,N,N
L102871,Meta,USA,America/New_York,2026-07-05 18:29,,AD-08,IST_SHIFT,2,N,N,N
L101036,Affiliate,USA,America/New_York,2026-07-27 06:17,2026-07-28 22:31,AD-09,IST_SHIFT,1,N,N,N
L100062,DSA,UK,Europe/London,2026-07-23 20:30,2026-07-28 04:15,AD-07,IST_SHIFT,1,N,N,N
L104043,Google,USA,America/New_York,2026-07-06 00:46,2026-07-06 18:35,AD-03,US_SHIFT,2,N,N,N
L100293,Affiliate,USA,America/New_York,2026-07-21 14:02,,AD-02,US_SHIFT,1,N,N,N
L104880,Meta,Australia,Australia/Sydney,2026-07-18 19:26,2026-07-21 00:23,AD-03,US_SHIFT,3,N,N,N
L104118,Google,USA,America/New_York,2026-06-20 17:15,2026-06-21 21:05,AD-12,US_SHIFT,2,Y,Y,N
L103649,Google,Australia,Australia/Sydney,2026-07-25 15:43,,AD-07,IST_SHIFT,2,N,N,N
L103859,Meta,USA,America/New_York,2026-06-18 14:15,2026-06-24 16:35,AD-06,IST_SHIFT,3,Y,Y,N
L100465,Affiliate,Saudi Arabia,Asia/Riyadh,2026-06-03 07:11,,AD-02,US_SHIFT,4,N,N,N
L104332,Meta,Australia,Australia/Sydney,2026-06-20 22:04,2026-06-26 15:10,AD-09,IST_SHIFT,1,N,N,N
L104443,Meta,Australia,Australia/Sydney,2026-07-15 15:15,,AD-03,US_SHIFT,0,N,N,N
L101072,Organic,Singapore,Asia/Singapore,2026-06-23 20:30,2026-06-24 09:20,AD-01,US_SHIFT,3,Y,Y,N
L100416,Meta,Singapore,Asia/Singapore,2026-06-10 09:21,2026-06-11 11:21,AD-03,US_SHIFT,2,Y,N,N
L104111,Meta,USA,America/New_York,2026-07-15 00:32,2026-07-15 09:47,AD-09,IST_SHIFT,0,Y,Y,N
L104743,DSA,USA,America/New_York,2026-06-03 16:04,2026-06-04 15:31,AD-09,IST_SHIFT,2,N,N,N
L101157,Meta,USA,America/New_York,2026-06-20 02:40,2026-06-22 04:36,AD-03,US_SHIFT,2,Y,Y,Y
L104975,Meta,UAE,Asia/Dubai,2026-06-12 18:29,2026-06-14 20:53,AD-07,IST_SHIFT,2,N,N,N
L100445,Meta,USA,America/New_York,2026-06-20 18:22,2026-06-21 00:27,AD-02,US_SHIFT,2,Y,Y,N
L103135,Google,USA,America/New_York,2026-07-17 17:09,2026-07-20 03:00,AD-05,IST_SHIFT,0,Y,Y,N
L103823,Meta,USA,America/New_York,2026-07-19 23:23,2026-07-23 06:17,AD-05,IST_SHIFT,1,N,N,N
L101235,Google,USA,America/New_York,2026-07-14 06:33,2026-07-14 16:53,AD-05,IST_SHIFT,3,Y,Y,N
L104100,Organic,USA,America/New_York,2026-06-26 13:42,2026-06-27 21:55,AD-04,US_SHIFT,0,Y,Y,N
L101740,Google,Singapore,Asia/Singapore,2026-07-17 07:11,,AD-03,US_SHIFT,1,N,N,N
L103991,Meta,USA,America/New_York,2026-06-17 19:42,,AD-01,US_SHIFT,2,N,N,N
L104271,Affiliate,Vietnam,Asia/Ho_Chi_Minh,2026-06-13 06:15,2026-06-14 00:20,AD-10,SEA_SHIFT,6,Y,Y,N
L100001,Affiliate,USA,America/New_York,2026-07-11 08:03,,AD-08,IST_SHIFT,1,N,N,N
L100002,Meta,Singapore,Asia/Singapore,2026-06-04 20:36,,AD-04,US_SHIFT,1,N,N,N
L100003,Affiliate,Vietnam,Asia/Ho_Chi_Minh,2026-07-06 02:06,2026-07-07 14:58,AD-08,IST_SHIFT,2,Y,Y,N
L100005,Meta,USA,America/New_York,2026-07-24 21:05,,AD-04,US_SHIFT,0,N,N,N
L100007,Google,UK,Europe/London,2026-07-09 02:27,2026-07-12 04:40,AD-05,IST_SHIFT,2,N,N,N
L100008,Google,UAE,Asia/Dubai,2026-07-05 07:31,2026-07-07 23:27,AD-09,IST_SHIFT,2,Y,Y,N
L100009,Meta,USA,America/New_York,2026-06-27 08:10,,AD-11,SEA_SHIFT,3,N,N,N
L100010,Referral,India,Asia/Kolkata,2026-06-19 08:32,,AD-07,IST_SHIFT,3,N,N,N
L100011,DSA,Australia,Australia/Sydney,2026-06-08 10:24,2026-06-13 08:35,AD-12,US_SHIFT,0,Y,Y,N
L100012,Google,Saudi Arabia,Asia/Riyadh,2026-07-29 21:43,2026-07-31 18:42,AD-02,US_SHIFT,0,Y,Y,Y
L100013,Google,USA,America/New_York,2026-07-10 03:21,2026-07-11 07:46,AD-12,US_SHIFT,0,Y,N,N
L100014,Meta,Saudi Arabia,Asia/Riyadh,2026-06-25 08:46,,AD-04,US_SHIFT,0,N,N,N
L100015,DSA,USA,America/New_York,2026-07-13 13:53,,AD-08,IST_SHIFT,2,N,N,N
L100016,Meta,UK,Europe/London,2026-06-17 12:53,2026-06-20 01:59,AD-02,US_SHIFT,2,Y,N,N
L100017,Google,Vietnam,Asia/Ho_Chi_Minh,2026-06-12 14:34,,AD-05,IST_SHIFT,1,N,N,N
L100018,Organic,USA,America/New_York,2026-07-19 05:20,,AD-11,SEA_SHIFT,2,N,N,N
L100019,Meta,India,Asia/Kolkata,2026-06-27 07:43,,AD-08,IST_SHIFT,1,N,N,N
L100020,Google,USA,America/New_York,2026-06-06 05:13,,AD-12,US_SHIFT,0,N,N,N
L100021,Meta,USA,America/New_York,2026-07-20 08:26,,AD-01,US_SHIFT,3,N,N,N
L100022,Meta,Singapore,Asia/Singapore,2026-06-28 22:57,,AD-10,SEA_SHIFT,2,N,N,N
L100023,Affiliate,UAE,Asia/Dubai,2026-06-10 00:43,2026-06-13 09:39,AD-01,US_SHIFT,1,Y,Y,N
L100024,Google,Saudi Arabia,Asia/Riyadh,2026-07-22 09:11,2026-07-25 10:08,AD-08,IST_SHIFT,0,Y,Y,N
L100025,Affiliate,Vietnam,Asia/Ho_Chi_Minh,2026-07-17 07:10,2026-07-21 02:30,AD-07,IST_SHIFT,3,N,N,N
L100026,Meta,UAE,Asia/Dubai,2026-06-26 05:26,2026-06-28 23:23,AD-08,IST_SHIFT,3,N,N,N
L100027,Meta,USA,America/New_York,2026-06-02 13:25,2026-06-03 12:30,AD-03,US_SHIFT,0,N,N,N
L100028,Meta,UK,Europe/London,2026-07-25 19:52,,AD-01,US_SHIFT,3,N,N,N
L100029,Google,USA,America/New_York,2026-07-02 12:22,,AD-06,IST_SHIFT,3,N,N,N
L100030,Meta,Singapore,Asia/Singapore,2026-06-26 18:20,,AD-10,SEA_SHIFT,1,N,N,N
L100031,Meta,UAE,Asia/Dubai,2026-06-15 11:50,2026-06-16 05:18,AD-03,US_SHIFT,1,Y,Y,N
L100032,Meta,USA,America/New_York,2026-07-12 21:42,2026-07-16 07:48,AD-04,US_SHIFT,2,Y,N,N
L100033,Meta,USA,America/New_York,2026-06-10 20:50,2026-06-13 20:25,AD-01,US_SHIFT,2,N,N,N
L100034,Referral,Singapore,Asia/Singapore,2026-06-25 19:58,2026-06-27 15:48,AD-06,IST_SHIFT,0,Y,N,N
L100035,DSA,USA,America/New_York,2026-06-12 18:01,2026-06-14 00:26,AD-09,IST_SHIFT,0,Y,Y,N
L100036,Meta,UAE,Asia/Dubai,2026-06-19 08:43,,AD-06,IST_SHIFT,2,N,N,N
L100037,Google,UAE,Asia/Dubai,2026-06-22 19:42,,AD-01,US_SHIFT,0,N,N,N
L100038,Meta,UAE,Asia/Dubai,2026-06-02 22:28,2026-06-03 03:05,AD-11,SEA_SHIFT,0,N,N,N
L100039,Meta,Vietnam,Asia/Ho_Chi_Minh,2026-07-10 18:01,,AD-03,US_SHIFT,2,N,N,N
L100040,DSA,India,Asia/Kolkata,2026-06-30 20:19,2026-07-03 14:36,AD-04,US_SHIFT,0,N,N,N
L100041,Meta,India,Asia/Kolkata,2026-07-10 15:58,,AD-05,IST_SHIFT,1,N,N,N
L100042,Affiliate,USA,America/New_York,2026-07-20 11:41,,AD-02,US_SHIFT,1,N,N,N
L100043,Meta,Vietnam,Asia/Ho_Chi_Minh,2026-06-29 22:32,2026-06-30 10:00,AD-04,US_SHIFT,0,N,N,N
L100044,Affiliate,UK,Europe/London,2026-07-11 06:34,,AD-07,IST_SHIFT,2,N,N,N
L100045,Organic,India,Asia/Kolkata,2026-07-20 00:34,2026-07-20 07:10,AD-10,SEA_SHIFT,2,N,N,N
L100046,Meta,UK,Europe/London,2026-06-20 15:31,,AD-03,US_SHIFT,2,N,N,N
L100047,Google,USA,America/New_York,2026-07-15 00:15,,AD-06,IST_SHIFT,0,N,N,N
L100049,Affiliate,Vietnam,Asia/Ho_Chi_Minh,2026-06-10 07:12,,AD-03,US_SHIFT,2,N,N,N
L100050,Affiliate,Vietnam,Asia/Ho_Chi_Minh,2026-07-27 11:02,2026-07-30 06:45,AD-12,US_SHIFT,0,Y,Y,Y
L100052,DSA,Saudi Arabia,Asia/Riyadh,2026-07-12 02:06,,AD-09,IST_SHIFT,3,N,N,N
L100053,Google,USA,America/New_York,2026-07-02 22:06,2026-07-07 11:20,AD-03,US_SHIFT,2,N,N,N
L100055,Google,USA,America/New_York,2026-07-20 12:48,2026-07-21 12:31,AD-01,US_SHIFT,3,N,N,N
L100056,Referral,USA,America/New_York,2026-06-19 01:07,2026-06-22 00:30,AD-11,SEA_SHIFT,3,N,N,N
L100057,Meta,India,Asia/Kolkata,2026-07-01 03:22,2026-07-04 18:52,AD-07,IST_SHIFT,1,Y,Y,Y
L100058,Meta,USA,America/New_York,2026-07-03 15:02,2026-07-06 11:00,AD-11,SEA_SHIFT,0,N,N,N
L100059,Google,UK,Europe/London,2026-06-16 03:17,2026-06-17 15:27,AD-07,IST_SHIFT,1,Y,Y,N
L100060,DSA,USA,America/New_York,2026-06-28 01:52,2026-07-02 00:56,AD-08,IST_SHIFT,3,Y,Y,N
L100061,Organic,Vietnam,Asia/Ho_Chi_Minh,2026-07-27 05:30,,AD-04,US_SHIFT,2,N,N,N
L100063,Organic,USA,America/New_York,2026-06-29 05:52,2026-07-01 20:15,AD-09,IST_SHIFT,0,N,N,N
L100064,Meta,Singapore,Asia/Singapore,2026-07-21 05:45,2026-07-22 15:30,AD-07,IST_SHIFT,3,Y,Y,N
L100065,Google,India,Asia/Kolkata,2026-07-27 09:42,2026-07-28 08:49,AD-02,US_SHIFT,0,Y,Y,N
L100066,Meta,India,Asia/Kolkata,2026-07-12 15:16,2026-07-16 22:38,AD-06,IST_SHIFT,2,Y,Y,N
L100068,Google,UK,Europe/London,2026-06-01 23:56,2026-06-03 14:37,AD-10,SEA_SHIFT,1,N,N,N
L100069,Meta,USA,America/New_York,2026-06-18 21:53,2026-06-19 11:56,AD-07,IST_SHIFT,2,Y,N,N
L100070,Meta,Vietnam,Asia/Ho_Chi_Minh,2026-06-04 09:05,2026-06-05 09:16,AD-09,IST_SHIFT,2,N,N,N
L100071,Google,USA,America/New_York,2026-06-04 21:19,,AD-05,IST_SHIFT,2,N,N,N
L100072,Referral,UAE,Asia/Dubai,2026-06-02 16:36,,AD-05,IST_SHIFT,0,N,N,N
L100073,DSA,USA,America/New_York,2026-07-01 18:02,2026-07-03 23:52,AD-12,US_SHIFT,1,Y,Y,N
L100074,Referral,Vietnam,Asia/Ho_Chi_Minh,2026-06-02 04:58,2026-06-04 18:14,AD-05,IST_SHIFT,3,N,N,N
L100076,DSA,Saudi Arabia,Asia/Riyadh,2026-06-28 15:12,,AD-02,US_SHIFT,0,N,N,N
L100077,Meta,USA,America/New_York,2026-07-01 01:23,,AD-07,IST_SHIFT,1,N,N,N
L100079,Meta,Saudi Arabia,Asia/Riyadh,2026-06-16 19:18,2026-06-20 06:59,AD-06,IST_SHIFT,2,N,N,N
L100080,Meta,Australia,Australia/Sydney,2026-07-13 19:56,2026-07-15 22:11,AD-01,US_SHIFT,0,N,N,N
L100081,Meta,USA,America/New_York,2026-07-07 12:11,2026-07-11 00:21,AD-03,US_SHIFT,3,N,N,N
L100082,Organic,UK,Europe/London,2026-06-08 13:32,2026-06-09 23:55,AD-10,SEA_SHIFT,2,N,N,N
L100084,Organic,USA,America/New_York,2026-07-13 17:22,2026-07-14 20:36,AD-09,IST_SHIFT,0,Y,Y,N
L100085,Meta,Vietnam,Asia/Ho_Chi_Minh,2026-07-12 04:35,,AD-11,SEA_SHIFT,3,N,N,N
L100086,Meta,UAE,Asia/Dubai,2026-07-10 19:52,2026-07-12 08:55,AD-01,US_SHIFT,2,Y,Y,N
L100088,Meta,UK,Europe/London,2026-06-16 09:21,,AD-05,IST_SHIFT,3,N,N,N
L100090,DSA,USA,America/New_York,2026-06-30 17:26,2026-07-04 14:04,AD-07,IST_SHIFT,3,Y,N,N
L100091,Meta,USA,America/New_York,2026-07-03 16:04,2026-07-04 23:30,AD-12,US_SHIFT,3,Y,Y,N
L100092,Referral,Australia,Australia/Sydney,2026-07-26 12:15,2026-07-26 15:41,AD-02,US_SHIFT,2,Y,Y,N
L100093,Google,UK,Europe/London,2026-06-16 06:19,,AD-05,IST_SHIFT,0,N,N,N
L100094,Meta,India,Asia/Kolkata,2026-06-19 16:31,2026-06-24 08:46,AD-12,US_SHIFT,1,Y,Y,Y
L100096,Meta,USA,America/New_York,2026-06-12 06:31,2026-06-15 20:05,AD-09,IST_SHIFT,3,Y,Y,N
L100097,Affiliate,India,Asia/Kolkata,2026-06-09 23:43,,AD-06,IST_SHIFT,1,N,N,N
L100098,Google,USA,America/New_York,2026-06-21 02:09,2026-06-22 18:51,AD-12,US_SHIFT,1,N,N,N
L100099,Meta,Saudi Arabia,Asia/Riyadh,2026-06-08 17:15,2026-06-09 04:28,AD-03,US_SHIFT,0,N,N,N
L100101,Meta,UAE,Asia/Dubai,2026-07-17 15:46,2026-07-19 03:47,AD-06,IST_SHIFT,3,Y,Y,N
L100102,Meta,USA,America/New_York,2026-07-12 00:27,2026-07-15 06:01,AD-05,IST_SHIFT,0,N,N,N
L100103,DSA,UAE,Asia/Dubai,2026-06-14 20:18,2026-06-16 14:31,AD-04,US_SHIFT,3,N,N,N
L100104,Affiliate,USA,America/New_York,2026-06-17 08:40,2026-06-20 04:22,AD-03,US_SHIFT,0,N,N,N
L100105,Meta,USA,America/New_York,2026-06-28 09:17,2026-07-01 17:42,AD-10,SEA_SHIFT,3,N,N,N
L100106,Meta,Vietnam,Asia/Ho_Chi_Minh,2026-06-26 10:03,,AD-09,IST_SHIFT,0,N,N,N
L100107,Meta,USA,America/New_York,2026-06-20 01:41,2026-06-21 04:34,AD-05,IST_SHIFT,0,Y,Y,N
L100108,Meta,India,Asia/Kolkata,2026-07-25 06:28,,AD-01,US_SHIFT,0,N,N,N
L100109,Google,USA,America/New_York,2026-06-21 18:19,,AD-07,IST_SHIFT,1,N,N,N
L100110,Meta,UAE,Asia/Dubai,2026-07-23 10:03,2026-07-25 15:00,AD-07,IST_SHIFT,1,N,N,N
L100111,Meta,USA,America/New_York,2026-07-02 11:39,,AD-10,SEA_SHIFT,2,N,N,N
L100112,Affiliate,USA,America/New_York,2026-07-03 08:33,,AD-08,IST_SHIFT,1,N,N,N
L100113,Meta,UK,Europe/London,2026-07-24 00:42,2026-07-25 00:28,AD-01,US_SHIFT,2,Y,Y,Y
L100114,Google,USA,America/New_York,2026-06-29 07:03,,AD-12,US_SHIFT,2,N,N,N
L100116,Meta,India,Asia/Kolkata,2026-06-10 07:02,2026-06-12 00:08,AD-06,IST_SHIFT,2,Y,Y,Y
L100117,Meta,Saudi Arabia,Asia/Riyadh,2026-07-21 22:54,2026-07-26 21:09,AD-08,IST_SHIFT,3,Y,Y,Y
L100118,Meta,UK,Europe/London,2026-07-19 18:07,,AD-12,US_SHIFT,3,N,N,N
L100119,Organic,India,Asia/Kolkata,2026-07-05 05:07,,AD-08,IST_SHIFT,3,N,N,N
L100120,Meta,Vietnam,Asia/Ho_Chi_Minh,2026-06-12 04:18,,AD-05,IST_SHIFT,1,N,N,N
L100121,Meta,Australia,Australia/Sydney,2026-06-17 11:50,2026-06-19 18:09,AD-06,IST_SHIFT,0,N,N,N
L100122,Meta,Saudi Arabia,Asia/Riyadh,2026-06-17 23:08,2026-06-18 09:55,AD-01,US_SHIFT,2,N,N,N
L100123,Meta,India,Asia/Kolkata,2026-06-27 07:30,2026-06-28 22:56,AD-08,IST_SHIFT,0,Y,Y,N
L100124,Meta,USA,America/New_York,2026-07-09 14:55,2026-07-11 19:12,AD-02,US_SHIFT,0,Y,Y,Y
L100125,DSA,USA,America/New_York,2026-06-30 10:06,2026-07-03 18:55,AD-12,US_SHIFT,3,N,N,N
L100126,Organic,Australia,Australia/Sydney,2026-06-15 18:45,2026-06-16 02:42,AD-03,US_SHIFT,2,N,N,N
L100127,Meta,India,Asia/Kolkata,2026-07-29 11:05,2026-07-29 18:58,AD-07,IST_SHIFT,3,Y,Y,N
L100128,Meta,Australia,Australia/Sydney,2026-06-30 20:19,,AD-05,IST_SHIFT,1,N,N,N
L100129,Meta,UK,Europe/London,2026-06-15 15:29,2026-06-17 00:41,AD-11,SEA_SHIFT,2,Y,Y,N
L100130,Meta,Australia,Australia/Sydney,2026-07-08 21:04,,AD-04,US_SHIFT,3,N,N,N
L100133,Google,USA,America/New_York,2026-07-03 16:00,,AD-06,IST_SHIFT,0,N,N,N
L100134,Google,Singapore,Asia/Singapore,2026-06-14 13:37,2026-06-18 23:04,AD-09,IST_SHIFT,2,Y,Y,N
L100135,Affiliate,Saudi Arabia,Asia/Riyadh,2026-06-21 06:45,,AD-02,US_SHIFT,3,N,N,N
L100136,Meta,USA,America/New_York,2026-07-14 12:59,,AD-02,US_SHIFT,1,N,N,N
L100137,Organic,Australia,Australia/Sydney,2026-06-29 20:54,2026-07-02 15:48,AD-09,IST_SHIFT,1,Y,Y,Y
L100139,Google,USA,America/New_York,2026-06-08 05:15,2026-06-10 23:33,AD-07,IST_SHIFT,0,Y,N,N
L100140,Meta,UK,Europe/London,2026-07-24 03:50,2026-07-26 22:46,AD-04,US_SHIFT,1,Y,Y,N
L100141,Affiliate,Vietnam,Asia/Ho_Chi_Minh,2026-06-21 01:12,,AD-07,IST_SHIFT,1,N,N,N
L100142,Google,Singapore,Asia/Singapore,2026-06-23 09:46,,AD-11,SEA_SHIFT,3,N,N,N
L100143,Google,India,Asia/Kolkata,2026-07-08 01:16,,AD-05,IST_SHIFT,0,N,N,N
L100144,Affiliate,UAE,Asia/Dubai,2026-06-12 09:50,,AD-01,US_SHIFT,3,N,N,N
L100146,Meta,Australia,Australia/Sydney,2026-06-11 10:29,2026-06-14 20:00,AD-04,US_SHIFT,1,Y,N,N
L100147,Google,Singapore,Asia/Singapore,2026-06-22 02:31,2026-06-25 16:52,AD-09,IST_SHIFT,0,Y,Y,N
L100148,DSA,USA,America/New_York,2026-07-12 02:22,2026-07-12 12:42,AD-10,SEA_SHIFT,2,N,N,N
L100149,Organic,USA,America/New_York,2026-07-24 11:38,2026-07-25 05:47,AD-04,US_SHIFT,0,N,N,N
L100150,Meta,USA,America/New_York,2026-06-14 18:02,2026-06-18 11:32,AD-06,IST_SHIFT,1,N,N,N
L100151,Organic,Australia,Australia/Sydney,2026-06-21 00:29,2026-06-23 19:29,AD-06,IST_SHIFT,1,N,N,N
L100152,Affiliate,Vietnam,Asia/Ho_Chi_Minh,2026-07-18 17:55,2026-07-20 00:07,AD-05,IST_SHIFT,3,N,N,N
L100153,Google,USA,America/New_York,2026-06-09 17:47,,AD-04,US_SHIFT,0,N,N,N
L100154,Meta,Singapore,Asia/Singapore,2026-06-07 02:21,2026-06-10 06:50,AD-08,IST_SHIFT,1,Y,Y,N
L100157,Affiliate,India,Asia/Kolkata,2026-07-18 03:26,,AD-10,SEA_SHIFT,0,N,N,N
L100158,Affiliate,UK,Europe/London,2026-07-09 05:38,2026-07-14 02:03,AD-08,IST_SHIFT,1,Y,Y,N
L100159,Meta,USA,America/New_York,2026-07-19 08:39,2026-07-23 06:24,AD-07,IST_SHIFT,0,N,N,N
L100160,DSA,Singapore,Asia/Singapore,2026-06-29 13:41,,AD-05,IST_SHIFT,1,N,N,N
L100162,Meta,Australia,Australia/Sydney,2026-07-05 06:12,2026-07-07 04:10,AD-05,IST_SHIFT,0,Y,N,N
L100163,Meta,Vietnam,Asia/Ho_Chi_Minh,2026-07-22 00:40,,AD-02,US_SHIFT,3,N,N,N
L100164,Affiliate,India,Asia/Kolkata,2026-06-10 01:36,2026-06-13 07:46,AD-10,SEA_SHIFT,1,Y,Y,N
L100165,DSA,India,Asia/Kolkata,2026-06-02 18:18,,AD-02,US_SHIFT,2,N,N,N
L100166,Google,Saudi Arabia,Asia/Riyadh,2026-07-22 18:06,2026-07-25 10:38,AD-11,SEA_SHIFT,2,N,N,N
L100167,DSA,India,Asia/Kolkata,2026-06-01 02:08,,AD-07,IST_SHIFT,2,N,N,N
L100168,Meta,Australia,Australia/Sydney,2026-07-18 10:45,,AD-03,US_SHIFT,3,N,N,N
L100169,Organic,UK,Europe/London,2026-07-03 16:59,2026-07-04 07:24,AD-06,IST_SHIFT,2,Y,Y,N
L100170,Google,USA,America/New_York,2026-07-12 05:25,,AD-06,IST_SHIFT,3,N,N,N
L100173,Meta,Australia,Australia/Sydney,2026-06-06 10:42,2026-06-09 09:58,AD-05,IST_SHIFT,1,Y,Y,N
L100174,Meta,Singapore,Asia/Singapore,2026-06-05 02:25,2026-06-08 12:35,AD-01,US_SHIFT,3,N,N,N
L100175,Meta,USA,America/New_York,2026-07-19 06:02,2026-07-19 21:05,AD-10,SEA_SHIFT,0,Y,Y,N
L100176,Meta,Vietnam,Asia/Ho_Chi_Minh,2026-07-25 21:29,2026-07-30 17:15,AD-09,IST_SHIFT,1,Y,Y,N
L100177,Meta,Vietnam,Asia/Ho_Chi_Minh,2026-07-13 12:18,2026-07-14 23:53,AD-02,US_SHIFT,3,Y,Y,N
L100178,Meta,USA,America/New_York,2026-07-03 18:47,,AD-06,IST_SHIFT,2,N,N,N
L100180,Google,Australia,Australia/Sydney,2026-06-27 02:14,,AD-11,SEA_SHIFT,3,N,N,N
L100181,Meta,USA,America/New_York,2026-07-30 08:10,2026-07-31 10:30,AD-05,IST_SHIFT,0,Y,Y,N
L100182,DSA,USA,America/New_York,2026-06-05 16:17,2026-06-07 18:41,AD-05,IST_SHIFT,1,N,N,N
L100184,DSA,USA,America/New_York,2026-07-06 20:41,2026-07-11 02:28,AD-12,US_SHIFT,0,Y,Y,N
L100185,Meta,UAE,Asia/Dubai,2026-07-21 17:35,,AD-02,US_SHIFT,2,N,N,N
L100189,Meta,Vietnam,Asia/Ho_Chi_Minh,2026-07-03 16:03,,AD-03,US_SHIFT,3,N,N,N
L100190,Meta,Australia,Australia/Sydney,2026-07-27 15:28,,AD-12,US_SHIFT,1,N,N,N
L100191,Google,Vietnam,Asia/Ho_Chi_Minh,2026-07-17 14:32,2026-07-20 00:08,AD-01,US_SHIFT,2,N,N,N
L100192,Meta,UK,Europe/London,2026-07-07 23:12,2026-07-08 15:28,AD-10,SEA_SHIFT,2,Y,Y,Y
L100193,Organic,UAE,Asia/Dubai,2026-06-29 10:37,,AD-08,IST_SHIFT,3,N,N,N
L100196,Google,USA,America/New_York,2026-06-14 02:06,2026-06-17 18:22,AD-07,IST_SHIFT,3,N,N,N
L100197,Google,USA,America/New_York,2026-07-21 13:56,2026-07-24 02:26,AD-02,US_SHIFT,3,N,N,N
L100198,Google,USA,America/New_York,2026-07-22 12:05,2026-07-22 21:09,AD-12,US_SHIFT,2,Y,N,N
L100199,Google,Vietnam,Asia/Ho_Chi_Minh,2026-06-24 13:00,,AD-06,IST_SHIFT,3,N,N,N
L100200,Affiliate,USA,America/New_York,2026-07-22 05:47,2026-07-23 11:02,AD-07,IST_SHIFT,3,N,N,N
L100201,Organic,USA,America/New_York,2026-06-10 19:21,,AD-10,SEA_SHIFT,3,N,N,N
L100202,Meta,USA,America/New_York,2026-06-08 03:14,2026-06-09 16:51,AD-04,US_SHIFT,1,Y,Y,N
L100203,DSA,UK,Europe/London,2026-06-26 01:30,2026-06-27 22:34,AD-05,IST_SHIFT,1,Y,N,N
L100204,DSA,India,Asia/Kolkata,2026-06-12 15:54,,AD-09,IST_SHIFT,2,N,N,N
L100205,Google,Vietnam,Asia/Ho_Chi_Minh,2026-07-29 18:04,2026-08-03 16:31,AD-11,SEA_SHIFT,0,N,N,N
L100206,Organic,UAE,Asia/Dubai,2026-06-19 21:33,2026-06-20 10:03,AD-03,US_SHIFT,1,Y,Y,N
L100208,Google,Saudi Arabia,Asia/Riyadh,2026-06-05 19:42,2026-06-08 23:29,AD-05,IST_SHIFT,3,N,N,N
L100209,Meta,USA,America/New_York,2026-07-20 02:05,2026-07-24 10:53,AD-06,IST_SHIFT,1,Y,Y,N
L100211,Affiliate,UAE,Asia/Dubai,2026-06-22 18:33,,AD-09,IST_SHIFT,1,N,N,N
L100214,Google,UK,Europe/London,2026-07-07 08:23,2026-07-08 17:12,AD-01,US_SHIFT,2,Y,N,N
L100215,Meta,UK,Europe/London,2026-06-28 02:34,2026-06-28 05:51,AD-03,US_SHIFT,1,Y,Y,N
L100216,Meta,Vietnam,Asia/Ho_Chi_Minh,2026-06-25 05:55,2026-06-25 08:51,AD-03,US_SHIFT,3,Y,N,N
L100217,Google,UK,Europe/London,2026-06-19 12:21,2026-06-21 02:26,AD-08,IST_SHIFT,3,Y,Y,N
L100218,Meta,India,Asia/Kolkata,2026-07-20 03:32,,AD-07,IST_SHIFT,3,N,N,N
L100219,DSA,Singapore,Asia/Singapore,2026-07-26 10:39,2026-07-27 03:55,AD-07,IST_SHIFT,1,N,N,N
L100220,Google,Vietnam,Asia/Ho_Chi_Minh,2026-06-27 10:14,2026-06-29 07:55,AD-03,US_SHIFT,0,Y,Y,N
L100221,Affiliate,USA,America/New_York,2026-06-12 07:37,2026-06-14 00:53,AD-07,IST_SHIFT,3,Y,Y,N
L100222,Referral,UAE,Asia/Dubai,2026-07-25 08:48,2026-07-27 04:52,AD-01,US_SHIFT,3,Y,Y,N
L100223,Google,India,Asia/Kolkata,2026-07-03 13:18,2026-07-04 14:26,AD-08,IST_SHIFT,0,Y,Y,N
L100224,Google,USA,America/New_York,2026-06-12 02:52,2026-06-15 08:57,AD-10,SEA_SHIFT,0,N,N,N
L100225,Organic,Australia,Australia/Sydney,2026-07-19 23:45,,AD-01,US_SHIFT,2,N,N,N
L100226,Affiliate,USA,America/New_York,2026-06-16 03:06,2026-06-19 13:14,AD-03,US_SHIFT,3,Y,Y,N
L100227,Meta,USA,America/New_York,2026-06-13 09:23,2026-06-15 23:48,AD-03,US_SHIFT,1,N,N,N
L100228,Organic,UAE,Asia/Dubai,2026-06-22 09:14,2026-06-22 18:52,AD-02,US_SHIFT,0,Y,Y,N
L100230,Organic,UAE,Asia/Dubai,2026-07-27 23:23,2026-07-28 01:49,AD-12,US_SHIFT,3,Y,Y,N
L100232,DSA,UK,Europe/London,2026-06-08 14:00,2026-06-10 08:02,AD-06,IST_SHIFT,2,Y,Y,Y
L100233,Meta,USA,America/New_York,2026-06-27 13:36,2026-06-28 16:59,AD-08,IST_SHIFT,3,Y,Y,N
L100234,Meta,USA,America/New_York,2026-07-07 14:47,2026-07-08 12:58,AD-09,IST_SHIFT,2,Y,N,N
L100235,Meta,UK,Europe/London,2026-06-25 21:47,2026-06-28 08:09,AD-09,IST_SHIFT,2,Y,Y,N
L100236,Referral,USA,America/New_York,2026-07-08 06:24,2026-07-11 18:03,AD-04,US_SHIFT,1,N,N,N
L100237,Organic,Vietnam,Asia/Ho_Chi_Minh,2026-07-06 07:45,2026-07-07 06:30,AD-10,SEA_SHIFT,0,Y,Y,N
L100238,Organic,India,Asia/Kolkata,2026-07-09 04:52,,AD-10,SEA_SHIFT,0,N,N,N
L100239,Meta,UK,Europe/London,2026-06-23 18:34,,AD-10,SEA_SHIFT,0,N,N,N
L100240,Affiliate,USA,America/New_York,2026-06-27 18:27,2026-07-02 08:04,AD-03,US_SHIFT,0,N,N,N
L100241,Meta,USA,America/New_York,2026-07-10 04:30,,AD-12,US_SHIFT,0,N,N,N
L100242,Meta,Saudi Arabia,Asia/Riyadh,2026-07-20 16:27,,AD-05,IST_SHIFT,1,N,N,N
L100243,Meta,USA,America/New_York,2026-07-24 09:28,2026-07-26 01:13,AD-08,IST_SHIFT,0,Y,Y,N
L100244,Organic,Singapore,Asia/Singapore,2026-07-27 09:23,2026-07-31 20:10,AD-12,US_SHIFT,2,Y,Y,N
L100246,Organic,USA,America/New_York,2026-07-23 23:23,2026-07-28 07:14,AD-11,SEA_SHIFT,2,N,N,N
L100247,Meta,USA,America/New_York,2026-07-20 03:19,2026-07-21 10:07,AD-04,US_SHIFT,0,Y,Y,N
L100248,Meta,USA,America/New_York,2026-06-04 05:10,,AD-01,US_SHIFT,0,N,N,N
L100249,Meta,Singapore,Asia/Singapore,2026-06-29 08:23,2026-07-03 18:45,AD-02,US_SHIFT,3,Y,Y,Y
L100250,Google,USA,America/New_York,2026-07-13 10:50,,AD-06,IST_SHIFT,3,N,N,N
L100251,Meta,UK,Europe/London,2026-07-21 09:12,2026-07-23 21:39,AD-06,IST_SHIFT,1,Y,Y,N
L100252,Meta,USA,America/New_York,2026-07-09 14:23,,AD-11,SEA_SHIFT,1,N,N,N
L100253,DSA,USA,America/New_York,2026-06-13 10:17,2026-06-15 06:30,AD-07,IST_SHIFT,3,Y,Y,Y
L100254,Google,UK,Europe/London,2026-07-14 03:18,2026-07-16 12:35,AD-12,US_SHIFT,0,Y,Y,N
L100256,Organic,USA,America/New_York,2026-07-24 16:14,,AD-09,IST_SHIFT,0,N,N,N
L100257,Meta,Saudi Arabia,Asia/Riyadh,2026-07-13 09:19,2026-07-17 06:03,AD-11,SEA_SHIFT,3,Y,Y,N
L100258,Organic,Australia,Australia/Sydney,2026-07-03 17:29,2026-07-07 00:36,AD-10,SEA_SHIFT,2,Y,N,N
L100259,Google,USA,America/New_York,2026-06-11 17:53,2026-06-13 03:56,AD-01,US_SHIFT,2,N,N,N
L100260,Google,UK,Europe/London,2026-06-21 03:00,2026-06-21 11:52,AD-10,SEA_SHIFT,1,Y,Y,N
L100261,Google,UAE,Asia/Dubai,2026-07-05 03:38,,AD-09,IST_SHIFT,1,N,N,N
L100262,Meta,USA,America/New_York,2026-07-03 17:09,2026-07-05 14:06,AD-02,US_SHIFT,2,N,N,N
L100263,DSA,Vietnam,Asia/Ho_Chi_Minh,2026-06-04 16:01,2026-06-06 07:25,AD-06,IST_SHIFT,3,N,N,N
L100264,Affiliate,Singapore,Asia/Singapore,2026-06-15 18:22,,AD-06,IST_SHIFT,2,N,N,N
L100265,Google,India,Asia/Kolkata,2026-06-21 21:42,,AD-12,US_SHIFT,0,N,N,N
L100266,Google,UAE,Asia/Dubai,2026-07-20 19:32,,AD-03,US_SHIFT,0,N,N,N
L100267,Meta,UK,Europe/London,2026-06-04 06:56,2026-06-06 19:45,AD-05,IST_SHIFT,0,Y,N,N
L100268,Google,Vietnam,Asia/Ho_Chi_Minh,2026-06-22 03:18,2026-06-26 09:53,AD-06,IST_SHIFT,1,N,N,N
L100269,Organic,UAE,Asia/Dubai,2026-07-28 21:20,,AD-04,US_SHIFT,0,N,N,N
L100270,Meta,Australia,Australia/Sydney,2026-07-02 23:05,2026-07-03 19:30,AD-11,SEA_SHIFT,3,Y,Y,N
L100271,Affiliate,India,Asia/Kolkata,2026-07-20 02:36,2026-07-20 12:00,AD-08,IST_SHIFT,0,Y,Y,N
L100272,DSA,Singapore,Asia/Singapore,2026-06-16 00:06,2026-06-16 06:52,AD-09,IST_SHIFT,1,Y,Y,Y
L100273,Meta,USA,America/New_York,2026-06-23 23:19,2026-06-25 03:39,AD-10,SEA_SHIFT,0,Y,Y,N
L100274,Google,India,Asia/Kolkata,2026-06-10 15:26,,AD-07,IST_SHIFT,1,N,N,N
L100276,Google,USA,America/New_York,2026-07-06 00:36,,AD-04,US_SHIFT,1,N,N,N
L100277,Google,India,Asia/Kolkata,2026-07-26 04:35,2026-07-26 07:02,AD-07,IST_SHIFT,3,Y,Y,Y
L100278,Google,India,Asia/Kolkata,2026-07-02 21:47,,AD-09,IST_SHIFT,3,N,N,N
L100279,Meta,Vietnam,Asia/Ho_Chi_Minh,2026-07-19 05:10,2026-07-23 18:33,AD-01,US_SHIFT,2,N,N,N
L100280,Google,USA,America/New_York,2026-07-13 17:24,2026-07-14 21:36,AD-03,US_SHIFT,0,Y,N,N
L100281,Meta,UK,Europe/London,2026-07-12 09:04,2026-07-14 06:17,AD-04,US_SHIFT,0,Y,Y,N
L100282,Meta,USA,America/New_York,2026-07-01 11:35,2026-07-02 03:59,AD-10,SEA_SHIFT,0,Y,Y,N
L100283,Affiliate,Singapore,Asia/Singapore,2026-07-20 18:34,,AD-05,IST_SHIFT,1,N,N,N
L100284,Google,USA,America/New_York,2026-06-20 05:14,,AD-11,SEA_SHIFT,3,N,N,N
L100285,Affiliate,UK,Europe/London,2026-07-14 16:54,2026-07-17 20:11,AD-04,US_SHIFT,3,N,N,N
L100286,Google,USA,America/New_York,2026-06-04 15:10,2026-06-08 00:57,AD-12,US_SHIFT,1,Y,Y,N
L100287,Affiliate,UK,Europe/London,2026-07-23 14:15,2026-07-24 16:43,AD-10,SEA_SHIFT,2,Y,Y,N
L100288,Google,USA,America/New_York,2026-07-23 18:25,2026-07-25 01:14,AD-02,US_SHIFT,2,Y,Y,Y
L100289,Google,USA,America/New_York,2026-07-13 02:12,,AD-02,US_SHIFT,3,N,N,N
L100290,Meta,UK,Europe/London,2026-06-07 21:08,2026-06-09 15:21,AD-04,US_SHIFT,3,N,N,N
L100291,Meta,USA,America/New_York,2026-06-04 20:07,2026-06-08 13:35,AD-05,IST_SHIFT,2,N,N,N
L100292,Referral,Saudi Arabia,Asia/Riyadh,2026-07-23 06:39,2026-07-23 12:19,AD-07,IST_SHIFT,2,Y,Y,N
L100294,Meta,USA,America/New_York,2026-07-06 16:07,2026-07-11 04:13,AD-02,US_SHIFT,0,N,N,N
L100295,Affiliate,UK,Europe/London,2026-07-15 05:28,2026-07-18 04:23,AD-01,US_SHIFT,0,N,N,N
L100296,Google,Australia,Australia/Sydney,2026-07-17 05:35,,AD-03,US_SHIFT,2,N,N,N
L100297,Meta,USA,America/New_York,2026-07-12 03:49,2026-07-14 06:45,AD-06,IST_SHIFT,2,N,N,N
L100298,Affiliate,Vietnam,Asia/Ho_Chi_Minh,2026-07-27 15:34,2026-07-29 13:27,AD-11,SEA_SHIFT,1,Y,Y,N
L100299,Meta,India,Asia/Kolkata,2026-07-28 11:25,,AD-01,US_SHIFT,0,N,N,N
L100300,Google,India,Asia/Kolkata,2026-06-17 21:35,,AD-10,SEA_SHIFT,1,N,N,N
L100301,Referral,UAE,Asia/Dubai,2026-07-11 23:09,2026-07-16 04:08,AD-08,IST_SHIFT,0,Y,N,N
L100302,Google,Singapore,Asia/Singapore,2026-06-04 14:59,,AD-09,IST_SHIFT,0,N,N,N
L100303,Affiliate,India,Asia/Kolkata,2026-06-17 07:05,2026-06-19 15:20,AD-08,IST_SHIFT,2,N,N,N
L100304,Affiliate,UAE,Asia/Dubai,2026-06-20 22:40,2026-06-21 00:54,AD-08,IST_SHIFT,2,Y,Y,N
L100306,Affiliate,India,Asia/Kolkata,2026-07-07 22:53,,AD-04,US_SHIFT,3,N,N,N
L100307,Organic,UK,Europe/London,2026-06-18 19:51,,AD-11,SEA_SHIFT,3,N,N,N
L100308,Google,Vietnam,Asia/Ho_Chi_Minh,2026-07-01 07:17,2026-07-03 00:26,AD-06,IST_SHIFT,2,N,N,N
L100309,Meta,UAE,Asia/Dubai,2026-07-08 11:03,2026-07-10 03:18,AD-03,US_SHIFT,1,Y,N,N
L100310,DSA,India,Asia/Kolkata,2026-07-22 21:49,2026-07-24 08:29,AD-11,SEA_SHIFT,0,N,N,N
L100311,Meta,USA,America/New_York,2026-07-22 18:35,2026-07-26 06:38,AD-10,SEA_SHIFT,3,N,N,N
L100312,Meta,Vietnam,Asia/Ho_Chi_Minh,2026-07-08 12:28,,AD-03,US_SHIFT,1,N,N,N
L100313,Meta,USA,America/New_York,2026-07-19 09:41,,AD-09,IST_SHIFT,0,N,N,N
L100314,Affiliate,UK,Europe/London,2026-06-01 19:22,2026-06-02 06:01,AD-12,US_SHIFT,3,N,N,N
L100316,Meta,USA,America/New_York,2026-07-24 06:21,2026-07-26 13:14,AD-11,SEA_SHIFT,1,N,N,N
L100317,DSA,USA,America/New_York,2026-07-05 21:55,,AD-05,IST_SHIFT,2,N,N,N
L100319,Meta,UK,Europe/London,2026-06-28 15:33,2026-06-29 18:45,AD-09,IST_SHIFT,2,Y,Y,N
L100320,DSA,Singapore,Asia/Singapore,2026-06-26 02:21,2026-06-28 22:20,AD-04,US_SHIFT,3,N,N,N
L100321,Meta,USA,America/New_York,2026-07-26 19:11,2026-07-30 13:01,AD-09,IST_SHIFT,0,N,N,N
L100322,DSA,Vietnam,Asia/Ho_Chi_Minh,2026-06-29 23:10,,AD-03,US_SHIFT,3,N,N,N
L100323,DSA,Vietnam,Asia/Ho_Chi_Minh,2026-06-25 20:10,2026-06-29 10:48,AD-12,US_SHIFT,0,N,N,N
L100324,DSA,USA,America/New_York,2026-07-21 19:13,,AD-03,US_SHIFT,3,N,N,N
L100326,Meta,USA,America/New_York,2026-06-11 15:37,,AD-09,IST_SHIFT,1,N,N,N
L100327,Google,Australia,Australia/Sydney,2026-07-04 05:07,,AD-07,IST_SHIFT,3,N,N,N
L100329,Meta,UK,Europe/London,2026-07-04 08:26,2026-07-04 20:05,AD-10,SEA_SHIFT,0,Y,Y,Y
L100330,Google,Australia,Australia/Sydney,2026-06-27 19:29,2026-06-29 09:50,AD-11,SEA_SHIFT,3,Y,Y,N
L100331,Meta,USA,America/New_York,2026-07-12 09:33,,AD-02,US_SHIFT,0,N,N,N
L100332,Google,Australia,Australia/Sydney,2026-07-09 08:53,,AD-04,US_SHIFT,1,N,N,N
L100333,Google,USA,America/New_York,2026-07-01 13:23,2026-07-02 07:12,AD-02,US_SHIFT,2,N,N,N
L100334,Meta,Vietnam,Asia/Ho_Chi_Minh,2026-06-21 06:01,2026-06-21 14:46,AD-05,IST_SHIFT,2,Y,Y,N
L100335,Organic,UAE,Asia/Dubai,2026-06-06 18:13,2026-06-07 22:38,AD-07,IST_SHIFT,3,Y,Y,N
L100336,Meta,USA,America/New_York,2026-07-18 14:29,,AD-09,IST_SHIFT,0,N,N,N
L100337,Meta,Australia,Australia/Sydney,2026-06-15 13:52,2026-06-20 04:20,AD-12,US_SHIFT,2,Y,N,N
L100338,DSA,USA,America/New_York,2026-06-06 09:12,2026-06-07 13:34,AD-03,US_SHIFT,3,Y,Y,N
L100339,Meta,Saudi Arabia,Asia/Riyadh,2026-07-06 01:05,2026-07-10 16:58,AD-04,US_SHIFT,2,Y,Y,Y
L100340,Referral,UAE,Asia/Dubai,2026-07-25 21:56,,AD-01,US_SHIFT,0,N,N,N
L100341,Meta,USA,America/New_York,2026-07-27 18:04,,AD-01,US_SHIFT,3,N,N,N
L100342,Google,Vietnam,Asia/Ho_Chi_Minh,2026-06-24 15:59,2026-06-25 19:58,AD-07,IST_SHIFT,1,Y,Y,Y
L100343,Organic,Saudi Arabia,Asia/Riyadh,2026-07-10 10:24,2026-07-12 01:52,AD-01,US_SHIFT,3,Y,Y,N
L100344,Meta,UK,Europe/London,2026-07-03 03:35,2026-07-05 09:28,AD-04,US_SHIFT,3,Y,Y,N
L100345,Meta,India,Asia/Kolkata,2026-06-21 21:36,2026-06-23 01:49,AD-01,US_SHIFT,1,Y,Y,N
L100346,Organic,Vietnam,Asia/Ho_Chi_Minh,2026-06-02 07:16,2026-06-04 02:18,AD-11,SEA_SHIFT,3,Y,Y,Y
L100347,Meta,UK,Europe/London,2026-07-23 03:16,2026-07-27 00:30,AD-09,IST_SHIFT,2,N,N,N
L100348,Google,Australia,Australia/Sydney,2026-06-18 15:37,2026-06-20 17:28,AD-12,US_SHIFT,1,Y,Y,N
L100349,Google,USA,America/New_York,2026-07-01 11:06,2026-07-03 09:20,AD-07,IST_SHIFT,3,Y,Y,N
L100350,Organic,Vietnam,Asia/Ho_Chi_Minh,2026-06-28 08:46,2026-07-02 13:20,AD-11,SEA_SHIFT,0,Y,Y,N
L100351,Google,India,Asia/Kolkata,2026-06-06 09:41,2026-06-09 18:08,AD-12,US_SHIFT,1,N,N,N
L100352,Organic,Vietnam,Asia/Ho_Chi_Minh,2026-06-28 19:48,,AD-02,US_SHIFT,2,N,N,N
L100353,Meta,Australia,Australia/Sydney,2026-07-13 22:00,2026-07-14 03:34,AD-09,IST_SHIFT,3,Y,Y,N
L100354,Meta,Singapore,Asia/Singapore,2026-07-06 05:47,2026-07-10 16:22,AD-10,SEA_SHIFT,2,Y,Y,N
L100355,Meta,UAE,Asia/Dubai,2026-07-02 15:41,,AD-06,IST_SHIFT,2,N,N,N
L100357,DSA,India,Asia/Kolkata,2026-07-08 23:48,2026-07-10 10:21,AD-10,SEA_SHIFT,3,Y,Y,N
L100358,DSA,Vietnam,Asia/Ho_Chi_Minh,2026-07-18 03:49,2026-07-22 11:04,AD-09,IST_SHIFT,0,Y,Y,N
L100359,Google,USA,America/New_York,2026-07-18 19:00,2026-07-20 04:01,AD-02,US_SHIFT,3,Y,Y,N
L100361,Meta,USA,America/New_York,2026-06-25 11:22,,AD-04,US_SHIFT,1,N,N,N
L100362,Google,USA,America/New_York,2026-07-10 06:13,,AD-04,US_SHIFT,3,N,N,N
L100363,Google,Vietnam,Asia/Ho_Chi_Minh,2026-06-17 17:16,2026-06-22 14:19,AD-04,US_SHIFT,3,N,N,N
L100364,Meta,India,Asia/Kolkata,2026-07-27 05:48,,AD-04,US_SHIFT,0,N,N,N
L100365,Meta,Vietnam,Asia/Ho_Chi_Minh,2026-07-17 15:06,2026-07-19 02:06,AD-09,IST_SHIFT,2,Y,Y,N
L100367,Organic,India,Asia/Kolkata,2026-06-11 03:52,,AD-03,US_SHIFT,2,N,N,N
L100368,Meta,Singapore,Asia/Singapore,2026-07-26 00:00,2026-07-27 17:51,AD-11,SEA_SHIFT,1,N,N,N
L100369,Google,UK,Europe/London,2026-06-05 14:16,2026-06-07 03:38,AD-09,IST_SHIFT,0,Y,Y,Y
L100371,DSA,India,Asia/Kolkata,2026-06-17 22:19,,AD-04,US_SHIFT,0,N,N,N
L100373,Google,India,Asia/Kolkata,2026-06-13 19:40,2026-06-15 18:08,AD-07,IST_SHIFT,0,Y,Y,N
L100374,Meta,UK,Europe/London,2026-06-06 19:10,2026-06-10 06:57,AD-08,IST_SHIFT,2,N,N,N
L100375,Meta,Vietnam,Asia/Ho_Chi_Minh,2026-06-13 23:26,2026-06-17 18:31,AD-09,IST_SHIFT,2,N,N,N
L100376,Google,UK,Europe/London,2026-06-07 00:40,,AD-07,IST_SHIFT,1,N,N,N
L100379,Meta,USA,America/New_York,2026-06-23 18:20,2026-06-24 01:51,AD-12,US_SHIFT,1,Y,Y,N
L100380,Meta,Saudi Arabia,Asia/Riyadh,2026-07-04 04:09,2026-07-05 17:35,AD-12,US_SHIFT,3,N,N,N
L100381,Meta,USA,America/New_York,2026-06-01 01:01,2026-06-01 14:22,AD-09,IST_SHIFT,2,N,N,N
L100382,Meta,India,Asia/Kolkata,2026-06-20 16:49,2026-06-23 15:25,AD-05,IST_SHIFT,3,Y,Y,N
L100383,Referral,Australia,Australia/Sydney,2026-07-27 07:14,2026-07-28 18:17,AD-10,SEA_SHIFT,2,Y,Y,N
L100384,Meta,UAE,Asia/Dubai,2026-07-07 23:04,2026-07-09 01:08,AD-11,SEA_SHIFT,2,N,N,N
L100385,Meta,USA,America/New_York,2026-07-26 00:18,,AD-10,SEA_SHIFT,2,N,N,N
L100386,Meta,Saudi Arabia,Asia/Riyadh,2026-06-22 14:26,2026-06-22 23:03,AD-11,SEA_SHIFT,2,Y,Y,N
L100388,Meta,USA,America/New_York,2026-06-23 20:36,2026-06-24 12:23,AD-11,SEA_SHIFT,1,Y,Y,N
L100389,Affiliate,USA,America/New_York,2026-07-25 12:13,2026-07-25 19:20,AD-01,US_SHIFT,3,Y,Y,N
L100390,Organic,Vietnam,Asia/Ho_Chi_Minh,2026-06-13 03:51,,AD-02,US_SHIFT,2,N,N,N
L100391,Organic,India,Asia/Kolkata,2026-06-02 02:31,2026-06-06 19:03,AD-10,SEA_SHIFT,2,Y,Y,N
L100392,DSA,Vietnam,Asia/Ho_Chi_Minh,2026-07-23 14:53,2026-07-27 22:55,AD-09,IST_SHIFT,2,N,N,N
L100393,Google,India,Asia/Kolkata,2026-07-09 11:30,2026-07-11 13:37,AD-10,SEA_SHIFT,3,N,N,N
L100394,Affiliate,Singapore,Asia/Singapore,2026-07-17 02:52,2026-07-18 12:40,AD-11,SEA_SHIFT,0,Y,Y,Y
L100395,Affiliate,UAE,Asia/Dubai,2026-07-14 01:34,2026-07-15 03:14,AD-07,IST_SHIFT,1,N,N,N
L100396,Meta,USA,America/New_York,2026-07-07 23:44,,AD-11,SEA_SHIFT,0,N,N,N
L100397,Meta,USA,America/New_York,2026-07-21 16:44,,AD-05,IST_SHIFT,3,N,N,N
L100398,Affiliate,UK,Europe/London,2026-06-11 20:05,2026-06-12 08:17,AD-02,US_SHIFT,0,N,N,N
L100399,Meta,India,Asia/Kolkata,2026-06-29 07:05,2026-06-30 21:22,AD-05,IST_SHIFT,3,Y,Y,N
L100400,Referral,UK,Europe/London,2026-06-30 18:46,2026-07-01 06:43,AD-04,US_SHIFT,1,N,N,N
L100401,Meta,UK,Europe/London,2026-07-01 10:44,2026-07-03 18:18,AD-02,US_SHIFT,0,N,N,N
L100403,Meta,USA,America/New_York,2026-06-08 20:45,2026-06-09 00:20,AD-06,IST_SHIFT,0,Y,Y,N
L100404,Organic,USA,America/New_York,2026-06-15 17:41,2026-06-19 05:25,AD-06,IST_SHIFT,3,Y,N,N
L100405,Referral,India,Asia/Kolkata,2026-06-09 09:16,2026-06-10 09:04,AD-12,US_SHIFT,3,Y,Y,N
L100406,Google,Vietnam,Asia/Ho_Chi_Minh,2026-07-16 15:23,,AD-11,SEA_SHIFT,1,N,N,N
L100408,Google,UK,Europe/London,2026-07-15 11:52,,AD-02,US_SHIFT,1,N,N,N
L100409,Google,USA,America/New_York,2026-06-29 10:52,2026-07-02 12:12,AD-10,SEA_SHIFT,3,N,N,N
L100410,Organic,UAE,Asia/Dubai,2026-07-15 14:03,,AD-03,US_SHIFT,1,N,N,N
L100413,Meta,India,Asia/Kolkata,2026-07-24 12:17,2026-07-24 23:29,AD-03,US_SHIFT,3,Y,Y,Y
L100417,Meta,Saudi Arabia,Asia/Riyadh,2026-07-06 20:04,2026-07-07 17:27,AD-07,IST_SHIFT,0,N,N,N
L100418,Organic,Singapore,Asia/Singapore,2026-07-21 13:15,2026-07-23 12:07,AD-01,US_SHIFT,2,Y,Y,N
L100420,Google,Singapore,Asia/Singapore,2026-07-11 06:30,2026-07-11 13:52,AD-12,US_SHIFT,3,Y,Y,N
L100421,DSA,Saudi Arabia,Asia/Riyadh,2026-07-08 08:17,2026-07-11 18:26,AD-03,US_SHIFT,1,Y,Y,N
L100424,Google,USA,America/New_York,2026-07-03 21:48,2026-07-07 03:04,AD-09,IST_SHIFT,0,Y,Y,N
L100425,Meta,Australia,Australia/Sydney,2026-06-02 13:40,2026-06-04 01:34,AD-09,IST_SHIFT,0,N,N,N
L100428,Referral,India,Asia/Kolkata,2026-07-23 02:08,2026-07-26 07:42,AD-08,IST_SHIFT,2,Y,Y,N
L100429,Meta,Vietnam,Asia/Ho_Chi_Minh,2026-06-27 06:30,,AD-03,US_SHIFT,0,N,N,N
L100430,Affiliate,UK,Europe/London,2026-06-25 19:12,,AD-09,IST_SHIFT,1,N,N,N
L100432,Affiliate,UAE,Asia/Dubai,2026-07-16 23:57,2026-07-17 17:04,AD-07,IST_SHIFT,3,Y,Y,N
L100434,Meta,USA,America/New_York,2026-06-28 04:07,,AD-02,US_SHIFT,1,N,N,N
L100435,Google,Vietnam,Asia/Ho_Chi_Minh,2026-06-21 18:03,,AD-11,SEA_SHIFT,2,N,N,N
L100436,Google,Singapore,Asia/Singapore,2026-07-01 22:56,,AD-07,IST_SHIFT,3,N,N,N
L100437,Organic,India,Asia/Kolkata,2026-07-10 10:53,2026-07-10 14:46,AD-03,US_SHIFT,2,N,N,N
L100438,Affiliate,UAE,Asia/Dubai,2026-07-05 20:04,2026-07-09 13:21,AD-04,US_SHIFT,0,N,N,N
L100439,Meta,USA,America/New_York,2026-07-01 06:19,2026-07-01 15:07,AD-08,IST_SHIFT,2,Y,Y,N
L100440,Meta,India,Asia/Kolkata,2026-06-05 14:20,,AD-03,US_SHIFT,1,N,N,N
L100441,Meta,Vietnam,Asia/Ho_Chi_Minh,2026-07-25 21:26,,AD-11,SEA_SHIFT,2,N,N,N
L100442,Affiliate,Singapore,Asia/Singapore,2026-07-08 20:13,2026-07-13 02:09,AD-12,US_SHIFT,2,Y,Y,Y
L100443,Google,UK,Europe/London,2026-06-08 09:05,,AD-01,US_SHIFT,3,N,N,N
L100447,Meta,Vietnam,Asia/Ho_Chi_Minh,2026-06-16 13:21,,AD-06,IST_SHIFT,2,N,N,N
L100448,Meta,Vietnam,Asia/Ho_Chi_Minh,2026-06-07 19:05,2026-06-08 04:41,AD-07,IST_SHIFT,3,N,N,N
L100450,DSA,UAE,Asia/Dubai,2026-07-14 02:08,2026-07-18 00:02,AD-03,US_SHIFT,3,N,N,N
L100451,DSA,UAE,Asia/Dubai,2026-07-12 18:40,2026-07-17 16:55,AD-06,IST_SHIFT,1,Y,Y,N
L100452,Meta,India,Asia/Kolkata,2026-06-12 03:51,2026-06-12 18:22,AD-03,US_SHIFT,3,N,N,N
L100454,Meta,USA,America/New_York,2026-06-12 23:27,,AD-05,IST_SHIFT,3,N,N,N
L100455,Meta,UAE,Asia/Dubai,2026-06-23 23:01,,AD-03,US_SHIFT,0,N,N,N
L100456,Google,UAE,Asia/Dubai,2026-06-24 18:30,,AD-08,IST_SHIFT,3,N,N,N
L100457,Meta,India,Asia/Kolkata,2026-07-29 12:55,,AD-09,IST_SHIFT,1,N,N,N
L100458,Organic,Singapore,Asia/Singapore,2026-06-01 11:29,,AD-03,US_SHIFT,2,N,N,N
L100460,Meta,Vietnam,Asia/Ho_Chi_Minh,2026-06-16 04:52,2026-06-18 14:28,AD-09,IST_SHIFT,1,Y,Y,N
L100461,Meta,UK,Europe/London,2026-07-28 01:30,2026-08-01 08:58,AD-09,IST_SHIFT,3,N,N,N
L100462,Meta,UK,Europe/London,2026-06-19 20:09,2026-06-20 04:38,AD-01,US_SHIFT,0,Y,Y,N
L100463,Meta,UK,Europe/London,2026-06-25 14:31,2026-06-27 09:06,AD-01,US_SHIFT,1,Y,N,N
L100464,Meta,India,Asia/Kolkata,2026-07-29 05:57,2026-07-31 07:58,AD-11,SEA_SHIFT,0,Y,Y,Y
L100466,Organic,USA,America/New_York,2026-06-11 06:00,2026-06-12 03:08,AD-03,US_SHIFT,1,N,N,N
L100467,DSA,Singapore,Asia/Singapore,2026-06-07 20:14,,AD-12,US_SHIFT,2,N,N,N
L100468,Google,India,Asia/Kolkata,2026-07-12 06:38,2026-07-12 16:05,AD-06,IST_SHIFT,3,N,N,N
L100469,Meta,India,Asia/Kolkata,2026-07-03 07:24,2026-07-05 03:27,AD-06,IST_SHIFT,3,Y,Y,Y
L100471,Meta,USA,America/New_York,2026-06-10 22:37,2026-06-11 17:17,AD-03,US_SHIFT,2,Y,Y,Y
L100472,Google,India,Asia/Kolkata,2026-07-01 08:32,2026-07-02 17:03,AD-04,US_SHIFT,1,Y,Y,N
L100475,Meta,Vietnam,Asia/Ho_Chi_Minh,2026-06-23 20:38,2026-06-25 11:03,AD-01,US_SHIFT,2,Y,Y,N
L100476,Meta,Australia,Australia/Sydney,2026-06-05 22:03,2026-06-09 15:29,AD-02,US_SHIFT,1,Y,N,N
L100477,Google,Australia,Australia/Sydney,2026-07-18 23:25,2026-07-20 22:12,AD-03,US_SHIFT,3,N,N,N
L100478,Meta,Saudi Arabia,Asia/Riyadh,2026-06-06 03:35,2026-06-06 07:50,AD-12,US_SHIFT,3,Y,Y,N
L100479,Organic,Australia,Australia/Sydney,2026-06-30 13:43,,AD-03,US_SHIFT,1,N,N,N
L100480,Meta,India,Asia/Kolkata,2026-06-29 23:00,2026-07-01 21:03,AD-11,SEA_SHIFT,3,Y,Y,Y
L100481,Google,USA,America/New_York,2026-06-24 23:45,2026-06-26 21:39,AD-09,IST_SHIFT,0,Y,Y,N
L100482,Meta,UK,Europe/London,2026-06-05 00:52,2026-06-05 03:44,AD-10,SEA_SHIFT,3,N,N,N
L100483,Google,UAE,Asia/Dubai,2026-07-02 08:41,2026-07-05 22:52,AD-05,IST_SHIFT,2,Y,Y,N
L100484,Affiliate,Singapore,Asia/Singapore,2026-07-26 16:06,,AD-12,US_SHIFT,3,N,N,N
L100485,Meta,USA,America/New_York,2026-06-02 12:11,2026-06-05 23:48,AD-02,US_SHIFT,1,Y,Y,N
L100486,Google,UK,Europe/London,2026-06-10 15:00,2026-06-11 05:30,AD-06,IST_SHIFT,3,N,N,N
L100487,Google,India,Asia/Kolkata,2026-07-21 08:12,2026-07-21 17:03,AD-08,IST_SHIFT,2,Y,Y,Y
L100488,Meta,USA,America/New_York,2026-06-30 11:04,2026-07-01 07:59,AD-05,IST_SHIFT,2,Y,Y,N
L100489,Meta,Vietnam,Asia/Ho_Chi_Minh,2026-07-14 01:04,,AD-03,US_SHIFT,2,N,N,N
L100490,Google,USA,America/New_York,2026-07-12 00:53,,AD-03,US_SHIFT,0,N,N,N
L100493,Meta,USA,America/New_York,2026-07-09 03:03,2026-07-13 07:57,AD-11,SEA_SHIFT,2,N,N,N
L100494,Google,UAE,Asia/Dubai,2026-07-18 22:10,2026-07-19 03:52,AD-08,IST_SHIFT,0,Y,Y,N
L100495,DSA,Vietnam,Asia/Ho_Chi_Minh,2026-07-09 01:13,,AD-11,SEA_SHIFT,1,N,N,N
L100496,Meta,USA,America/New_York,2026-07-14 10:35,2026-07-15 22:42,AD-04,US_SHIFT,1,Y,Y,N
L100497,Meta,USA,America/New_York,2026-06-05 23:31,2026-06-06 20:16,AD-04,US_SHIFT,0,Y,Y,Y
L100498,Meta,Singapore,Asia/Singapore,2026-06-12 07:27,,AD-02,US_SHIFT,1,N,N,N
L100499,Organic,Australia,Australia/Sydney,2026-07-01 18:09,2026-07-02 12:43,AD-06,IST_SHIFT,3,Y,Y,N
L100501,Google,USA,America/New_York,2026-06-20 18:16,2026-06-25 10:07,AD-06,IST_SHIFT,1,Y,Y,N
L100502,Meta,USA,America/New_York,2026-07-08 01:43,2026-07-09 00:48,AD-12,US_SHIFT,0,N,N,N
L100503,Google,India,Asia/Kolkata,2026-07-17 21:08,,AD-01,US_SHIFT,0,N,N,N
L100504,Meta,Saudi Arabia,Asia/Riyadh,2026-06-09 15:05,,AD-02,US_SHIFT,1,N,N,N
L100505,DSA,Singapore,Asia/Singapore,2026-07-23 00:04,2026-07-26 04:03,AD-02,US_SHIFT,1,N,N,N
L100506,Meta,UAE,Asia/Dubai,2026-07-06 05:11,,AD-11,SEA_SHIFT,3,N,N,N
L100507,Referral,Australia,Australia/Sydney,2026-07-21 18:58,2026-07-24 12:35,AD-02,US_SHIFT,3,N,N,N
L100508,Meta,India,Asia/Kolkata,2026-07-13 18:03,,AD-01,US_SHIFT,1,N,N,N
L100509,Meta,Vietnam,Asia/Ho_Chi_Minh,2026-07-14 15:13,2026-07-15 00:00,AD-10,SEA_SHIFT,1,Y,Y,Y
L100510,Google,USA,America/New_York,2026-06-06 02:51,2026-06-09 17:12,AD-05,IST_SHIFT,3,Y,Y,N
L100512,Google,India,Asia/Kolkata,2026-07-07 03:52,2026-07-09 16:46,AD-01,US_SHIFT,0,N,N,N
L100514,Google,Vietnam,Asia/Ho_Chi_Minh,2026-07-26 12:10,2026-07-26 23:18,AD-04,US_SHIFT,1,Y,Y,N
L100515,Google,Australia,Australia/Sydney,2026-06-19 00:54,,AD-03,US_SHIFT,0,N,N,N
L100516,Organic,USA,America/New_York,2026-06-27 16:30,,AD-10,SEA_SHIFT,1,N,N,N
L100518,Meta,Singapore,Asia/Singapore,2026-06-02 05:12,2026-06-03 03:53,AD-02,US_SHIFT,0,Y,Y,N
L100519,Affiliate,UK,Europe/London,2026-07-20 09:39,2026-07-21 16:44,AD-11,SEA_SHIFT,0,Y,Y,N
L100520,Google,India,Asia/Kolkata,2026-07-02 05:43,2026-07-04 00:07,AD-05,IST_SHIFT,3,Y,Y,N
L100521,DSA,USA,America/New_York,2026-06-26 09:11,2026-06-29 03:29,AD-04,US_SHIFT,0,Y,Y,N
L100522,Google,Singapore,Asia/Singapore,2026-06-27 14:50,2026-07-01 06:44,AD-10,SEA_SHIFT,2,N,N,N
L100523,Meta,Vietnam,Asia/Ho_Chi_Minh,2026-06-05 08:25,,AD-09,IST_SHIFT,3,N,N,N
L100524,Meta,India,Asia/Kolkata,2026-06-15 06:48,,AD-08,IST_SHIFT,3,N,N,N
L100525,Meta,India,Asia/Kolkata,2026-06-18 06:51,,AD-03,US_SHIFT,0,N,N,N
L100526,Referral,USA,America/New_York,2026-06-04 21:11,2026-06-06 08:48,AD-10,SEA_SHIFT,2,N,N,N
L100527,Meta,Vietnam,Asia/Ho_Chi_Minh,2026-07-18 11:20,,AD-02,US_SHIFT,0,N,N,N
L100528,Meta,Vietnam,Asia/Ho_Chi_Minh,2026-07-06 09:35,,AD-12,US_SHIFT,1,N,N,N
L100529,Google,Vietnam,Asia/Ho_Chi_Minh,2026-07-19 20:17,2026-07-21 13:35,AD-02,US_SHIFT,3,Y,Y,N
L100530,DSA,UAE,Asia/Dubai,2026-06-09 02:07,2026-06-09 19:14,AD-08,IST_SHIFT,1,Y,Y,N
L100531,Organic,USA,America/New_York,2026-06-24 10:47,,AD-07,IST_SHIFT,1,N,N,N
L100532,Meta,Singapore,Asia/Singapore,2026-06-19 07:57,,AD-03,US_SHIFT,2,N,N,N
L100533,Meta,Australia,Australia/Sydney,2026-07-25 23:19,,AD-04,US_SHIFT,1,N,N,N
L100534,Meta,India,Asia/Kolkata,2026-07-25 22:15,2026-07-27 05:18,AD-02,US_SHIFT,3,Y,Y,N
L100535,Affiliate,USA,America/New_York,2026-06-06 01:05,2026-06-07 09:33,AD-04,US_SHIFT,3,Y,Y,N
L100536,Google,Saudi Arabia,Asia/Riyadh,2026-06-22 23:18,2026-06-24 03:41,AD-05,IST_SHIFT,3,Y,N,N
L100537,Organic,Singapore,Asia/Singapore,2026-07-29 00:18,,AD-11,SEA_SHIFT,2,N,N,N
L100538,Meta,USA,America/New_York,2026-06-26 10:15,,AD-07,IST_SHIFT,1,N,N,N
L100539,Meta,Vietnam,Asia/Ho_Chi_Minh,2026-06-27 06:55,2026-06-27 20:23,AD-05,IST_SHIFT,1,Y,Y,N
L100540,Meta,India,Asia/Kolkata,2026-06-26 03:30,2026-06-27 00:04,AD-03,US_SHIFT,2,Y,Y,N
L100541,Meta,UAE,Asia/Dubai,2026-06-08 07:32,2026-06-10 15:20,AD-08,IST_SHIFT,0,N,N,N
L100542,Meta,Australia,Australia/Sydney,2026-07-16 15:17,,AD-05,IST_SHIFT,0,N,N,N
L100543,Meta,UAE,Asia/Dubai,2026-06-18 03:43,2026-06-19 05:20,AD-05,IST_SHIFT,2,Y,Y,N
L100544,Meta,USA,America/New_York,2026-06-04 23:35,2026-06-05 12:23,AD-03,US_SHIFT,1,Y,Y,N
L100545,Organic,UK,Europe/London,2026-06-17 15:09,,AD-01,US_SHIFT,1,N,N,N
L100546,Meta,UK,Europe/London,2026-07-14 23:36,,AD-02,US_SHIFT,0,N,N,N
L100547,Affiliate,USA,America/New_York,2026-06-05 18:03,2026-06-06 01:25,AD-09,IST_SHIFT,3,Y,Y,N
L100548,Google,USA,America/New_York,2026-06-04 14:04,,AD-04,US_SHIFT,1,N,N,N
L100549,Google,USA,America/New_York,2026-06-26 00:25,2026-06-28 19:53,AD-07,IST_SHIFT,3,Y,Y,N
L100550,Affiliate,Vietnam,Asia/Ho_Chi_Minh,2026-07-02 18:12,,AD-04,US_SHIFT,3,N,N,N
L100551,Meta,USA,America/New_York,2026-06-27 06:53,,AD-12,US_SHIFT,1,N,N,N
L100552,Organic,Vietnam,Asia/Ho_Chi_Minh,2026-07-06 18:09,2026-07-10 18:09,AD-12,US_SHIFT,2,Y,Y,N
L100553,Organic,Saudi Arabia,Asia/Riyadh,2026-07-27 19:51,2026-07-29 10:02,AD-05,IST_SHIFT,1,N,N,N
L100554,Meta,Singapore,Asia/Singapore,2026-07-28 19:42,2026-08-01 14:02,AD-12,US_SHIFT,2,Y,Y,N
L100555,Meta,UK,Europe/London,2026-07-16 20:37,2026-07-19 15:16,AD-09,IST_SHIFT,1,N,N,N
L100556,DSA,Vietnam,Asia/Ho_Chi_Minh,2026-07-24 08:27,2026-07-25 08:11,AD-02,US_SHIFT,3,Y,Y,N
L100557,Meta,USA,America/New_York,2026-06-07 07:51,,AD-02,US_SHIFT,2,N,N,N
L100558,Affiliate,USA,America/New_York,2026-06-19 16:11,2026-06-19 23:19,AD-12,US_SHIFT,0,Y,Y,N
L100559,DSA,USA,America/New_York,2026-07-21 18:55,,AD-05,IST_SHIFT,0,N,N,N
L100560,Referral,USA,America/New_York,2026-07-09 12:25,2026-07-14 08:16,AD-06,IST_SHIFT,0,Y,Y,N
L100563,Meta,Australia,Australia/Sydney,2026-06-11 20:19,,AD-02,US_SHIFT,3,N,N,N
L100564,Meta,Australia,Australia/Sydney,2026-06-16 13:38,2026-06-19 07:08,AD-08,IST_SHIFT,1,N,N,N
L100565,Google,USA,America/New_York,2026-07-12 03:24,,AD-02,US_SHIFT,3,N,N,N
L100566,Google,Vietnam,Asia/Ho_Chi_Minh,2026-06-18 08:45,2026-06-21 14:50,AD-04,US_SHIFT,0,Y,Y,N
L100568,Organic,USA,America/New_York,2026-07-29 17:41,2026-08-02 20:54,AD-09,IST_SHIFT,1,Y,N,N
L100571,Google,USA,America/New_York,2026-07-28 03:05,2026-07-29 01:05,AD-11,SEA_SHIFT,3,Y,Y,Y
L100572,DSA,UK,Europe/London,2026-06-05 01:43,2026-06-09 22:52,AD-12,US_SHIFT,1,N,N,N
L100573,Google,Vietnam,Asia/Ho_Chi_Minh,2026-07-01 19:11,,AD-09,IST_SHIFT,2,N,N,N
L100574,Meta,USA,America/New_York,2026-07-07 20:45,,AD-06,IST_SHIFT,0,N,N,N
L100575,Referral,UK,Europe/London,2026-07-14 11:47,,AD-04,US_SHIFT,1,N,N,N
L100576,Google,USA,America/New_York,2026-06-06 04:34,2026-06-07 21:20,AD-06,IST_SHIFT,2,Y,Y,Y
L100577,Meta,Vietnam,Asia/Ho_Chi_Minh,2026-06-14 16:44,2026-06-16 09:49,AD-10,SEA_SHIFT,0,N,N,N
L100578,Meta,UK,Europe/London,2026-07-24 00:44,,AD-06,IST_SHIFT,2,N,N,N
L100579,Meta,USA,America/New_York,2026-06-21 15:09,2026-06-23 10:00,AD-02,US_SHIFT,3,Y,Y,N
L100580,Meta,Vietnam,Asia/Ho_Chi_Minh,2026-07-14 14:01,2026-07-14 20:40,AD-01,US_SHIFT,0,N,N,N
L100581,Meta,USA,America/New_York,2026-07-11 02:26,,AD-01,US_SHIFT,2,N,N,N
L100582,Affiliate,Vietnam,Asia/Ho_Chi_Minh,2026-07-17 19:54,2026-07-20 17:11,AD-08,IST_SHIFT,0,N,N,N
L100583,Meta,UAE,Asia/Dubai,2026-07-16 03:02,2026-07-16 08:00,AD-04,US_SHIFT,3,N,N,N
L100585,Google,USA,America/New_York,2026-06-07 16:28,2026-06-08 11:49,AD-07,IST_SHIFT,3,Y,Y,N
L100586,Google,USA,America/New_York,2026-06-14 14:15,2026-06-15 08:31,AD-05,IST_SHIFT,0,Y,Y,N
L100587,Meta,UAE,Asia/Dubai,2026-06-22 17:22,2026-06-24 07:58,AD-05,IST_SHIFT,3,Y,Y,N
L100589,Meta,Saudi Arabia,Asia/Riyadh,2026-07-06 03:55,,AD-02,US_SHIFT,3,N,N,N
L100590,Meta,UK,Europe/London,2026-06-09 09:49,2026-06-11 04:07,AD-03,US_SHIFT,0,N,N,N
L100591,Meta,USA,America/New_York,2026-06-10 04:55,2026-06-11 12:17,AD-12,US_SHIFT,3,Y,Y,Y
L100592,Meta,USA,America/New_York,2026-07-17 16:04,,AD-09,IST_SHIFT,2,N,N,N
L100593,Google,Saudi Arabia,Asia/Riyadh,2026-06-20 11:23,,AD-02,US_SHIFT,0,N,N,N
L100595,Meta,UAE,Asia/Dubai,2026-06-01 00:26,2026-06-05 00:54,AD-12,US_SHIFT,1,N,N,N
L100597,Meta,Singapore,Asia/Singapore,2026-06-17 01:16,,AD-02,US_SHIFT,0,N,N,N
L100598,Meta,Saudi Arabia,Asia/Riyadh,2026-06-29 19:44,,AD-01,US_SHIFT,1,N,N,N
L100599,Organic,Saudi Arabia,Asia/Riyadh,2026-07-22 16:10,,AD-01,US_SHIFT,1,N,N,N
L100600,Meta,USA,America/New_York,2026-06-04 00:53,2026-06-06 03:04,AD-01,US_SHIFT,2,Y,Y,N
L100601,DSA,India,Asia/Kolkata,2026-06-16 14:26,,AD-11,SEA_SHIFT,1,N,N,N
L100602,Google,USA,America/New_York,2026-06-11 22:54,2026-06-16 04:09,AD-12,US_SHIFT,1,N,N,N
L100603,Google,India,Asia/Kolkata,2026-06-30 23:50,,AD-03,US_SHIFT,0,N,N,N
L100604,Referral,Vietnam,Asia/Ho_Chi_Minh,2026-07-01 00:34,2026-07-01 06:21,AD-10,SEA_SHIFT,3,N,N,N
L100605,Meta,USA,America/New_York,2026-07-29 09:55,,AD-02,US_SHIFT,3,N,N,N
L100606,Google,USA,America/New_York,2026-07-29 13:28,,AD-12,US_SHIFT,2,N,N,N
L100607,Meta,USA,America/New_York,2026-06-17 17:05,2026-06-19 08:02,AD-02,US_SHIFT,1,N,N,N
L100608,Referral,UAE,Asia/Dubai,2026-06-08 14:22,,AD-01,US_SHIFT,0,N,N,N
L100609,Organic,Australia,Australia/Sydney,2026-06-09 05:55,,AD-02,US_SHIFT,3,N,N,N
L100610,Meta,Vietnam,Asia/Ho_Chi_Minh,2026-06-13 07:38,2026-06-17 11:18,AD-12,US_SHIFT,3,N,N,N
L100611,Google,USA,America/New_York,2026-07-27 09:26,2026-07-29 03:00,AD-07,IST_SHIFT,2,N,N,N
L100612,Google,USA,America/New_York,2026-07-23 19:30,2026-07-26 10:39,AD-07,IST_SHIFT,2,Y,N,N
L100613,Google,USA,America/New_York,2026-07-21 10:07,2026-07-21 21:23,AD-01,US_SHIFT,0,Y,Y,Y
L100614,Meta,Vietnam,Asia/Ho_Chi_Minh,2026-06-27 12:10,2026-06-29 00:16,AD-09,IST_SHIFT,2,Y,Y,N
L100617,Meta,USA,America/New_York,2026-06-13 08:17,2026-06-16 22:00,AD-10,SEA_SHIFT,3,N,N,N
L100618,Meta,Saudi Arabia,Asia/Riyadh,2026-06-25 22:48,2026-06-28 06:21,AD-05,IST_SHIFT,1,Y,N,N
L100619,Meta,USA,America/New_York,2026-06-07 12:58,2026-06-10 11:00,AD-02,US_SHIFT,1,Y,Y,N
L100620,Meta,USA,America/New_York,2026-07-08 04:34,2026-07-11 05:20,AD-08,IST_SHIFT,2,N,N,N
L100621,Meta,USA,America/New_York,2026-07-08 23:54,,AD-05,IST_SHIFT,0,N,N,N
L100623,Meta,Australia,Australia/Sydney,2026-07-29 11:16,,AD-06,IST_SHIFT,2,N,N,N
L100624,Affiliate,UAE,Asia/Dubai,2026-06-27 17:11,2026-06-28 13:13,AD-07,IST_SHIFT,1,N,N,N
L100626,Google,Vietnam,Asia/Ho_Chi_Minh,2026-07-30 08:36,2026-07-31 12:18,AD-12,US_SHIFT,0,Y,Y,Y
L100627,Google,UK,Europe/London,2026-06-11 20:22,2026-06-12 00:00,AD-12,US_SHIFT,1,Y,Y,N
L100628,DSA,USA,America/New_York,2026-07-14 21:36,2026-07-16 17:16,AD-07,IST_SHIFT,1,Y,Y,N
L100629,DSA,Vietnam,Asia/Ho_Chi_Minh,2026-06-23 15:25,,AD-09,IST_SHIFT,3,N,N,N
L100630,Meta,USA,America/New_York,2026-07-09 14:44,2026-07-11 16:49,AD-01,US_SHIFT,1,N,N,N
L100632,Meta,UK,Europe/London,2026-07-27 21:36,,AD-07,IST_SHIFT,3,N,N,N
L100633,Meta,Australia,Australia/Sydney,2026-07-01 17:24,,AD-02,US_SHIFT,0,N,N,N
L100634,Organic,USA,America/New_York,2026-06-09 13:52,2026-06-13 07:28,AD-03,US_SHIFT,3,Y,Y,Y
L100636,DSA,USA,America/New_York,2026-07-14 12:51,,AD-04,US_SHIFT,3,N,N,N
L100637,Meta,UAE,Asia/Dubai,2026-07-12 19:27,2026-07-17 13:55,AD-01,US_SHIFT,1,N,N,N
L100639,Google,Saudi Arabia,Asia/Riyadh,2026-07-27 13:57,2026-07-29 06:48,AD-04,US_SHIFT,2,Y,Y,N
L100641,Google,USA,America/New_York,2026-07-22 07:41,2026-07-25 17:00,AD-05,IST_SHIFT,3,N,N,N
L100642,Google,Vietnam,Asia/Ho_Chi_Minh,2026-07-28 19:08,,AD-05,IST_SHIFT,3,N,N,N
L100643,Meta,UK,Europe/London,2026-06-08 15:42,2026-06-10 18:56,AD-05,IST_SHIFT,3,Y,Y,Y
L100645,Meta,UAE,Asia/Dubai,2026-07-21 12:02,2026-07-21 22:01,AD-01,US_SHIFT,0,Y,Y,Y
L100646,Organic,USA,America/New_York,2026-06-26 10:25,2026-06-29 06:31,AD-03,US_SHIFT,2,N,N,N
L100647,DSA,Vietnam,Asia/Ho_Chi_Minh,2026-06-06 18:18,2026-06-08 13:45,AD-03,US_SHIFT,0,Y,Y,N
L100648,Referral,USA,America/New_York,2026-07-09 13:37,2026-07-09 19:09,AD-03,US_SHIFT,0,Y,Y,Y
L100649,DSA,UAE,Asia/Dubai,2026-07-30 11:10,2026-07-31 03:40,AD-02,US_SHIFT,1,Y,Y,N
L100652,Meta,Vietnam,Asia/Ho_Chi_Minh,2026-06-21 01:13,2026-06-23 09:34,AD-04,US_SHIFT,0,Y,N,N
L100653,DSA,India,Asia/Kolkata,2026-07-11 12:34,,AD-10,SEA_SHIFT,1,N,N,N
L100654,Meta,Australia,Australia/Sydney,2026-06-18 07:43,2026-06-18 11:36,AD-05,IST_SHIFT,1,Y,Y,N
L100655,Referral,UAE,Asia/Dubai,2026-06-04 02:40,,AD-02,US_SHIFT,0,N,N,N
L100656,Google,Singapore,Asia/Singapore,2026-07-22 17:21,,AD-03,US_SHIFT,0,N,N,N
L100657,Referral,USA,America/New_York,2026-07-18 10:28,2026-07-21 17:13,AD-04,US_SHIFT,2,Y,Y,Y
L100658,Referral,UAE,Asia/Dubai,2026-07-13 23:20,,AD-09,IST_SHIFT,0,N,N,N
L100659,Meta,India,Asia/Kolkata,2026-06-07 13:38,2026-06-10 19:17,AD-09,IST_SHIFT,3,Y,Y,N
L100660,Meta,UAE,Asia/Dubai,2026-07-21 11:25,2026-07-22 07:36,AD-02,US_SHIFT,3,Y,Y,Y
L100662,Google,Australia,Australia/Sydney,2026-06-26 15:29,2026-06-27 02:38,AD-07,IST_SHIFT,3,Y,Y,N
L100663,Google,Vietnam,Asia/Ho_Chi_Minh,2026-07-15 19:06,2026-07-16 07:15,AD-08,IST_SHIFT,0,Y,Y,Y
L100666,Meta,USA,America/New_York,2026-07-18 22:16,2026-07-20 18:51,AD-06,IST_SHIFT,2,N,N,N
L100668,Meta,USA,America/New_York,2026-07-12 12:47,2026-07-12 16:04,AD-09,IST_SHIFT,2,Y,N,N
L100669,Affiliate,Vietnam,Asia/Ho_Chi_Minh,2026-06-30 20:10,2026-07-04 08:19,AD-11,SEA_SHIFT,3,N,N,N
L100670,Meta,UAE,Asia/Dubai,2026-07-10 03:10,2026-07-14 10:32,AD-02,US_SHIFT,3,Y,Y,N
L100671,Google,Australia,Australia/Sydney,2026-07-26 17:34,2026-07-27 09:10,AD-10,SEA_SHIFT,3,N,N,N
L100673,Meta,Saudi Arabia,Asia/Riyadh,2026-07-11 23:32,,AD-06,IST_SHIFT,2,N,N,N
L100675,Google,UAE,Asia/Dubai,2026-06-10 11:42,,AD-01,US_SHIFT,2,N,N,N
L100677,Meta,USA,America/New_York,2026-06-20 06:26,2026-06-24 00:45,AD-08,IST_SHIFT,2,N,N,N
L100679,Google,India,Asia/Kolkata,2026-06-14 17:47,,AD-06,IST_SHIFT,0,N,N,N
L100682,Meta,USA,America/New_York,2026-07-21 17:46,,AD-05,IST_SHIFT,0,N,N,N
L100683,Google,USA,America/New_York,2026-06-10 14:06,2026-06-13 16:29,AD-10,SEA_SHIFT,0,Y,Y,N
L100684,Meta,India,Asia/Kolkata,2026-07-03 03:17,2026-07-04 09:09,AD-03,US_SHIFT,2,Y,Y,N
L100685,Meta,USA,America/New_York,2026-07-11 02:17,,AD-01,US_SHIFT,3,N,N,N
L100686,Meta,Vietnam,Asia/Ho_Chi_Minh,2026-07-25 05:49,,AD-01,US_SHIFT,3,N,N,N
L100688,DSA,UAE,Asia/Dubai,2026-07-14 20:28,,AD-04,US_SHIFT,0,N,N,N
L100689,Organic,UAE,Asia/Dubai,2026-07-10 14:58,2026-07-11 07:31,AD-11,SEA_SHIFT,0,Y,Y,N
L100690,Organic,USA,America/New_York,2026-07-07 02:21,2026-07-10 17:51,AD-06,IST_SHIFT,1,Y,Y,N
L100691,Affiliate,USA,America/New_York,2026-07-17 21:23,2026-07-19 04:34,AD-12,US_SHIFT,2,Y,Y,N
L100692,Google,UK,Europe/London,2026-07-20 18:10,2026-07-21 21:48,AD-06,IST_SHIFT,2,Y,Y,Y
L100693,Meta,USA,America/New_York,2026-07-07 05:33,,AD-03,US_SHIFT,0,N,N,N
L100694,Google,UK,Europe/London,2026-07-06 05:28,,AD-06,IST_SHIFT,1,N,N,N
L100696,Meta,USA,America/New_York,2026-06-18 19:26,2026-06-19 07:35,AD-09,IST_SHIFT,0,Y,Y,N
L100697,DSA,USA,America/New_York,2026-06-08 22:36,,AD-10,SEA_SHIFT,3,N,N,N
L100698,Meta,UAE,Asia/Dubai,2026-06-04 08:13,,AD-06,IST_SHIFT,2,N,N,N
L100701,Meta,Saudi Arabia,Asia/Riyadh,2026-07-23 02:58,2026-07-23 05:38,AD-09,IST_SHIFT,2,N,N,N
L100702,Meta,Australia,Australia/Sydney,2026-06-29 13:53,2026-06-30 03:04,AD-05,IST_SHIFT,0,Y,Y,N
L100703,Organic,Vietnam,Asia/Ho_Chi_Minh,2026-06-23 20:37,2026-06-24 18:02,AD-12,US_SHIFT,2,N,N,N
L100704,Google,Vietnam,Asia/Ho_Chi_Minh,2026-07-02 13:40,,AD-09,IST_SHIFT,1,N,N,N
L100705,Meta,Australia,Australia/Sydney,2026-07-08 17:17,,AD-02,US_SHIFT,1,N,N,N
L100706,Meta,USA,America/New_York,2026-06-21 16:43,2026-06-22 03:15,AD-11,SEA_SHIFT,0,Y,Y,N
L100707,Meta,Singapore,Asia/Singapore,2026-07-06 07:15,2026-07-10 04:23,AD-02,US_SHIFT,2,N,N,N
L100709,Organic,UK,Europe/London,2026-07-04 12:18,2026-07-05 08:42,AD-02,US_SHIFT,0,Y,Y,N
L100710,Meta,UK,Europe/London,2026-07-25 19:02,2026-07-26 19:12,AD-03,US_SHIFT,0,N,N,N
L100711,Meta,India,Asia/Kolkata,2026-07-16 08:54,2026-07-20 04:12,AD-06,IST_SHIFT,0,N,N,N
L100712,Affiliate,UAE,Asia/Dubai,2026-07-12 01:42,2026-07-12 10:53,AD-01,US_SHIFT,2,Y,Y,N
L100713,Meta,USA,America/New_York,2026-07-17 19:03,,AD-02,US_SHIFT,0,N,N,N
L100714,DSA,Australia,Australia/Sydney,2026-06-12 17:00,2026-06-16 23:17,AD-01,US_SHIFT,2,N,N,N
L100715,Meta,USA,America/New_York,2026-06-20 10:32,,AD-03,US_SHIFT,3,N,N,N
L100716,Affiliate,UAE,Asia/Dubai,2026-07-28 04:11,,AD-05,IST_SHIFT,3,N,N,N
L100717,Meta,UK,Europe/London,2026-06-06 19:34,2026-06-07 21:22,AD-04,US_SHIFT,1,Y,Y,N
L100719,Meta,USA,America/New_York,2026-06-04 02:11,,AD-02,US_SHIFT,1,N,N,N
L100720,Referral,UK,Europe/London,2026-06-25 05:18,2026-06-26 15:33,AD-11,SEA_SHIFT,2,Y,Y,N
L100724,Meta,USA,America/New_York,2026-07-22 17:32,,AD-06,IST_SHIFT,0,N,N,N
L100725,Meta,UK,Europe/London,2026-06-08 17:30,2026-06-08 22:33,AD-03,US_SHIFT,1,Y,Y,N
L100726,DSA,UK,Europe/London,2026-06-03 15:59,2026-06-04 16:35,AD-08,IST_SHIFT,1,Y,Y,N
L100727,Google,UAE,Asia/Dubai,2026-06-18 14:18,2026-06-20 00:38,AD-06,IST_SHIFT,2,Y,Y,N
L100728,Organic,Australia,Australia/Sydney,2026-07-17 00:11,2026-07-21 07:38,AD-04,US_SHIFT,0,Y,Y,N
L100729,Meta,Saudi Arabia,Asia/Riyadh,2026-07-18 23:26,2026-07-20 10:06,AD-02,US_SHIFT,1,Y,Y,Y
L100730,Meta,Saudi Arabia,Asia/Riyadh,2026-06-03 01:04,2026-06-07 22:21,AD-03,US_SHIFT,1,N,N,N
L100731,Meta,UK,Europe/London,2026-06-15 10:52,2026-06-20 05:19,AD-03,US_SHIFT,1,Y,Y,N
L100733,Google,USA,America/New_York,2026-07-21 07:10,,AD-01,US_SHIFT,1,N,N,N
L100734,Google,Vietnam,Asia/Ho_Chi_Minh,2026-06-03 19:21,,AD-03,US_SHIFT,2,N,N,N
L100736,Google,Saudi Arabia,Asia/Riyadh,2026-06-15 10:17,2026-06-16 22:48,AD-04,US_SHIFT,0,Y,Y,N
L100738,Affiliate,UAE,Asia/Dubai,2026-06-03 05:32,2026-06-08 02:14,AD-12,US_SHIFT,3,N,N,N
L100740,Affiliate,India,Asia/Kolkata,2026-07-28 21:21,2026-07-29 11:58,AD-05,IST_SHIFT,0,Y,N,N
L100741,Google,USA,America/New_York,2026-07-11 10:01,2026-07-13 01:02,AD-01,US_SHIFT,0,Y,Y,N
L100743,Google,Vietnam,Asia/Ho_Chi_Minh,2026-06-13 12:48,,AD-07,IST_SHIFT,1,N,N,N
L100744,Google,UK,Europe/London,2026-06-20 06:25,2026-06-22 17:15,AD-04,US_SHIFT,0,Y,Y,N
L100745,Referral,USA,America/New_York,2026-07-22 17:55,,AD-01,US_SHIFT,2,N,N,N
L100747,Google,USA,America/New_York,2026-06-30 10:01,2026-06-30 15:07,AD-09,IST_SHIFT,0,Y,Y,N
L100748,Meta,USA,America/New_York,2026-06-09 12:57,,AD-04,US_SHIFT,1,N,N,N
L100749,DSA,UK,Europe/London,2026-07-22 00:29,2026-07-23 02:10,AD-02,US_SHIFT,1,N,N,N
L100750,Meta,Vietnam,Asia/Ho_Chi_Minh,2026-07-21 12:42,2026-07-23 07:52,AD-02,US_SHIFT,3,Y,Y,N
L100751,Meta,Vietnam,Asia/Ho_Chi_Minh,2026-06-02 01:56,2026-06-04 13:22,AD-05,IST_SHIFT,1,N,N,N
L100752,Meta,UK,Europe/London,2026-06-23 08:07,2026-06-23 12:52,AD-02,US_SHIFT,3,Y,Y,N
L100753,Meta,USA,America/New_York,2026-06-01 06:39,2026-06-03 23:04,AD-03,US_SHIFT,2,N,N,N
L100754,Meta,Saudi Arabia,Asia/Riyadh,2026-07-08 13:17,,AD-05,IST_SHIFT,3,N,N,N
L100755,Meta,UAE,Asia/Dubai,2026-06-02 03:46,2026-06-05 06:56,AD-04,US_SHIFT,3,N,N,N
L100756,Meta,Australia,Australia/Sydney,2026-07-15 09:00,,AD-11,SEA_SHIFT,2,N,N,N
L100758,Meta,Saudi Arabia,Asia/Riyadh,2026-07-27 10:30,2026-08-01 06:27,AD-06,IST_SHIFT,2,Y,Y,N
L100759,Meta,USA,America/New_York,2026-07-20 15:41,2026-07-20 21:09,AD-12,US_SHIFT,0,N,N,N
L100761,Referral,USA,America/New_York,2026-06-20 21:03,,AD-12,US_SHIFT,2,N,N,N
L100762,Google,USA,America/New_York,2026-06-10 00:53,2026-06-10 12:33,AD-08,IST_SHIFT,0,N,N,N
L100763,Meta,UK,Europe/London,2026-07-01 13:14,2026-07-03 04:22,AD-02,US_SHIFT,3,Y,Y,N
L100764,Meta,Australia,Australia/Sydney,2026-06-09 02:19,2026-06-13 22:37,AD-11,SEA_SHIFT,3,Y,Y,Y
L100765,DSA,UK,Europe/London,2026-06-28 23:11,,AD-03,US_SHIFT,3,N,N,N
L100768,Meta,USA,America/New_York,2026-07-17 14:14,,AD-04,US_SHIFT,1,N,N,N
L100769,Referral,India,Asia/Kolkata,2026-06-24 03:13,2026-06-24 12:46,AD-05,IST_SHIFT,1,Y,Y,N
L100771,Organic,USA,America/New_York,2026-06-25 10:02,,AD-04,US_SHIFT,2,N,N,N
L100772,Meta,India,Asia/Kolkata,2026-06-24 20:31,2026-06-25 07:46,AD-09,IST_SHIFT,2,N,N,N
L100774,Meta,USA,America/New_York,2026-06-28 15:43,2026-07-03 11:27,AD-11,SEA_SHIFT,0,N,N,N
L100775,Meta,USA,America/New_York,2026-07-17 17:35,,AD-10,SEA_SHIFT,0,N,N,N
L100776,Referral,UK,Europe/London,2026-07-06 07:14,2026-07-07 02:05,AD-06,IST_SHIFT,0,Y,Y,N
L100777,Referral,Australia,Australia/Sydney,2026-07-12 03:31,2026-07-15 13:22,AD-06,IST_SHIFT,2,N,N,N
L100778,DSA,USA,America/New_York,2026-07-25 10:05,2026-07-25 14:29,AD-10,SEA_SHIFT,3,Y,Y,N
L100779,Meta,UAE,Asia/Dubai,2026-07-05 02:28,,AD-08,IST_SHIFT,0,N,N,N
L100780,Meta,USA,America/New_York,2026-07-26 03:32,2026-07-27 03:28,AD-01,US_SHIFT,0,Y,Y,N
L100781,Organic,India,Asia/Kolkata,2026-06-28 15:35,2026-07-03 05:34,AD-05,IST_SHIFT,0,N,N,N
L100782,Organic,India,Asia/Kolkata,2026-07-28 13:35,2026-07-30 10:45,AD-02,US_SHIFT,1,Y,Y,N
L100783,Meta,India,Asia/Kolkata,2026-06-11 00:31,,AD-04,US_SHIFT,1,N,N,N
L100784,Organic,India,Asia/Kolkata,2026-06-15 04:38,,AD-01,US_SHIFT,3,N,N,N
L100785,Meta,UK,Europe/London,2026-07-04 00:36,,AD-06,IST_SHIFT,1,N,N,N
L100786,Meta,USA,America/New_York,2026-06-23 10:41,2026-06-23 23:25,AD-01,US_SHIFT,0,Y,Y,N
L100787,Google,USA,America/New_York,2026-06-01 19:11,,AD-09,IST_SHIFT,1,N,N,N
L100789,Meta,Australia,Australia/Sydney,2026-07-24 00:31,2026-07-28 04:37,AD-12,US_SHIFT,1,Y,Y,Y
L100790,Meta,Vietnam,Asia/Ho_Chi_Minh,2026-07-03 14:28,,AD-12,US_SHIFT,0,N,N,N
L100791,Meta,Vietnam,Asia/Ho_Chi_Minh,2026-07-28 10:06,,AD-09,IST_SHIFT,0,N,N,N
L100792,Meta,Saudi Arabia,Asia/Riyadh,2026-07-12 08:09,2026-07-13 02:27,AD-03,US_SHIFT,0,Y,Y,N
L100793,Google,USA,America/New_York,2026-07-19 23:57,2026-07-20 10:53,AD-06,IST_SHIFT,3,Y,Y,N
L100794,Meta,USA,America/New_York,2026-07-10 23:41,,AD-03,US_SHIFT,2,N,N,N
L100795,Meta,USA,America/New_York,2026-06-11 13:47,2026-06-13 09:28,AD-04,US_SHIFT,2,Y,Y,N
L100796,Google,India,Asia/Kolkata,2026-07-18 07:51,2026-07-18 10:48,AD-07,IST_SHIFT,2,N,N,N
L100797,Meta,USA,America/New_York,2026-06-26 20:46,2026-07-01 19:14,AD-11,SEA_SHIFT,3,Y,N,N
L100801,Meta,USA,America/New_York,2026-07-09 07:49,,AD-05,IST_SHIFT,2,N,N,N
L100802,Affiliate,Vietnam,Asia/Ho_Chi_Minh,2026-06-16 17:25,,AD-09,IST_SHIFT,0,N,N,N
L100803,Google,USA,America/New_York,2026-07-30 00:33,2026-07-31 04:18,AD-03,US_SHIFT,3,Y,Y,N
L100804,Google,Singapore,Asia/Singapore,2026-06-25 01:44,,AD-07,IST_SHIFT,0,N,N,N
L100805,Meta,USA,America/New_York,2026-07-02 10:43,2026-07-02 13:11,AD-01,US_SHIFT,1,Y,Y,N
L100808,Meta,USA,America/New_York,2026-07-21 01:24,2026-07-22 16:47,AD-12,US_SHIFT,0,Y,Y,N
L100809,Google,UAE,Asia/Dubai,2026-07-29 21:22,2026-07-30 04:27,AD-01,US_SHIFT,2,Y,Y,N
L100810,Google,UAE,Asia/Dubai,2026-07-28 14:27,,AD-03,US_SHIFT,1,N,N,N
L100811,DSA,UK,Europe/London,2026-07-25 20:18,,AD-09,IST_SHIFT,2,N,N,N
L100812,Meta,USA,America/New_York,2026-07-24 01:22,,AD-01,US_SHIFT,0,N,N,N
L100813,Google,UAE,Asia/Dubai,2026-07-03 09:37,2026-07-03 15:39,AD-10,SEA_SHIFT,1,N,N,N
L100814,Organic,Singapore,Asia/Singapore,2026-06-23 13:53,2026-06-25 06:08,AD-08,IST_SHIFT,2,Y,Y,N
L100815,Organic,USA,America/New_York,2026-06-09 07:44,2026-06-13 02:11,AD-11,SEA_SHIFT,2,Y,Y,Y
L100816,Meta,USA,America/New_York,2026-06-04 22:38,2026-06-07 22:38,AD-09,IST_SHIFT,3,N,N,N
L100817,Organic,India,Asia/Kolkata,2026-06-01 11:56,2026-06-01 16:13,AD-05,IST_SHIFT,1,N,N,N
L100818,Google,UAE,Asia/Dubai,2026-07-21 11:42,,AD-10,SEA_SHIFT,0,N,N,N
L100819,Google,Singapore,Asia/Singapore,2026-06-22 04:54,2026-06-24 01:43,AD-06,IST_SHIFT,3,N,N,N
L100820,Meta,India,Asia/Kolkata,2026-06-26 00:46,,AD-04,US_SHIFT,2,N,N,N
L100821,DSA,USA,America/New_York,2026-07-04 18:11,,AD-09,IST_SHIFT,3,N,N,N
L100822,Meta,UK,Europe/London,2026-07-01 22:34,2026-07-03 15:30,AD-06,IST_SHIFT,3,Y,Y,N
L100823,Organic,UAE,Asia/Dubai,2026-07-03 00:05,,AD-09,IST_SHIFT,0,N,N,N
L100824,Organic,Vietnam,Asia/Ho_Chi_Minh,2026-07-02 16:05,,AD-09,IST_SHIFT,3,N,N,N
L100825,Affiliate,UK,Europe/London,2026-06-13 20:14,,AD-05,IST_SHIFT,2,N,N,N
L100826,Meta,UK,Europe/London,2026-07-07 20:47,2026-07-08 18:08,AD-02,US_SHIFT,1,Y,Y,N
L100827,Affiliate,USA,America/New_York,2026-07-19 21:06,,AD-06,IST_SHIFT,3,N,N,N
L100828,Meta,India,Asia/Kolkata,2026-07-22 04:17,2026-07-26 08:48,AD-11,SEA_SHIFT,2,Y,Y,N
L100829,Meta,USA,America/New_York,2026-07-19 01:30,,AD-02,US_SHIFT,1,N,N,N
L100830,Affiliate,Saudi Arabia,Asia/Riyadh,2026-07-16 08:30,2026-07-21 06:50,AD-06,IST_SHIFT,1,N,N,N
L100832,Google,USA,America/New_York,2026-06-07 10:29,,AD-11,SEA_SHIFT,2,N,N,N
L100833,Affiliate,India,Asia/Kolkata,2026-06-12 18:31,2026-06-12 22:43,AD-05,IST_SHIFT,0,Y,Y,N
L100834,Meta,Australia,Australia/Sydney,2026-06-14 09:08,2026-06-19 05:13,AD-09,IST_SHIFT,1,N,N,N
L100835,Meta,India,Asia/Kolkata,2026-07-02 05:51,,AD-04,US_SHIFT,0,N,N,N
L100836,Google,USA,America/New_York,2026-06-19 15:44,,AD-12,US_SHIFT,1,N,N,N
L100837,Referral,USA,America/New_York,2026-06-17 04:43,2026-06-18 12:43,AD-07,IST_SHIFT,2,N,N,N
L100838,Meta,UAE,Asia/Dubai,2026-06-19 00:46,2026-06-22 00:32,AD-01,US_SHIFT,1,N,N,N
L100839,DSA,Vietnam,Asia/Ho_Chi_Minh,2026-06-11 20:13,,AD-11,SEA_SHIFT,2,N,N,N
L100841,DSA,Vietnam,Asia/Ho_Chi_Minh,2026-07-16 13:13,2026-07-20 18:01,AD-09,IST_SHIFT,1,Y,Y,Y
L100842,Google,USA,America/New_York,2026-07-04 02:28,,AD-07,IST_SHIFT,2,N,N,N
L100843,Meta,Vietnam,Asia/Ho_Chi_Minh,2026-06-27 22:47,,AD-04,US_SHIFT,2,N,N,N
L100844,Organic,USA,America/New_York,2026-06-13 19:58,2026-06-14 14:54,AD-07,IST_SHIFT,0,N,N,N
L100845,Google,Australia,Australia/Sydney,2026-07-20 15:29,2026-07-23 07:25,AD-03,US_SHIFT,2,Y,Y,N
L100846,Meta,UAE,Asia/Dubai,2026-07-26 05:06,2026-07-26 20:04,AD-04,US_SHIFT,2,Y,Y,Y
L100847,Meta,USA,America/New_York,2026-06-14 03:15,2026-06-15 11:07,AD-04,US_SHIFT,0,Y,Y,N
L100848,Meta,USA,America/New_York,2026-07-09 01:05,,AD-01,US_SHIFT,0,N,N,N
L100849,Meta,Australia,Australia/Sydney,2026-07-03 12:02,,AD-07,IST_SHIFT,3,N,N,N
L100850,Organic,Singapore,Asia/Singapore,2026-07-01 10:00,2026-07-02 21:58,AD-08,IST_SHIFT,3,Y,Y,Y
L100851,Meta,UK,Europe/London,2026-07-11 03:13,2026-07-14 19:51,AD-05,IST_SHIFT,1,N,N,N
L100852,Meta,Vietnam,Asia/Ho_Chi_Minh,2026-07-27 21:05,2026-07-28 05:55,AD-09,IST_SHIFT,2,Y,Y,N
L100853,Affiliate,Vietnam,Asia/Ho_Chi_Minh,2026-06-01 00:05,2026-06-02 08:13,AD-12,US_SHIFT,2,N,N,N
L100854,Affiliate,Australia,Australia/Sydney,2026-06-22 04:13,2026-06-23 05:41,AD-04,US_SHIFT,2,N,N,N
L100855,Google,Singapore,Asia/Singapore,2026-07-14 14:09,,AD-06,IST_SHIFT,0,N,N,N
L100856,Meta,Singapore,Asia/Singapore,2026-06-30 18:25,2026-07-03 20:20,AD-03,US_SHIFT,1,N,N,N
L100857,Meta,USA,America/New_York,2026-06-06 22:53,2026-06-08 20:53,AD-10,SEA_SHIFT,3,Y,N,N
L100858,Organic,USA,America/New_York,2026-07-02 00:42,2026-07-03 15:09,AD-07,IST_SHIFT,3,N,N,N
L100859,DSA,USA,America/New_York,2026-07-21 01:18,2026-07-21 07:23,AD-08,IST_SHIFT,0,Y,N,N
L100861,Meta,Vietnam,Asia/Ho_Chi_Minh,2026-07-26 02:13,2026-07-27 05:24,AD-04,US_SHIFT,0,N,N,N
L100862,Google,USA,America/New_York,2026-07-03 02:56,,AD-05,IST_SHIFT,0,N,N,N
L100864,Affiliate,USA,America/New_York,2026-07-24 23:20,,AD-02,US_SHIFT,1,N,N,N
L100865,Meta,Vietnam,Asia/Ho_Chi_Minh,2026-06-10 20:49,,AD-12,US_SHIFT,2,N,N,N
L100866,Google,UK,Europe/London,2026-06-30 09:34,2026-07-01 06:33,AD-09,IST_SHIFT,0,Y,Y,N
L100867,Google,India,Asia/Kolkata,2026-07-23 06:01,2026-07-24 07:23,AD-08,IST_SHIFT,2,Y,N,N
L100868,Organic,India,Asia/Kolkata,2026-06-18 16:43,2026-06-20 08:09,AD-02,US_SHIFT,0,N,N,N
L100869,Organic,UK,Europe/London,2026-07-21 19:02,,AD-11,SEA_SHIFT,2,N,N,N
L100870,Meta,Vietnam,Asia/Ho_Chi_Minh,2026-06-25 06:43,,AD-08,IST_SHIFT,0,N,N,N
L100871,Google,Vietnam,Asia/Ho_Chi_Minh,2026-07-08 10:55,,AD-02,US_SHIFT,1,N,N,N
L100872,Google,USA,America/New_York,2026-06-07 11:03,2026-06-11 10:28,AD-09,IST_SHIFT,1,N,N,N
L100873,Google,UAE,Asia/Dubai,2026-06-15 01:22,2026-06-16 14:59,AD-02,US_SHIFT,3,Y,Y,N
L100874,Meta,USA,America/New_York,2026-07-21 04:11,2026-07-24 15:25,AD-06,IST_SHIFT,1,N,N,N
L100875,Organic,Vietnam,Asia/Ho_Chi_Minh,2026-07-23 19:18,2026-07-27 04:56,AD-04,US_SHIFT,0,Y,Y,N
L100877,Affiliate,Saudi Arabia,Asia/Riyadh,2026-07-18 02:24,2026-07-18 20:59,AD-12,US_SHIFT,3,Y,Y,Y
L100878,Organic,UAE,Asia/Dubai,2026-07-10 06:00,2026-07-11 15:03,AD-08,IST_SHIFT,0,Y,N,N
L100879,Google,USA,America/New_York,2026-06-15 12:15,2026-06-16 12:32,AD-06,IST_SHIFT,2,N,N,N
L100880,Meta,Saudi Arabia,Asia/Riyadh,2026-07-17 01:12,2026-07-21 00:08,AD-10,SEA_SHIFT,1,N,N,N
L100881,Meta,Australia,Australia/Sydney,2026-07-20 13:47,,AD-07,IST_SHIFT,0,N,N,N
L100882,Google,USA,America/New_York,2026-06-08 22:15,2026-06-10 16:08,AD-10,SEA_SHIFT,1,Y,Y,N
L100883,Meta,Vietnam,Asia/Ho_Chi_Minh,2026-06-29 16:09,2026-07-01 19:34,AD-01,US_SHIFT,1,Y,Y,Y
L100884,Affiliate,India,Asia/Kolkata,2026-06-11 12:48,,AD-07,IST_SHIFT,2,N,N,N
L100885,DSA,Singapore,Asia/Singapore,2026-06-16 19:48,,AD-07,IST_SHIFT,3,N,N,N
L100887,Affiliate,India,Asia/Kolkata,2026-06-05 00:20,,AD-01,US_SHIFT,2,N,N,N
L100888,Affiliate,Vietnam,Asia/Ho_Chi_Minh,2026-07-29 00:50,2026-08-02 18:53,AD-03,US_SHIFT,2,Y,Y,N
L100890,Meta,USA,America/New_York,2026-07-13 16:57,,AD-05,IST_SHIFT,3,N,N,N
L100891,Meta,Saudi Arabia,Asia/Riyadh,2026-07-29 16:33,2026-07-30 03:46,AD-01,US_SHIFT,0,N,N,N
L100893,Meta,Singapore,Asia/Singapore,2026-06-05 19:01,2026-06-10 06:15,AD-01,US_SHIFT,3,N,N,N
L100894,DSA,Singapore,Asia/Singapore,2026-07-26 21:16,2026-07-27 22:43,AD-02,US_SHIFT,1,Y,N,N
L100895,Meta,Australia,Australia/Sydney,2026-06-02 07:39,2026-06-03 05:26,AD-08,IST_SHIFT,0,N,N,N
L100896,Affiliate,USA,America/New_York,2026-06-14 20:36,,AD-01,US_SHIFT,2,N,N,N
L100897,Meta,UAE,Asia/Dubai,2026-06-24 06:42,2026-06-26 22:55,AD-05,IST_SHIFT,3,Y,Y,N
L100898,Google,Vietnam,Asia/Ho_Chi_Minh,2026-07-27 21:12,,AD-06,IST_SHIFT,2,N,N,N
L100899,Google,UAE,Asia/Dubai,2026-07-16 03:49,2026-07-20 12:49,AD-05,IST_SHIFT,2,N,N,N
L100900,Organic,UK,Europe/London,2026-07-01 18:30,,AD-11,SEA_SHIFT,0,N,N,N
L100901,Organic,USA,America/New_York,2026-07-02 08:23,,AD-12,US_SHIFT,1,N,N,N
L100902,Meta,USA,America/New_York,2026-07-12 01:28,2026-07-13 12:57,AD-04,US_SHIFT,0,Y,Y,N
L100903,Meta,India,Asia/Kolkata,2026-07-14 15:26,,AD-04,US_SHIFT,2,N,N,N
L100904,Meta,Vietnam,Asia/Ho_Chi_Minh,2026-07-18 11:16,2026-07-18 14:53,AD-01,US_SHIFT,3,N,N,N
L100906,Organic,UAE,Asia/Dubai,2026-06-10 09:24,2026-06-13 04:12,AD-08,IST_SHIFT,2,N,N,N
L100907,Affiliate,USA,America/New_York,2026-06-13 11:31,,AD-01,US_SHIFT,0,N,N,N
L100908,Referral,USA,America/New_York,2026-07-15 11:09,,AD-01,US_SHIFT,1,N,N,N
L100910,Meta,USA,America/New_York,2026-06-21 16:35,2026-06-22 00:23,AD-03,US_SHIFT,3,N,N,N
L100911,Organic,Vietnam,Asia/Ho_Chi_Minh,2026-06-13 11:14,2026-06-15 02:56,AD-09,IST_SHIFT,2,Y,Y,N
L100912,Google,India,Asia/Kolkata,2026-06-18 06:54,,AD-05,IST_SHIFT,1,N,N,N
L100913,Meta,USA,America/New_York,2026-06-02 02:57,2026-06-04 08:48,AD-01,US_SHIFT,1,Y,Y,N
L100914,Organic,USA,America/New_York,2026-07-11 13:50,2026-07-12 21:47,AD-05,IST_SHIFT,2,Y,Y,N
L100916,Organic,USA,America/New_York,2026-07-15 08:11,2026-07-16 00:34,AD-07,IST_SHIFT,0,Y,Y,N
L100918,Meta,Australia,Australia/Sydney,2026-07-01 17:22,,AD-01,US_SHIFT,1,N,N,N
L100919,Meta,USA,America/New_York,2026-06-26 22:06,,AD-09,IST_SHIFT,1,N,N,N
L100920,Meta,USA,America/New_York,2026-07-05 22:18,,AD-05,IST_SHIFT,1,N,N,N
L100922,Meta,Vietnam,Asia/Ho_Chi_Minh,2026-06-17 22:24,,AD-10,SEA_SHIFT,1,N,N,N
L100923,Meta,USA,America/New_York,2026-06-22 08:05,2026-06-24 23:30,AD-10,SEA_SHIFT,2,Y,Y,N
L100924,Meta,USA,America/New_York,2026-07-17 16:54,2026-07-20 10:30,AD-12,US_SHIFT,0,N,N,N
L100925,Google,UK,Europe/London,2026-07-09 13:54,2026-07-10 23:14,AD-10,SEA_SHIFT,1,Y,Y,N
L100926,Meta,UAE,Asia/Dubai,2026-07-05 20:29,2026-07-07 17:43,AD-09,IST_SHIFT,2,N,N,N
L100927,Google,Vietnam,Asia/Ho_Chi_Minh,2026-07-05 08:49,2026-07-09 14:51,AD-06,IST_SHIFT,2,Y,Y,N
L100928,Meta,USA,America/New_York,2026-07-22 19:01,,AD-09,IST_SHIFT,0,N,N,N
L100930,Referral,UAE,Asia/Dubai,2026-07-17 11:18,,AD-02,US_SHIFT,1,N,N,N
L100931,DSA,Australia,Australia/Sydney,2026-07-20 12:05,2026-07-23 02:01,AD-01,US_SHIFT,0,Y,Y,Y
L100933,Google,India,Asia/Kolkata,2026-06-15 22:57,,AD-02,US_SHIFT,0,N,N,N
L100935,Meta,Vietnam,Asia/Ho_Chi_Minh,2026-07-17 22:32,2026-07-18 05:56,AD-09,IST_SHIFT,1,N,N,N
L100936,Meta,USA,America/New_York,2026-07-22 21:23,2026-07-24 17:16,AD-04,US_SHIFT,3,N,N,N
L100937,Google,UAE,Asia/Dubai,2026-06-18 17:26,,AD-05,IST_SHIFT,1,N,N,N
L100938,Google,UAE,Asia/Dubai,2026-06-19 14:42,2026-06-19 18:05,AD-02,US_SHIFT,0,Y,Y,N
L100939,Google,Vietnam,Asia/Ho_Chi_Minh,2026-07-26 14:37,,AD-05,IST_SHIFT,0,N,N,N
L100940,Meta,Vietnam,Asia/Ho_Chi_Minh,2026-07-08 07:55,2026-07-10 02:03,AD-10,SEA_SHIFT,3,Y,Y,Y
L100941,Organic,USA,America/New_York,2026-07-05 03:03,2026-07-07 01:00,AD-06,IST_SHIFT,2,Y,N,N
L100942,Meta,USA,America/New_York,2026-06-12 00:59,2026-06-16 19:59,AD-12,US_SHIFT,1,N,N,N
L100943,Meta,USA,America/New_York,2026-06-04 00:59,2026-06-06 18:09,AD-06,IST_SHIFT,1,N,N,N
L100944,Affiliate,USA,America/New_York,2026-07-22 08:25,2026-07-27 05:30,AD-10,SEA_SHIFT,3,N,N,N
L100945,Google,USA,America/New_York,2026-07-15 00:00,2026-07-18 09:52,AD-09,IST_SHIFT,1,N,N,N
L100946,Google,Singapore,Asia/Singapore,2026-07-06 08:05,,AD-08,IST_SHIFT,1,N,N,N
L100947,Meta,USA,America/New_York,2026-07-02 23:59,2026-07-04 02:41,AD-09,IST_SHIFT,0,Y,N,N
L100948,Meta,UAE,Asia/Dubai,2026-07-27 13:15,2026-07-28 04:33,AD-03,US_SHIFT,0,Y,Y,N
L100949,Meta,UAE,Asia/Dubai,2026-06-10 20:35,2026-06-15 05:45,AD-04,US_SHIFT,1,Y,Y,Y
L100951,Referral,UK,Europe/London,2026-07-04 18:39,2026-07-08 06:36,AD-06,IST_SHIFT,3,Y,Y,Y
L100952,Meta,UK,Europe/London,2026-07-20 11:12,2026-07-25 00:11,AD-02,US_SHIFT,0,N,N,N
L100953,Meta,USA,America/New_York,2026-06-14 22:27,2026-06-17 14:06,AD-01,US_SHIFT,0,N,N,N
L100954,Organic,Saudi Arabia,Asia/Riyadh,2026-06-14 10:26,2026-06-18 16:01,AD-12,US_SHIFT,3,N,N,N
L100955,Meta,USA,America/New_York,2026-07-08 16:12,2026-07-11 07:36,AD-11,SEA_SHIFT,1,N,N,N
L100956,Meta,USA,America/New_York,2026-07-24 04:09,2026-07-26 08:33,AD-10,SEA_SHIFT,3,N,N,N
L100957,Meta,Australia,Australia/Sydney,2026-07-13 14:43,2026-07-17 05:33,AD-03,US_SHIFT,1,N,N,N
L100958,Google,USA,America/New_York,2026-07-15 05:27,2026-07-16 17:38,AD-06,IST_SHIFT,0,N,N,N
L100959,Meta,UAE,Asia/Dubai,2026-07-14 18:28,2026-07-16 08:42,AD-07,IST_SHIFT,2,Y,Y,N
L100962,Meta,USA,America/New_York,2026-06-22 22:27,,AD-05,IST_SHIFT,0,N,N,N
L100963,Affiliate,USA,America/New_York,2026-06-03 07:57,2026-06-05 17:33,AD-02,US_SHIFT,1,Y,Y,N
L100964,Google,Australia,Australia/Sydney,2026-07-09 20:54,2026-07-11 05:39,AD-11,SEA_SHIFT,0,Y,Y,Y
L100965,Organic,UK,Europe/London,2026-06-13 00:53,,AD-12,US_SHIFT,1,N,N,N
L100966,Google,Singapore,Asia/Singapore,2026-06-13 02:45,2026-06-13 15:51,AD-02,US_SHIFT,1,N,N,N
L100967,Meta,Vietnam,Asia/Ho_Chi_Minh,2026-07-27 23:14,,AD-05,IST_SHIFT,0,N,N,N
L100968,Affiliate,Vietnam,Asia/Ho_Chi_Minh,2026-07-26 23:11,,AD-03,US_SHIFT,0,N,N,N
L100969,DSA,Singapore,Asia/Singapore,2026-06-29 16:49,2026-07-03 16:40,AD-07,IST_SHIFT,0,Y,Y,N
L100970,Organic,USA,America/New_York,2026-07-22 04:33,2026-07-23 02:35,AD-03,US_SHIFT,3,Y,Y,N
L100971,Google,UK,Europe/London,2026-06-05 02:35,,AD-10,SEA_SHIFT,1,N,N,N
L100972,Referral,USA,America/New_York,2026-07-24 02:46,,AD-11,SEA_SHIFT,2,N,N,N
L100973,Organic,India,Asia/Kolkata,2026-07-22 18:11,2026-07-25 11:44,AD-11,SEA_SHIFT,0,N,N,N
L100974,Organic,UAE,Asia/Dubai,2026-06-18 10:57,2026-06-22 19:25,AD-02,US_SHIFT,1,Y,N,N
L100975,Meta,India,Asia/Kolkata,2026-06-23 11:34,2026-06-28 10:01,AD-07,IST_SHIFT,2,Y,N,N
L100976,Meta,India,Asia/Kolkata,2026-07-12 10:19,2026-07-16 15:36,AD-09,IST_SHIFT,0,N,N,N
L100977,Organic,USA,America/New_York,2026-07-29 00:17,2026-07-30 01:57,AD-02,US_SHIFT,1,N,N,N
L100978,Meta,UAE,Asia/Dubai,2026-06-13 19:26,,AD-12,US_SHIFT,3,N,N,N
L100980,Affiliate,USA,America/New_York,2026-06-08 19:23,2026-06-10 14:16,AD-02,US_SHIFT,3,Y,N,N
L100982,Affiliate,UK,Europe/London,2026-06-03 04:49,2026-06-07 16:18,AD-12,US_SHIFT,0,N,N,N
L100983,Meta,Saudi Arabia,Asia/Riyadh,2026-07-14 05:40,2026-07-16 11:36,AD-06,IST_SHIFT,0,Y,Y,N
L100984,Meta,Vietnam,Asia/Ho_Chi_Minh,2026-06-25 17:00,,AD-06,IST_SHIFT,0,N,N,N
L100986,Referral,USA,America/New_York,2026-06-01 11:59,2026-06-03 00:29,AD-08,IST_SHIFT,0,Y,Y,N
L100987,Meta,Singapore,Asia/Singapore,2026-07-14 06:33,2026-07-14 10:58,AD-09,IST_SHIFT,3,Y,Y,N
L100988,Meta,Vietnam,Asia/Ho_Chi_Minh,2026-07-26 14:50,2026-07-27 20:37,AD-12,US_SHIFT,3,Y,Y,N
L100989,Meta,Vietnam,Asia/Ho_Chi_Minh,2026-06-05 18:12,,AD-12,US_SHIFT,1,N,N,N
L100990,Organic,UK,Europe/London,2026-06-25 20:27,2026-06-27 18:50,AD-01,US_SHIFT,3,Y,Y,N
L100991,Affiliate,Saudi Arabia,Asia/Riyadh,2026-06-18 16:58,2026-06-23 02:32,AD-06,IST_SHIFT,3,N,N,N
L100992,Google,USA,America/New_York,2026-07-13 12:55,2026-07-15 19:18,AD-05,IST_SHIFT,0,N,N,N
L100993,Google,UK,Europe/London,2026-06-07 18:49,2026-06-12 02:11,AD-06,IST_SHIFT,1,Y,Y,N
L100994,Meta,UK,Europe/London,2026-06-08 04:05,2026-06-09 21:48,AD-07,IST_SHIFT,2,N,N,N
L100995,Organic,USA,America/New_York,2026-06-29 14:29,2026-07-03 06:45,AD-12,US_SHIFT,3,N,N,N
L100996,Meta,USA,America/New_York,2026-06-17 02:31,,AD-12,US_SHIFT,1,N,N,N
L100997,Organic,Australia,Australia/Sydney,2026-06-28 10:04,2026-07-02 20:14,AD-11,SEA_SHIFT,0,Y,Y,N
L100998,Meta,Vietnam,Asia/Ho_Chi_Minh,2026-07-09 00:45,2026-07-09 22:13,AD-07,IST_SHIFT,3,Y,N,N
L100999,Google,UAE,Asia/Dubai,2026-07-27 14:50,2026-07-29 06:17,AD-01,US_SHIFT,0,Y,Y,Y
L101000,Meta,UAE,Asia/Dubai,2026-07-21 11:28,2026-07-21 14:24,AD-04,US_SHIFT,3,Y,N,N
L101001,Google,USA,America/New_York,2026-07-22 02:36,,AD-02,US_SHIFT,2,N,N,N
L101002,Google,UAE,Asia/Dubai,2026-06-09 06:14,,AD-11,SEA_SHIFT,2,N,N,N
L101004,DSA,UK,Europe/London,2026-06-04 00:05,,AD-03,US_SHIFT,3,N,N,N
L101005,Google,Vietnam,Asia/Ho_Chi_Minh,2026-07-21 21:20,,AD-09,IST_SHIFT,1,N,N,N
L101006,Meta,USA,America/New_York,2026-07-28 17:14,,AD-03,US_SHIFT,0,N,N,N
L101007,Google,India,Asia/Kolkata,2026-06-29 02:56,,AD-02,US_SHIFT,1,N,N,N
L101008,Organic,USA,America/New_York,2026-06-22 01:47,,AD-02,US_SHIFT,1,N,N,N
L101009,Google,USA,America/New_York,2026-07-04 18:29,2026-07-04 23:53,AD-05,IST_SHIFT,1,Y,Y,Y
L101010,Meta,USA,America/New_York,2026-06-07 11:22,,AD-05,IST_SHIFT,2,N,N,N
L101011,Meta,Saudi Arabia,Asia/Riyadh,2026-06-16 11:35,2026-06-20 12:22,AD-07,IST_SHIFT,1,N,N,N
L101013,Affiliate,UAE,Asia/Dubai,2026-07-14 00:31,2026-07-18 13:52,AD-11,SEA_SHIFT,3,N,N,N
L101014,Google,UK,Europe/London,2026-06-05 02:00,2026-06-05 17:51,AD-04,US_SHIFT,2,Y,Y,Y
L101015,Meta,USA,America/New_York,2026-06-20 10:59,2026-06-21 08:46,AD-03,US_SHIFT,0,Y,Y,N
L101016,Organic,India,Asia/Kolkata,2026-06-08 21:52,,AD-12,US_SHIFT,0,N,N,N
L101017,Meta,UAE,Asia/Dubai,2026-07-09 02:45,2026-07-11 12:36,AD-11,SEA_SHIFT,0,Y,Y,N
L101018,DSA,UK,Europe/London,2026-07-05 23:11,2026-07-10 03:06,AD-02,US_SHIFT,3,Y,N,N
L101019,DSA,USA,America/New_York,2026-06-14 04:47,2026-06-16 07:30,AD-06,IST_SHIFT,1,N,N,N
L101020,Affiliate,UK,Europe/London,2026-07-06 11:14,2026-07-07 16:10,AD-04,US_SHIFT,0,N,N,N
L101021,Meta,UAE,Asia/Dubai,2026-06-05 23:43,2026-06-06 14:30,AD-06,IST_SHIFT,3,Y,Y,Y
L101022,Google,Saudi Arabia,Asia/Riyadh,2026-06-18 09:24,,AD-08,IST_SHIFT,1,N,N,N
L101023,Google,Saudi Arabia,Asia/Riyadh,2026-06-26 02:43,,AD-12,US_SHIFT,0,N,N,N
L101024,Meta,USA,America/New_York,2026-06-09 01:07,,AD-04,US_SHIFT,3,N,N,N
L101025,Meta,USA,America/New_York,2026-07-06 01:01,2026-07-06 19:42,AD-05,IST_SHIFT,2,N,N,N
L101026,Meta,Saudi Arabia,Asia/Riyadh,2026-07-03 04:11,2026-07-04 07:18,AD-10,SEA_SHIFT,3,Y,Y,N
L101027,Meta,USA,America/New_York,2026-06-26 19:50,2026-06-28 12:14,AD-08,IST_SHIFT,2,Y,N,N
L101028,Meta,India,Asia/Kolkata,2026-07-15 00:51,,AD-08,IST_SHIFT,0,N,N,N
L101029,Meta,USA,America/New_York,2026-07-11 22:28,2026-07-16 05:07,AD-04,US_SHIFT,3,N,N,N
L101030,Google,Vietnam,Asia/Ho_Chi_Minh,2026-06-02 00:30,2026-06-06 03:04,AD-10,SEA_SHIFT,1,Y,Y,N
L101031,Organic,Vietnam,Asia/Ho_Chi_Minh,2026-06-11 16:28,2026-06-14 08:52,AD-03,US_SHIFT,3,Y,Y,N
L101033,Meta,India,Asia/Kolkata,2026-06-01 03:22,,AD-03,US_SHIFT,1,N,N,N
L101034,Meta,Singapore,Asia/Singapore,2026-06-17 01:19,2026-06-18 13:50,AD-05,IST_SHIFT,0,Y,Y,Y
L101035,Google,Singapore,Asia/Singapore,2026-07-03 08:55,2026-07-04 19:13,AD-11,SEA_SHIFT,0,Y,N,N
L101038,Organic,Vietnam,Asia/Ho_Chi_Minh,2026-07-27 22:00,2026-07-29 20:14,AD-12,US_SHIFT,2,Y,N,N
L101039,Google,Vietnam,Asia/Ho_Chi_Minh,2026-06-18 03:09,2026-06-19 00:46,AD-03,US_SHIFT,2,Y,Y,N
L101040,Google,USA,America/New_York,2026-06-28 19:19,,AD-07,IST_SHIFT,1,N,N,N
L101041,Meta,Australia,Australia/Sydney,2026-06-02 03:38,2026-06-03 20:59,AD-12,US_SHIFT,2,Y,Y,N
L101042,Organic,Singapore,Asia/Singapore,2026-06-27 12:15,2026-06-30 23:47,AD-08,IST_SHIFT,2,N,N,N
L101043,DSA,Vietnam,Asia/Ho_Chi_Minh,2026-06-14 18:21,2026-06-16 01:44,AD-02,US_SHIFT,3,Y,Y,N
L101044,Meta,UK,Europe/London,2026-07-09 17:13,,AD-08,IST_SHIFT,1,N,N,N
L101045,Meta,Singapore,Asia/Singapore,2026-07-15 07:34,2026-07-19 06:14,AD-01,US_SHIFT,1,Y,Y,Y
L101047,Meta,UK,Europe/London,2026-06-04 07:12,,AD-04,US_SHIFT,2,N,N,N
L101048,Organic,USA,America/New_York,2026-06-09 06:43,2026-06-12 19:36,AD-08,IST_SHIFT,3,N,N,N
L101049,Meta,India,Asia/Kolkata,2026-07-11 18:50,,AD-04,US_SHIFT,1,N,N,N
L101050,Google,USA,America/New_York,2026-07-28 22:15,2026-08-01 09:29,AD-06,IST_SHIFT,1,N,N,N
L101051,Affiliate,USA,America/New_York,2026-06-14 08:55,2026-06-14 15:36,AD-01,US_SHIFT,3,N,N,N
L101052,Meta,USA,America/New_York,2026-06-14 13:11,,AD-09,IST_SHIFT,2,N,N,N
L101053,Google,Singapore,Asia/Singapore,2026-07-17 19:50,2026-07-18 01:15,AD-02,US_SHIFT,3,Y,Y,Y
L101054,Meta,USA,America/New_York,2026-06-14 17:07,2026-06-15 14:29,AD-07,IST_SHIFT,3,Y,Y,N
L101055,Google,Vietnam,Asia/Ho_Chi_Minh,2026-06-01 01:01,2026-06-01 14:37,AD-12,US_SHIFT,1,Y,Y,N
L101056,Organic,USA,America/New_York,2026-07-15 19:55,2026-07-16 03:45,AD-06,IST_SHIFT,3,Y,Y,N
L101061,Meta,Australia,Australia/Sydney,2026-07-13 07:20,2026-07-15 04:51,AD-03,US_SHIFT,1,Y,Y,N
L101063,Google,USA,America/New_York,2026-07-20 18:19,2026-07-21 13:42,AD-08,IST_SHIFT,1,Y,N,N
L101064,Meta,USA,America/New_York,2026-07-27 01:05,2026-07-30 07:14,AD-06,IST_SHIFT,0,Y,Y,N
L101065,Meta,USA,America/New_York,2026-07-10 01:54,2026-07-14 20:57,AD-09,IST_SHIFT,1,Y,Y,Y
L101066,Meta,Singapore,Asia/Singapore,2026-06-17 09:37,2026-06-20 03:16,AD-02,US_SHIFT,1,Y,Y,N
L101067,Meta,Singapore,Asia/Singapore,2026-06-14 01:47,,AD-07,IST_SHIFT,2,N,N,N
L101068,Google,USA,America/New_York,2026-07-28 01:27,,AD-04,US_SHIFT,0,N,N,N
L101069,Meta,UK,Europe/London,2026-07-17 13:22,,AD-03,US_SHIFT,3,N,N,N
L101070,Meta,India,Asia/Kolkata,2026-07-09 23:47,2026-07-11 08:56,AD-10,SEA_SHIFT,3,N,N,N
L101071,Google,USA,America/New_York,2026-06-29 06:22,,AD-06,IST_SHIFT,1,N,N,N
L101073,Google,UAE,Asia/Dubai,2026-07-26 15:09,,AD-10,SEA_SHIFT,0,N,N,N
L101074,Meta,USA,America/New_York,2026-07-28 20:24,2026-08-02 16:27,AD-06,IST_SHIFT,0,N,N,N
L101075,Google,Singapore,Asia/Singapore,2026-07-25 14:36,,AD-03,US_SHIFT,1,N,N,N
L101076,DSA,UAE,Asia/Dubai,2026-07-09 10:46,2026-07-13 00:03,AD-07,IST_SHIFT,3,N,N,N
L101077,Affiliate,UK,Europe/London,2026-07-01 09:54,2026-07-02 11:56,AD-01,US_SHIFT,2,N,N,N
L101079,Google,USA,America/New_York,2026-07-01 02:14,2026-07-01 11:47,AD-05,IST_SHIFT,3,Y,Y,Y
L101080,Google,UK,Europe/London,2026-07-24 02:39,,AD-05,IST_SHIFT,1,N,N,N
L101081,Google,USA,America/New_York,2026-07-02 03:46,2026-07-03 21:15,AD-06,IST_SHIFT,2,Y,N,N
L101082,DSA,Vietnam,Asia/Ho_Chi_Minh,2026-06-29 09:16,2026-07-04 06:33,AD-01,US_SHIFT,0,Y,Y,N
L101083,Google,UAE,Asia/Dubai,2026-06-04 15:56,2026-06-06 18:51,AD-06,IST_SHIFT,2,N,N,N
L101084,Meta,UAE,Asia/Dubai,2026-07-12 12:12,2026-07-15 17:22,AD-09,IST_SHIFT,2,N,N,N
L101085,Meta,Vietnam,Asia/Ho_Chi_Minh,2026-06-23 15:32,2026-06-25 10:39,AD-05,IST_SHIFT,2,Y,Y,N
L101087,Referral,Australia,Australia/Sydney,2026-07-02 15:52,,AD-08,IST_SHIFT,0,N,N,N
L101088,DSA,India,Asia/Kolkata,2026-07-26 11:59,,AD-04,US_SHIFT,1,N,N,N
L101089,Meta,Vietnam,Asia/Ho_Chi_Minh,2026-07-18 10:13,2026-07-21 11:20,AD-10,SEA_SHIFT,3,N,N,N
L101091,Google,UK,Europe/London,2026-06-17 05:33,2026-06-18 01:10,AD-04,US_SHIFT,2,Y,Y,N
L101092,Meta,Vietnam,Asia/Ho_Chi_Minh,2026-07-28 18:42,2026-07-31 03:11,AD-03,US_SHIFT,3,N,N,N
L101093,Meta,Australia,Australia/Sydney,2026-06-14 02:35,2026-06-18 21:05,AD-07,IST_SHIFT,3,Y,Y,N
L101094,Meta,Saudi Arabia,Asia/Riyadh,2026-07-22 15:08,,AD-01,US_SHIFT,1,N,N,N
L101096,Affiliate,Vietnam,Asia/Ho_Chi_Minh,2026-07-05 21:39,2026-07-06 23:33,AD-07,IST_SHIFT,2,Y,Y,N
L101097,Meta,Australia,Australia/Sydney,2026-06-11 11:13,2026-06-11 15:52,AD-12,US_SHIFT,1,N,N,N
L101098,Affiliate,Singapore,Asia/Singapore,2026-07-29 15:16,2026-07-30 14:46,AD-05,IST_SHIFT,3,Y,Y,Y
L101099,Meta,USA,America/New_York,2026-06-30 15:53,2026-07-05 12:54,AD-01,US_SHIFT,0,Y,Y,N
L101100,Meta,USA,America/New_York,2026-06-05 11:41,,AD-09,IST_SHIFT,2,N,N,N
L101101,Meta,Singapore,Asia/Singapore,2026-07-12 05:43,2026-07-16 14:22,AD-03,US_SHIFT,1,N,N,N
L101102,Meta,Vietnam,Asia/Ho_Chi_Minh,2026-06-03 21:08,,AD-04,US_SHIFT,3,N,N,N
L101103,Meta,USA,America/New_York,2026-06-07 14:03,,AD-04,US_SHIFT,3,N,N,N
L101105,Meta,USA,America/New_York,2026-07-20 18:37,2026-07-20 22:15,AD-12,US_SHIFT,1,Y,Y,N
L101106,Google,Vietnam,Asia/Ho_Chi_Minh,2026-06-22 06:05,,AD-02,US_SHIFT,3,N,N,N
L101108,Affiliate,Vietnam,Asia/Ho_Chi_Minh,2026-06-01 13:04,2026-06-05 11:59,AD-12,US_SHIFT,3,N,N,N
L101109,Google,Australia,Australia/Sydney,2026-07-15 13:25,2026-07-20 11:54,AD-02,US_SHIFT,3,Y,Y,N
L101110,Meta,Vietnam,Asia/Ho_Chi_Minh,2026-06-09 02:38,2026-06-10 14:34,AD-07,IST_SHIFT,2,Y,N,N
L101111,DSA,USA,America/New_York,2026-07-12 21:27,2026-07-17 18:45,AD-03,US_SHIFT,0,N,N,N
L101112,Google,Australia,Australia/Sydney,2026-06-01 06:32,2026-06-03 03:40,AD-12,US_SHIFT,1,Y,Y,Y
L101113,Google,UAE,Asia/Dubai,2026-07-27 09:03,2026-07-30 18:55,AD-04,US_SHIFT,3,N,N,N
L101115,Organic,USA,America/New_York,2026-07-13 05:11,2026-07-15 17:11,AD-12,US_SHIFT,2,N,N,N
L101116,DSA,UK,Europe/London,2026-06-06 06:00,,AD-09,IST_SHIFT,0,N,N,N
L101117,Affiliate,Australia,Australia/Sydney,2026-07-06 19:59,2026-07-10 06:18,AD-06,IST_SHIFT,2,N,N,N
L101119,Meta,Saudi Arabia,Asia/Riyadh,2026-07-17 20:39,2026-07-21 01:26,AD-06,IST_SHIFT,0,N,N,N
L101120,Organic,Vietnam,Asia/Ho_Chi_Minh,2026-06-03 05:10,2026-06-03 12:56,AD-03,US_SHIFT,2,N,N,N
L101121,Meta,Vietnam,Asia/Ho_Chi_Minh,2026-07-11 23:11,2026-07-13 11:07,AD-02,US_SHIFT,3,Y,Y,N
L101122,Meta,Saudi Arabia,Asia/Riyadh,2026-07-16 10:00,,AD-05,IST_SHIFT,2,N,N,N
L101123,Meta,USA,America/New_York,2026-07-13 15:29,,AD-01,US_SHIFT,2,N,N,N
L101126,Meta,Saudi Arabia,Asia/Riyadh,2026-06-19 23:07,2026-06-23 09:01,AD-02,US_SHIFT,2,N,N,N
L101128,DSA,Saudi Arabia,Asia/Riyadh,2026-07-21 13:50,,AD-04,US_SHIFT,0,N,N,N
L101129,Meta,Australia,Australia/Sydney,2026-07-23 03:05,,AD-07,IST_SHIFT,3,N,N,N
L101130,Organic,India,Asia/Kolkata,2026-07-10 09:36,2026-07-13 20:56,AD-01,US_SHIFT,0,Y,Y,N
L101131,Meta,USA,America/New_York,2026-06-03 00:19,2026-06-05 02:16,AD-03,US_SHIFT,3,N,N,N
L101132,Organic,Saudi Arabia,Asia/Riyadh,2026-06-15 04:39,2026-06-19 07:48,AD-10,SEA_SHIFT,2,N,N,N
L101133,Meta,Australia,Australia/Sydney,2026-06-04 01:59,,AD-03,US_SHIFT,3,N,N,N
L101134,Meta,Vietnam,Asia/Ho_Chi_Minh,2026-06-19 12:05,2026-06-20 05:02,AD-07,IST_SHIFT,2,Y,Y,N
L101135,Google,Saudi Arabia,Asia/Riyadh,2026-07-22 20:59,2026-07-24 14:32,AD-06,IST_SHIFT,1,Y,Y,N
L101138,Google,Vietnam,Asia/Ho_Chi_Minh,2026-06-10 12:45,2026-06-13 05:14,AD-04,US_SHIFT,0,N,N,N
L101139,Affiliate,USA,America/New_York,2026-07-21 21:05,2026-07-23 19:35,AD-06,IST_SHIFT,0,Y,Y,N
L101140,Meta,UAE,Asia/Dubai,2026-06-13 21:47,2026-06-14 18:17,AD-10,SEA_SHIFT,0,Y,Y,N
L101142,Meta,USA,America/New_York,2026-07-09 23:39,,AD-04,US_SHIFT,0,N,N,N
L101143,Google,Vietnam,Asia/Ho_Chi_Minh,2026-06-22 19:31,2026-06-23 10:00,AD-05,IST_SHIFT,3,Y,Y,N
L101145,Meta,Saudi Arabia,Asia/Riyadh,2026-06-23 21:31,,AD-05,IST_SHIFT,3,N,N,N
L101147,Meta,UK,Europe/London,2026-07-23 13:08,,AD-12,US_SHIFT,2,N,N,N
L101148,Meta,Australia,Australia/Sydney,2026-07-03 02:04,,AD-01,US_SHIFT,2,N,N,N
L101149,Organic,USA,America/New_York,2026-07-22 09:24,2026-07-24 06:31,AD-08,IST_SHIFT,1,Y,Y,N
L101150,Meta,Australia,Australia/Sydney,2026-06-17 05:29,,AD-12,US_SHIFT,1,N,N,N
L101151,Google,Australia,Australia/Sydney,2026-07-16 20:16,,AD-05,IST_SHIFT,1,N,N,N
L101152,Affiliate,Saudi Arabia,Asia/Riyadh,2026-07-05 06:42,2026-07-06 15:09,AD-11,SEA_SHIFT,0,N,N,N
L101153,Meta,Vietnam,Asia/Ho_Chi_Minh,2026-07-09 23:47,2026-07-10 20:40,AD-10,SEA_SHIFT,1,Y,Y,N
L101154,Meta,Saudi Arabia,Asia/Riyadh,2026-07-29 01:57,,AD-08,IST_SHIFT,3,N,N,N
L101155,Organic,USA,America/New_York,2026-06-20 02:27,,AD-03,US_SHIFT,2,N,N,N
L101156,Affiliate,UK,Europe/London,2026-07-17 23:37,2026-07-21 19:38,AD-06,IST_SHIFT,1,Y,N,N
L101158,Referral,USA,America/New_York,2026-07-08 09:41,,AD-03,US_SHIFT,1,N,N,N
L101159,Google,Vietnam,Asia/Ho_Chi_Minh,2026-07-06 00:42,2026-07-10 04:08,AD-07,IST_SHIFT,1,Y,Y,N
L101160,Meta,India,Asia/Kolkata,2026-07-11 22:02,,AD-12,US_SHIFT,3,N,N,N
L101161,Affiliate,USA,America/New_York,2026-07-11 02:32,2026-07-11 22:28,AD-10,SEA_SHIFT,2,Y,Y,N
L101162,Google,Vietnam,Asia/Ho_Chi_Minh,2026-07-03 23:13,2026-07-04 11:25,AD-08,IST_SHIFT,3,Y,Y,N
L101164,Affiliate,USA,America/New_York,2026-06-14 13:21,,AD-08,IST_SHIFT,3,N,N,N
L101165,Meta,UK,Europe/London,2026-06-07 15:05,2026-06-09 06:29,AD-08,IST_SHIFT,1,Y,Y,N
L101166,Meta,UK,Europe/London,2026-06-20 04:28,2026-06-23 20:43,AD-09,IST_SHIFT,3,Y,Y,N
L101168,DSA,USA,America/New_York,2026-07-01 04:52,2026-07-04 10:50,AD-03,US_SHIFT,3,Y,Y,N
L101169,Google,Vietnam,Asia/Ho_Chi_Minh,2026-07-18 13:25,2026-07-19 22:02,AD-06,IST_SHIFT,0,Y,N,N
L101171,Google,UAE,Asia/Dubai,2026-06-11 00:24,2026-06-12 12:30,AD-06,IST_SHIFT,0,Y,Y,N
L101172,Meta,Australia,Australia/Sydney,2026-06-13 18:58,,AD-03,US_SHIFT,3,N,N,N
L101173,Google,USA,America/New_York,2026-07-05 08:30,2026-07-07 01:16,AD-04,US_SHIFT,0,Y,Y,N
L101174,Meta,Singapore,Asia/Singapore,2026-07-02 18:44,2026-07-02 22:28,AD-06,IST_SHIFT,1,Y,Y,N
L101176,Meta,USA,America/New_York,2026-06-17 16:27,,AD-03,US_SHIFT,3,N,N,N
L101177,Google,UAE,Asia/Dubai,2026-07-02 18:59,2026-07-04 14:10,AD-06,IST_SHIFT,1,Y,Y,N
L101180,Google,UK,Europe/London,2026-06-03 11:49,2026-06-06 19:27,AD-10,SEA_SHIFT,1,N,N,N
L101181,Meta,UK,Europe/London,2026-06-25 13:46,2026-06-28 12:52,AD-05,IST_SHIFT,3,Y,Y,Y
L101182,Organic,Australia,Australia/Sydney,2026-07-21 15:56,,AD-11,SEA_SHIFT,1,N,N,N
L101183,Organic,Vietnam,Asia/Ho_Chi_Minh,2026-07-10 09:26,,AD-08,IST_SHIFT,2,N,N,N
L101184,Organic,USA,America/New_York,2026-06-16 11:13,,AD-06,IST_SHIFT,3,N,N,N
L101186,Meta,UK,Europe/London,2026-07-21 04:16,,AD-08,IST_SHIFT,1,N,N,N
L101187,Meta,India,Asia/Kolkata,2026-06-10 03:31,,AD-02,US_SHIFT,3,N,N,N
L101189,Referral,USA,America/New_York,2026-07-13 07:36,2026-07-14 05:29,AD-12,US_SHIFT,1,N,N,N
L101190,Meta,Singapore,Asia/Singapore,2026-06-12 17:21,,AD-06,IST_SHIFT,0,N,N,N
L101191,Meta,USA,America/New_York,2026-07-09 01:43,2026-07-10 07:17,AD-07,IST_SHIFT,2,Y,Y,Y
L101192,Meta,USA,America/New_York,2026-07-25 09:51,,AD-06,IST_SHIFT,1,N,N,N
L101194,Organic,USA,America/New_York,2026-07-05 14:57,2026-07-06 20:10,AD-12,US_SHIFT,0,Y,Y,N
L101195,DSA,USA,America/New_York,2026-06-04 01:23,2026-06-07 07:33,AD-06,IST_SHIFT,3,N,N,N
L101197,Meta,USA,America/New_York,2026-06-18 10:07,,AD-10,SEA_SHIFT,1,N,N,N
L101198,Organic,Saudi Arabia,Asia/Riyadh,2026-06-19 09:34,,AD-08,IST_SHIFT,3,N,N,N
L101199,Google,UAE,Asia/Dubai,2026-06-03 15:01,2026-06-08 04:02,AD-07,IST_SHIFT,0,N,N,N
L101200,Meta,USA,America/New_York,2026-06-14 04:58,,AD-04,US_SHIFT,2,N,N,N
L101201,Meta,USA,America/New_York,2026-06-24 13:08,2026-06-25 16:27,AD-02,US_SHIFT,2,N,N,N
L101202,Meta,UK,Europe/London,2026-06-21 22:30,2026-06-26 06:49,AD-04,US_SHIFT,3,Y,Y,N
L101203,DSA,USA,America/New_York,2026-06-24 20:03,2026-06-28 02:13,AD-01,US_SHIFT,3,N,N,N
L101204,Google,Vietnam,Asia/Ho_Chi_Minh,2026-07-20 10:16,,AD-12,US_SHIFT,3,N,N,N
L101205,Affiliate,USA,America/New_York,2026-06-04 01:02,,AD-05,IST_SHIFT,3,N,N,N
L101207,Affiliate,USA,America/New_York,2026-06-14 22:26,2026-06-16 10:08,AD-10,SEA_SHIFT,1,N,N,N
L101210,Google,USA,America/New_York,2026-07-15 13:18,,AD-04,US_SHIFT,3,N,N,N
L101212,Meta,USA,America/New_York,2026-06-25 09:39,,AD-01,US_SHIFT,1,N,N,N
L101213,Affiliate,USA,America/New_York,2026-07-14 19:00,,AD-07,IST_SHIFT,2,N,N,N
L101214,Google,Vietnam,Asia/Ho_Chi_Minh,2026-07-11 01:06,2026-07-15 15:03,AD-05,IST_SHIFT,1,Y,Y,N
L101215,Organic,Vietnam,Asia/Ho_Chi_Minh,2026-06-18 09:04,2026-06-20 04:29,AD-02,US_SHIFT,0,Y,Y,N
L101217,DSA,USA,America/New_York,2026-07-24 21:04,,AD-05,IST_SHIFT,3,N,N,N
L101219,Affiliate,USA,America/New_York,2026-07-28 04:53,,AD-03,US_SHIFT,2,N,N,N
L101220,Google,Vietnam,Asia/Ho_Chi_Minh,2026-07-20 06:09,,AD-09,IST_SHIFT,0,N,N,N
L101221,Meta,USA,America/New_York,2026-06-14 05:59,2026-06-17 12:44,AD-02,US_SHIFT,2,N,N,N
L101222,Google,USA,America/New_York,2026-06-10 15:49,2026-06-10 19:52,AD-02,US_SHIFT,2,Y,Y,N
L101223,Google,Saudi Arabia,Asia/Riyadh,2026-07-18 17:35,2026-07-23 13:41,AD-06,IST_SHIFT,2,N,N,N
L101224,Affiliate,UAE,Asia/Dubai,2026-06-28 07:32,2026-07-03 05:37,AD-12,US_SHIFT,3,N,N,N
L101225,DSA,India,Asia/Kolkata,2026-06-14 07:40,2026-06-16 03:09,AD-03,US_SHIFT,3,Y,Y,N
L101226,Meta,Australia,Australia/Sydney,2026-06-04 20:29,2026-06-09 02:34,AD-03,US_SHIFT,0,Y,Y,N
L101229,Organic,Australia,Australia/Sydney,2026-07-28 15:42,,AD-05,IST_SHIFT,0,N,N,N
L101230,Google,USA,America/New_York,2026-07-29 08:16,2026-07-30 21:24,AD-07,IST_SHIFT,1,Y,Y,N
L101231,Google,UAE,Asia/Dubai,2026-06-24 13:41,2026-06-26 11:19,AD-10,SEA_SHIFT,3,Y,Y,N
L101232,DSA,Australia,Australia/Sydney,2026-06-17 03:22,,AD-12,US_SHIFT,3,N,N,N
L101233,DSA,Vietnam,Asia/Ho_Chi_Minh,2026-07-22 01:36,2026-07-23 10:16,AD-03,US_SHIFT,3,N,N,N
L101234,Meta,USA,America/New_York,2026-06-15 19:11,,AD-05,IST_SHIFT,1,N,N,N
L101237,Affiliate,Australia,Australia/Sydney,2026-07-15 00:51,2026-07-17 16:07,AD-09,IST_SHIFT,1,N,N,N
L101238,DSA,USA,America/New_York,2026-06-24 20:44,2026-06-25 12:08,AD-09,IST_SHIFT,0,Y,Y,Y
L101239,Referral,UK,Europe/London,2026-07-13 02:48,2026-07-13 06:59,AD-12,US_SHIFT,2,Y,Y,Y
L101240,Organic,UAE,Asia/Dubai,2026-07-12 00:07,2026-07-12 23:47,AD-04,US_SHIFT,1,Y,Y,N
L101241,Organic,UK,Europe/London,2026-07-16 07:07,2026-07-17 06:19,AD-12,US_SHIFT,2,Y,N,N
L101242,Affiliate,Australia,Australia/Sydney,2026-06-19 01:22,2026-06-19 12:32,AD-09,IST_SHIFT,0,Y,N,N
L101243,Google,USA,America/New_York,2026-07-04 09:47,,AD-08,IST_SHIFT,2,N,N,N
L101244,Google,Vietnam,Asia/Ho_Chi_Minh,2026-07-18 18:47,,AD-01,US_SHIFT,0,N,N,N
L101245,Meta,USA,America/New_York,2026-07-09 01:59,2026-07-10 23:19,AD-02,US_SHIFT,1,N,N,N
L101246,Affiliate,Saudi Arabia,Asia/Riyadh,2026-06-26 05:03,2026-06-29 20:21,AD-08,IST_SHIFT,0,Y,Y,N
L101247,Affiliate,India,Asia/Kolkata,2026-06-22 08:18,,AD-05,IST_SHIFT,0,N,N,N
L101248,Google,Singapore,Asia/Singapore,2026-07-27 10:18,2026-07-27 22:39,AD-07,IST_SHIFT,0,Y,Y,N
L101249,DSA,USA,America/New_York,2026-06-15 17:10,2026-06-19 04:40,AD-04,US_SHIFT,2,N,N,N
L101250,DSA,Australia,Australia/Sydney,2026-06-16 13:35,,AD-09,IST_SHIFT,2,N,N,N
L101251,Affiliate,Saudi Arabia,Asia/Riyadh,2026-07-29 20:41,,AD-10,SEA_SHIFT,2,N,N,N
L101253,Meta,UK,Europe/London,2026-07-03 12:32,2026-07-08 11:17,AD-04,US_SHIFT,2,Y,Y,N
L101254,Meta,USA,America/New_York,2026-06-08 09:01,2026-06-08 14:14,AD-09,IST_SHIFT,2,Y,Y,N
L101255,Meta,USA,America/New_York,2026-07-15 00:04,2026-07-15 20:54,AD-12,US_SHIFT,3,N,N,N
L101257,Affiliate,India,Asia/Kolkata,2026-06-04 20:56,,AD-08,IST_SHIFT,2,N,N,N
L101259,Meta,India,Asia/Kolkata,2026-07-11 12:55,2026-07-13 23:37,AD-06,IST_SHIFT,2,Y,Y,Y
L101261,Google,USA,America/New_York,2026-06-30 15:37,2026-06-30 18:00,AD-03,US_SHIFT,2,Y,Y,N
L101263,Meta,Australia,Australia/Sydney,2026-06-27 20:23,2026-06-29 17:16,AD-10,SEA_SHIFT,3,Y,Y,Y
L101264,DSA,USA,America/New_York,2026-07-18 19:09,2026-07-20 00:28,AD-12,US_SHIFT,2,Y,Y,N
L101265,DSA,USA,America/New_York,2026-07-19 18:38,,AD-05,IST_SHIFT,3,N,N,N
L101266,Meta,USA,America/New_York,2026-07-29 20:25,2026-07-31 01:46,AD-10,SEA_SHIFT,1,N,N,N
L101267,Google,UK,Europe/London,2026-06-29 23:27,2026-07-04 00:16,AD-12,US_SHIFT,0,Y,N,N
L101268,Affiliate,USA,America/New_York,2026-07-05 06:45,2026-07-05 10:50,AD-01,US_SHIFT,1,Y,Y,N
L101269,Meta,USA,America/New_York,2026-06-06 06:57,2026-06-09 16:08,AD-01,US_SHIFT,2,Y,Y,N
L101270,Google,Saudi Arabia,Asia/Riyadh,2026-06-27 10:54,2026-06-27 22:46,AD-08,IST_SHIFT,2,Y,Y,N
L101271,Meta,UK,Europe/London,2026-07-16 09:36,2026-07-17 09:05,AD-09,IST_SHIFT,3,Y,Y,N
L101273,Affiliate,Saudi Arabia,Asia/Riyadh,2026-06-21 15:47,,AD-02,US_SHIFT,2,N,N,N
L101274,Meta,India,Asia/Kolkata,2026-06-10 21:41,2026-06-12 04:41,AD-12,US_SHIFT,0,Y,Y,N
L101275,Meta,UAE,Asia/Dubai,2026-07-07 17:57,,AD-09,IST_SHIFT,3,N,N,N
L101277,Meta,Australia,Australia/Sydney,2026-07-03 21:18,2026-07-05 09:04,AD-07,IST_SHIFT,3,N,N,N
L101278,Referral,Vietnam,Asia/Ho_Chi_Minh,2026-06-12 18:02,,AD-07,IST_SHIFT,3,N,N,N
L101279,Affiliate,USA,America/New_York,2026-06-06 10:43,2026-06-07 13:30,AD-03,US_SHIFT,0,N,N,N
L101280,DSA,Vietnam,Asia/Ho_Chi_Minh,2026-06-26 03:36,2026-06-29 02:06,AD-11,SEA_SHIFT,3,N,N,N
L101281,Meta,USA,America/New_York,2026-06-29 17:43,2026-07-03 22:26,AD-02,US_SHIFT,3,N,N,N
L101282,Google,Saudi Arabia,Asia/Riyadh,2026-06-25 00:40,2026-06-27 14:42,AD-07,IST_SHIFT,3,Y,Y,N
L101283,Meta,USA,America/New_York,2026-06-20 20:26,,AD-04,US_SHIFT,0,N,N,N
L101284,Google,USA,America/New_York,2026-07-13 22:57,2026-07-14 16:29,AD-10,SEA_SHIFT,1,Y,Y,N
L101285,Meta,Vietnam,Asia/Ho_Chi_Minh,2026-07-05 02:43,,AD-02,US_SHIFT,2,N,N,N
L101286,Affiliate,UK,Europe/London,2026-07-16 09:13,,AD-08,IST_SHIFT,0,N,N,N
L101287,DSA,USA,America/New_York,2026-07-22 11:58,,AD-04,US_SHIFT,3,N,N,N
L101288,Google,Australia,Australia/Sydney,2026-06-24 03:26,2026-06-24 11:31,AD-06,IST_SHIFT,1,Y,N,N
L101289,Referral,India,Asia/Kolkata,2026-07-02 19:50,2026-07-04 11:14,AD-03,US_SHIFT,0,Y,N,N
L101290,Meta,USA,America/New_York,2026-07-14 03:13,2026-07-16 07:01,AD-04,US_SHIFT,2,Y,Y,N
L101291,Meta,India,Asia/Kolkata,2026-06-03 11:25,,AD-07,IST_SHIFT,2,N,N,N
L101293,Meta,UAE,Asia/Dubai,2026-06-30 21:40,2026-07-02 05:34,AD-12,US_SHIFT,1,Y,Y,N
L101294,Google,Australia,Australia/Sydney,2026-06-15 06:54,2026-06-18 21:25,AD-03,US_SHIFT,1,N,N,N
L101295,Organic,India,Asia/Kolkata,2026-07-15 16:05,2026-07-16 00:36,AD-08,IST_SHIFT,0,Y,Y,N
L101296,Google,Singapore,Asia/Singapore,2026-06-04 01:55,,AD-03,US_SHIFT,3,N,N,N
L101297,Meta,Vietnam,Asia/Ho_Chi_Minh,2026-06-19 12:52,2026-06-23 23:22,AD-11,SEA_SHIFT,1,Y,Y,N
L101298,Meta,USA,America/New_York,2026-07-05 06:19,2026-07-06 00:03,AD-02,US_SHIFT,2,Y,Y,N
L101299,Organic,India,Asia/Kolkata,2026-06-26 04:16,,AD-12,US_SHIFT,2,N,N,N
L101300,DSA,USA,America/New_York,2026-07-09 13:02,,AD-09,IST_SHIFT,0,N,N,N
L101301,Meta,UK,Europe/London,2026-06-10 01:02,2026-06-12 03:42,AD-03,US_SHIFT,2,Y,Y,N
L101302,Organic,Australia,Australia/Sydney,2026-06-13 12:23,2026-06-13 14:38,AD-08,IST_SHIFT,0,Y,Y,N
L101303,Meta,USA,America/New_York,2026-06-14 15:03,,AD-06,IST_SHIFT,0,N,N,N
L101304,Meta,USA,America/New_York,2026-07-17 17:00,2026-07-19 04:15,AD-05,IST_SHIFT,3,Y,Y,N
L101305,Affiliate,India,Asia/Kolkata,2026-07-10 17:49,2026-07-11 12:47,AD-05,IST_SHIFT,2,Y,Y,N
L101306,Google,USA,America/New_York,2026-07-02 08:19,,AD-12,US_SHIFT,0,N,N,N
L101307,Affiliate,USA,America/New_York,2026-07-29 11:19,2026-07-29 15:53,AD-06,IST_SHIFT,3,N,N,N
L101308,Google,Singapore,Asia/Singapore,2026-07-30 04:34,,AD-12,US_SHIFT,2,N,N,N
L101309,Google,USA,America/New_York,2026-06-11 19:56,2026-06-12 18:13,AD-06,IST_SHIFT,2,N,N,N
L101310,Affiliate,Vietnam,Asia/Ho_Chi_Minh,2026-06-29 02:15,2026-07-04 00:45,AD-04,US_SHIFT,2,Y,N,N
L101311,Meta,Singapore,Asia/Singapore,2026-07-17 04:05,2026-07-18 14:10,AD-12,US_SHIFT,1,Y,N,N
L101312,Meta,USA,America/New_York,2026-07-24 02:02,2026-07-24 14:19,AD-08,IST_SHIFT,0,N,N,N
L101313,Google,USA,America/New_York,2026-06-20 18:47,,AD-06,IST_SHIFT,0,N,N,N
L101314,Google,Saudi Arabia,Asia/Riyadh,2026-06-13 13:01,2026-06-17 12:05,AD-06,IST_SHIFT,2,N,N,N
L101315,Affiliate,USA,America/New_York,2026-07-04 17:42,2026-07-06 23:30,AD-01,US_SHIFT,0,Y,Y,N
L101316,DSA,USA,America/New_York,2026-07-21 16:45,,AD-09,IST_SHIFT,3,N,N,N
L101317,Google,USA,America/New_York,2026-07-22 01:52,2026-07-24 11:35,AD-01,US_SHIFT,3,Y,Y,N
L101318,Referral,USA,America/New_York,2026-07-08 18:19,,AD-10,SEA_SHIFT,3,N,N,N
L101319,DSA,UAE,Asia/Dubai,2026-07-14 07:49,2026-07-17 08:14,AD-05,IST_SHIFT,1,Y,Y,Y
L101320,Affiliate,Singapore,Asia/Singapore,2026-07-30 00:36,,AD-01,US_SHIFT,0,N,N,N
L101321,Organic,USA,America/New_York,2026-06-12 08:12,2026-06-13 19:20,AD-10,SEA_SHIFT,0,Y,Y,N
L101322,Google,UK,Europe/London,2026-07-24 04:53,2026-07-28 03:07,AD-12,US_SHIFT,2,Y,N,N
L101324,Google,India,Asia/Kolkata,2026-07-30 01:00,2026-08-03 08:11,AD-12,US_SHIFT,0,N,N,N
L101325,Meta,USA,America/New_York,2026-07-26 17:31,2026-07-30 09:31,AD-02,US_SHIFT,2,N,N,N
L101326,DSA,UK,Europe/London,2026-07-02 12:49,,AD-01,US_SHIFT,0,N,N,N
L101327,Meta,Vietnam,Asia/Ho_Chi_Minh,2026-07-09 13:42,,AD-05,IST_SHIFT,2,N,N,N
L101329,Referral,Australia,Australia/Sydney,2026-07-06 04:10,,AD-08,IST_SHIFT,2,N,N,N
L101330,Meta,India,Asia/Kolkata,2026-07-04 21:27,,AD-07,IST_SHIFT,1,N,N,N
L101331,Meta,Vietnam,Asia/Ho_Chi_Minh,2026-07-16 02:10,2026-07-17 18:09,AD-06,IST_SHIFT,1,Y,Y,N
L101332,DSA,UAE,Asia/Dubai,2026-06-23 17:17,2026-06-28 03:48,AD-02,US_SHIFT,3,Y,Y,N
L101333,Referral,USA,America/New_York,2026-07-30 06:06,2026-08-01 12:26,AD-07,IST_SHIFT,1,N,N,N
L101334,Affiliate,USA,America/New_York,2026-07-22 00:40,2026-07-23 15:15,AD-12,US_SHIFT,3,Y,Y,Y
L101336,Google,Vietnam,Asia/Ho_Chi_Minh,2026-06-30 07:33,,AD-04,US_SHIFT,2,N,N,N
L101337,Google,UK,Europe/London,2026-06-22 17:18,2026-06-24 03:09,AD-02,US_SHIFT,0,N,N,N
L101338,Google,Vietnam,Asia/Ho_Chi_Minh,2026-06-24 15:14,2026-06-28 05:57,AD-08,IST_SHIFT,2,N,N,N
L101339,Google,Australia,Australia/Sydney,2026-06-23 00:59,2026-06-24 12:57,AD-05,IST_SHIFT,3,Y,Y,Y
L101340,Organic,Vietnam,Asia/Ho_Chi_Minh,2026-07-19 12:56,2026-07-23 00:03,AD-03,US_SHIFT,1,N,N,N
L101341,Meta,Australia,Australia/Sydney,2026-06-06 03:47,2026-06-07 17:20,AD-06,IST_SHIFT,2,Y,Y,N
L101342,Referral,USA,America/New_York,2026-06-30 13:42,,AD-07,IST_SHIFT,2,N,N,N
L101344,Meta,UAE,Asia/Dubai,2026-07-07 17:36,2026-07-08 10:08,AD-04,US_SHIFT,0,Y,Y,N
L101345,DSA,USA,America/New_York,2026-07-23 02:49,2026-07-26 14:19,AD-10,SEA_SHIFT,3,N,N,N
L101346,Meta,Australia,Australia/Sydney,2026-06-22 07:45,2026-06-22 18:25,AD-10,SEA_SHIFT,2,Y,Y,N
L101347,Google,UAE,Asia/Dubai,2026-07-10 12:47,2026-07-14 02:55,AD-11,SEA_SHIFT,1,Y,Y,N
L101348,Google,USA,America/New_York,2026-06-18 11:23,,AD-01,US_SHIFT,3,N,N,N
L101349,Meta,USA,America/New_York,2026-06-15 12:35,2026-06-16 08:04,AD-12,US_SHIFT,2,N,N,N
L101350,Meta,Australia,Australia/Sydney,2026-07-09 21:22,,AD-02,US_SHIFT,2,N,N,N
L101351,Meta,USA,America/New_York,2026-07-27 14:16,,AD-06,IST_SHIFT,2,N,N,N
L101353,Affiliate,Australia,Australia/Sydney,2026-06-04 11:06,2026-06-05 14:11,AD-03,US_SHIFT,0,Y,Y,N
L101354,Organic,UK,Europe/London,2026-06-12 23:44,,AD-06,IST_SHIFT,1,N,N,N
L101355,Meta,UAE,Asia/Dubai,2026-07-17 17:12,,AD-03,US_SHIFT,0,N,N,N
L101356,Meta,India,Asia/Kolkata,2026-07-20 00:11,2026-07-23 17:23,AD-06,IST_SHIFT,2,N,N,N
L101357,Affiliate,USA,America/New_York,2026-07-14 00:31,2026-07-18 04:59,AD-01,US_SHIFT,1,N,N,N
L101358,Google,UK,Europe/London,2026-06-21 21:02,2026-06-22 10:18,AD-07,IST_SHIFT,0,Y,Y,N
L101359,Google,USA,America/New_York,2026-06-20 05:52,2026-06-20 22:53,AD-06,IST_SHIFT,3,Y,Y,N
L101360,Meta,Vietnam,Asia/Ho_Chi_Minh,2026-07-29 00:01,2026-07-30 16:20,AD-01,US_SHIFT,0,N,N,N
L101361,Google,UK,Europe/London,2026-06-13 17:06,,AD-08,IST_SHIFT,0,N,N,N
L101362,Meta,UAE,Asia/Dubai,2026-06-03 15:23,2026-06-05 04:41,AD-08,IST_SHIFT,1,Y,Y,Y
L101363,Meta,Singapore,Asia/Singapore,2026-06-14 23:06,2026-06-15 19:57,AD-04,US_SHIFT,1,Y,Y,N
L101364,Organic,USA,America/New_York,2026-07-18 07:15,,AD-01,US_SHIFT,0,N,N,N
L101365,Meta,India,Asia/Kolkata,2026-07-28 15:37,2026-08-01 21:01,AD-03,US_SHIFT,3,N,N,N
L101366,DSA,USA,America/New_York,2026-07-02 15:40,2026-07-04 13:41,AD-09,IST_SHIFT,2,Y,N,N
L101367,DSA,Singapore,Asia/Singapore,2026-07-19 07:09,2026-07-21 11:23,AD-01,US_SHIFT,1,N,N,N
L101368,Google,UK,Europe/London,2026-07-23 18:37,2026-07-24 12:29,AD-09,IST_SHIFT,1,Y,Y,N
L101369,DSA,UK,Europe/London,2026-07-13 21:55,2026-07-18 19:54,AD-06,IST_SHIFT,2,N,N,N
L101370,Meta,Singapore,Asia/Singapore,2026-06-16 07:59,2026-06-16 10:56,AD-02,US_SHIFT,0,N,N,N
L101371,Google,USA,America/New_York,2026-07-10 06:05,,AD-04,US_SHIFT,0,N,N,N
L101372,Google,Vietnam,Asia/Ho_Chi_Minh,2026-06-21 08:19,,AD-12,US_SHIFT,2,N,N,N
L101373,Meta,USA,America/New_York,2026-07-13 02:31,2026-07-15 20:56,AD-08,IST_SHIFT,1,N,N,N
L101374,Meta,Singapore,Asia/Singapore,2026-07-22 20:16,,AD-11,SEA_SHIFT,2,N,N,N
L101375,DSA,USA,America/New_York,2026-07-21 20:17,2026-07-23 13:14,AD-06,IST_SHIFT,2,Y,Y,N
L101376,Google,India,Asia/Kolkata,2026-07-03 09:45,2026-07-07 02:27,AD-09,IST_SHIFT,0,N,N,N
L101377,Google,India,Asia/Kolkata,2026-07-20 14:45,2026-07-24 23:42,AD-04,US_SHIFT,2,Y,Y,N
L101378,Meta,Singapore,Asia/Singapore,2026-06-24 18:21,2026-06-29 16:05,AD-04,US_SHIFT,3,N,N,N
L101379,DSA,India,Asia/Kolkata,2026-06-28 10:56,,AD-07,IST_SHIFT,1,N,N,N
L101380,Organic,Australia,Australia/Sydney,2026-06-22 23:08,,AD-10,SEA_SHIFT,3,N,N,N
L101383,Meta,Australia,Australia/Sydney,2026-06-20 08:19,,AD-12,US_SHIFT,1,N,N,N
L101384,Google,USA,America/New_York,2026-06-15 03:10,2026-06-15 20:00,AD-11,SEA_SHIFT,1,Y,Y,N
L101385,Google,Vietnam,Asia/Ho_Chi_Minh,2026-06-08 08:06,2026-06-09 10:56,AD-02,US_SHIFT,0,Y,Y,N
L101386,Google,Vietnam,Asia/Ho_Chi_Minh,2026-07-07 21:41,,AD-10,SEA_SHIFT,1,N,N,N
L101387,Affiliate,India,Asia/Kolkata,2026-06-30 12:42,2026-07-01 08:26,AD-01,US_SHIFT,2,N,N,N
L101388,Google,India,Asia/Kolkata,2026-07-20 09:25,2026-07-24 11:08,AD-05,IST_SHIFT,1,N,N,N
L101389,Meta,USA,America/New_York,2026-06-01 06:30,2026-06-01 18:05,AD-05,IST_SHIFT,3,Y,N,N
L101392,Meta,Vietnam,Asia/Ho_Chi_Minh,2026-06-15 04:25,2026-06-16 01:49,AD-10,SEA_SHIFT,0,Y,Y,N
L101393,Google,USA,America/New_York,2026-06-15 13:19,,AD-07,IST_SHIFT,0,N,N,N
L101394,Google,Singapore,Asia/Singapore,2026-06-03 20:58,2026-06-04 17:38,AD-06,IST_SHIFT,0,N,N,N
L101395,Google,USA,America/New_York,2026-06-07 14:18,,AD-04,US_SHIFT,2,N,N,N
L101396,Referral,UAE,Asia/Dubai,2026-07-12 08:56,2026-07-14 07:37,AD-12,US_SHIFT,3,Y,Y,N
L101397,Organic,USA,America/New_York,2026-07-10 23:30,2026-07-12 19:12,AD-09,IST_SHIFT,2,Y,Y,Y
L101399,Meta,USA,America/New_York,2026-06-01 20:25,2026-06-05 16:58,AD-06,IST_SHIFT,3,N,N,N
L101400,Meta,USA,America/New_York,2026-06-06 23:12,,AD-04,US_SHIFT,2,N,N,N
L101401,Google,USA,America/New_York,2026-06-05 13:54,,AD-06,IST_SHIFT,3,N,N,N
L101403,Meta,USA,America/New_York,2026-06-30 10:32,2026-06-30 14:39,AD-06,IST_SHIFT,1,Y,Y,N
L101404,Meta,Vietnam,Asia/Ho_Chi_Minh,2026-06-25 16:36,2026-06-30 00:55,AD-08,IST_SHIFT,2,Y,Y,N
L101405,Meta,India,Asia/Kolkata,2026-06-03 04:46,,AD-07,IST_SHIFT,1,N,N,N
L101407,Meta,Vietnam,Asia/Ho_Chi_Minh,2026-06-16 23:58,2026-06-20 23:27,AD-01,US_SHIFT,3,N,N,N
L101408,Referral,India,Asia/Kolkata,2026-06-06 14:57,,AD-10,SEA_SHIFT,2,N,N,N
L101409,Organic,Vietnam,Asia/Ho_Chi_Minh,2026-07-20 07:35,2026-07-24 20:17,AD-07,IST_SHIFT,2,N,N,N
L101410,Google,UK,Europe/London,2026-06-04 22:59,2026-06-05 06:19,AD-11,SEA_SHIFT,0,Y,Y,Y
L101411,Meta,USA,America/New_York,2026-07-08 09:10,,AD-12,US_SHIFT,2,N,N,N
L101412,Affiliate,Vietnam,Asia/Ho_Chi_Minh,2026-06-19 08:07,2026-06-22 14:27,AD-04,US_SHIFT,2,Y,Y,N
L101413,Organic,USA,America/New_York,2026-07-27 09:19,2026-07-27 16:40,AD-06,IST_SHIFT,2,Y,Y,N
L101414,Meta,UAE,Asia/Dubai,2026-07-01 17:38,2026-07-05 23:25,AD-06,IST_SHIFT,3,N,N,N
L101415,Meta,Saudi Arabia,Asia/Riyadh,2026-07-04 12:24,,AD-11,SEA_SHIFT,3,N,N,N
L101417,Google,USA,America/New_York,2026-07-30 10:13,2026-07-31 01:03,AD-09,IST_SHIFT,1,Y,Y,N
L101418,Meta,Singapore,Asia/Singapore,2026-06-29 02:43,2026-07-02 14:19,AD-08,IST_SHIFT,1,Y,Y,N
L101419,Meta,UAE,Asia/Dubai,2026-06-06 01:19,2026-06-10 14:34,AD-04,US_SHIFT,3,N,N,N
L101420,DSA,Singapore,Asia/Singapore,2026-07-14 08:01,2026-07-15 15:44,AD-11,SEA_SHIFT,1,Y,Y,N
L101421,Google,India,Asia/Kolkata,2026-07-28 02:51,,AD-04,US_SHIFT,2,N,N,N
L101424,Meta,Vietnam,Asia/Ho_Chi_Minh,2026-07-25 01:28,,AD-05,IST_SHIFT,3,N,N,N
L101425,Meta,India,Asia/Kolkata,2026-06-05 16:12,,AD-08,IST_SHIFT,3,N,N,N
L101426,Meta,USA,America/New_York,2026-07-24 07:09,2026-07-24 15:18,AD-07,IST_SHIFT,0,Y,Y,N
L101427,Meta,USA,America/New_York,2026-06-13 23:41,2026-06-17 17:09,AD-07,IST_SHIFT,0,N,N,N
L101428,Meta,UK,Europe/London,2026-06-30 12:42,2026-06-30 21:41,AD-09,IST_SHIFT,2,Y,Y,N
L101430,Meta,Australia,Australia/Sydney,2026-07-06 21:41,2026-07-07 15:36,AD-08,IST_SHIFT,1,Y,Y,N
L101431,Meta,UAE,Asia/Dubai,2026-06-14 23:04,,AD-04,US_SHIFT,3,N,N,N
L101432,Meta,USA,America/New_York,2026-06-27 16:43,2026-06-28 15:54,AD-05,IST_SHIFT,2,Y,N,N
L101433,Affiliate,India,Asia/Kolkata,2026-07-29 20:05,,AD-02,US_SHIFT,1,N,N,N
L101436,Meta,USA,America/New_York,2026-06-17 15:31,2026-06-21 12:36,AD-09,IST_SHIFT,0,Y,N,N
L101437,Referral,UAE,Asia/Dubai,2026-07-21 22:34,,AD-05,IST_SHIFT,2,N,N,N
L101438,Meta,Vietnam,Asia/Ho_Chi_Minh,2026-06-03 06:20,2026-06-04 12:33,AD-08,IST_SHIFT,0,Y,N,N
L101439,Organic,Vietnam,Asia/Ho_Chi_Minh,2026-07-01 01:32,,AD-09,IST_SHIFT,0,N,N,N
L101441,Affiliate,India,Asia/Kolkata,2026-06-04 13:07,,AD-01,US_SHIFT,2,N,N,N
L101442,Affiliate,USA,America/New_York,2026-07-26 06:42,2026-07-26 08:43,AD-04,US_SHIFT,0,Y,Y,N
L101443,Google,UAE,Asia/Dubai,2026-06-27 12:30,,AD-03,US_SHIFT,2,N,N,N
L101444,Meta,UAE,Asia/Dubai,2026-06-01 08:33,2026-06-01 23:55,AD-11,SEA_SHIFT,2,Y,Y,N
L101445,Meta,USA,America/New_York,2026-06-09 18:44,2026-06-10 14:54,AD-01,US_SHIFT,2,N,N,N
L101446,Organic,USA,America/New_York,2026-06-24 23:44,2026-06-25 03:09,AD-12,US_SHIFT,1,N,N,N
L101447,Meta,USA,America/New_York,2026-06-16 12:17,2026-06-16 16:37,AD-11,SEA_SHIFT,1,N,N,N
L101448,Google,USA,America/New_York,2026-07-29 09:33,2026-07-30 13:59,AD-08,IST_SHIFT,1,Y,Y,N
L101449,Google,Australia,Australia/Sydney,2026-06-25 00:25,2026-06-25 19:04,AD-06,IST_SHIFT,3,Y,Y,N
L101451,Meta,Australia,Australia/Sydney,2026-06-22 19:50,,AD-08,IST_SHIFT,3,N,N,N
L101452,Meta,Australia,Australia/Sydney,2026-06-23 22:16,,AD-10,SEA_SHIFT,1,N,N,N
L101453,Meta,Saudi Arabia,Asia/Riyadh,2026-06-23 03:09,2026-06-24 00:55,AD-07,IST_SHIFT,2,Y,N,N
L101454,Google,UK,Europe/London,2026-07-20 03:28,2026-07-22 16:40,AD-01,US_SHIFT,1,N,N,N
L101455,Meta,Vietnam,Asia/Ho_Chi_Minh,2026-06-24 12:37,,AD-08,IST_SHIFT,3,N,N,N
L101456,Meta,USA,America/New_York,2026-07-18 04:56,2026-07-21 18:49,AD-07,IST_SHIFT,0,Y,Y,N
L101457,Meta,USA,America/New_York,2026-07-14 23:14,2026-07-16 18:53,AD-10,SEA_SHIFT,2,Y,Y,N
L101460,Meta,UAE,Asia/Dubai,2026-06-04 03:44,2026-06-06 08:44,AD-10,SEA_SHIFT,3,N,N,N
L101461,Meta,Saudi Arabia,Asia/Riyadh,2026-06-07 17:26,2026-06-11 03:38,AD-01,US_SHIFT,1,N,N,N
L101462,Meta,USA,America/New_York,2026-06-18 20:17,2026-06-21 15:52,AD-11,SEA_SHIFT,0,N,N,N
L101463,DSA,UAE,Asia/Dubai,2026-07-29 13:33,2026-08-03 06:43,AD-10,SEA_SHIFT,2,N,N,N
L101464,Meta,Vietnam,Asia/Ho_Chi_Minh,2026-07-15 07:34,2026-07-19 18:38,AD-09,IST_SHIFT,2,N,N,N
L101465,Meta,Singapore,Asia/Singapore,2026-06-26 16:10,2026-06-29 07:11,AD-07,IST_SHIFT,0,Y,Y,N
L101466,Referral,Saudi Arabia,Asia/Riyadh,2026-07-08 10:09,,AD-12,US_SHIFT,3,N,N,N
L101467,Meta,USA,America/New_York,2026-06-18 00:14,2026-06-18 16:03,AD-08,IST_SHIFT,0,N,N,N
L101468,Google,USA,America/New_York,2026-06-27 04:40,2026-06-30 06:11,AD-01,US_SHIFT,1,N,N,N
L101469,Google,Vietnam,Asia/Ho_Chi_Minh,2026-07-04 08:22,,AD-09,IST_SHIFT,2,N,N,N
L101470,Meta,Vietnam,Asia/Ho_Chi_Minh,2026-06-24 09:47,2026-06-26 12:24,AD-11,SEA_SHIFT,3,N,N,N
L101471,Meta,USA,America/New_York,2026-06-16 05:09,2026-06-17 17:16,AD-02,US_SHIFT,1,Y,Y,N
L101472,Google,USA,America/New_York,2026-07-24 00:06,,AD-12,US_SHIFT,3,N,N,N
L101473,Google,Australia,Australia/Sydney,2026-07-08 21:06,2026-07-13 00:59,AD-07,IST_SHIFT,0,Y,N,N
L101474,Google,UK,Europe/London,2026-06-17 13:01,2026-06-19 07:40,AD-05,IST_SHIFT,3,Y,Y,N
L101475,Organic,USA,America/New_York,2026-06-05 09:33,,AD-07,IST_SHIFT,1,N,N,N
L101476,Referral,USA,America/New_York,2026-07-13 12:16,2026-07-16 19:03,AD-09,IST_SHIFT,2,N,N,N
L101477,Meta,Singapore,Asia/Singapore,2026-07-27 19:48,2026-07-29 18:44,AD-08,IST_SHIFT,0,Y,Y,N
L101478,Meta,USA,America/New_York,2026-07-25 18:15,2026-07-29 17:14,AD-03,US_SHIFT,0,N,N,N
L101479,Affiliate,Saudi Arabia,Asia/Riyadh,2026-07-28 14:27,,AD-09,IST_SHIFT,3,N,N,N
L101480,Google,Australia,Australia/Sydney,2026-06-15 18:27,,AD-12,US_SHIFT,3,N,N,N
L101481,DSA,Vietnam,Asia/Ho_Chi_Minh,2026-07-10 02:30,2026-07-13 03:24,AD-12,US_SHIFT,2,N,N,N
L101482,Meta,UAE,Asia/Dubai,2026-06-09 07:30,,AD-08,IST_SHIFT,2,N,N,N
L101483,Meta,UAE,Asia/Dubai,2026-06-27 11:17,,AD-09,IST_SHIFT,3,N,N,N
L101484,Meta,Vietnam,Asia/Ho_Chi_Minh,2026-06-29 11:08,,AD-11,SEA_SHIFT,3,N,N,N
L101485,Google,Vietnam,Asia/Ho_Chi_Minh,2026-07-13 20:05,2026-07-14 07:58,AD-03,US_SHIFT,0,Y,Y,N
L101486,Meta,Australia,Australia/Sydney,2026-07-10 17:07,2026-07-12 12:54,AD-10,SEA_SHIFT,1,N,N,N
L101487,Meta,UAE,Asia/Dubai,2026-07-15 13:59,2026-07-16 05:47,AD-11,SEA_SHIFT,0,N,N,N
L101488,Meta,UAE,Asia/Dubai,2026-06-11 05:38,,AD-07,IST_SHIFT,1,N,N,N
L101490,Meta,USA,America/New_York,2026-06-21 01:15,2026-06-22 20:01,AD-06,IST_SHIFT,0,Y,Y,Y
L101491,Meta,Vietnam,Asia/Ho_Chi_Minh,2026-06-20 19:40,2026-06-25 14:11,AD-08,IST_SHIFT,0,Y,Y,Y
L101492,Meta,Saudi Arabia,Asia/Riyadh,2026-07-28 14:10,,AD-04,US_SHIFT,1,N,N,N
L101494,Meta,Saudi Arabia,Asia/Riyadh,2026-06-28 18:27,2026-06-29 00:59,AD-06,IST_SHIFT,1,Y,Y,N
L101495,Meta,USA,America/New_York,2026-07-18 10:00,2026-07-18 16:05,AD-11,SEA_SHIFT,1,Y,Y,N
L101496,Meta,Vietnam,Asia/Ho_Chi_Minh,2026-06-06 01:11,,AD-06,IST_SHIFT,0,N,N,N
L101497,Meta,USA,America/New_York,2026-07-15 19:40,2026-07-17 01:54,AD-10,SEA_SHIFT,0,N,N,N
L101499,Organic,Australia,Australia/Sydney,2026-06-23 11:54,,AD-08,IST_SHIFT,0,N,N,N
L101500,Meta,Vietnam,Asia/Ho_Chi_Minh,2026-06-03 16:19,2026-06-05 00:34,AD-02,US_SHIFT,1,Y,Y,N
L101501,Meta,UK,Europe/London,2026-07-12 16:38,2026-07-13 09:24,AD-03,US_SHIFT,3,N,N,N
L101502,Meta,India,Asia/Kolkata,2026-07-21 13:53,2026-07-25 11:39,AD-11,SEA_SHIFT,2,Y,Y,N
L101503,Organic,UAE,Asia/Dubai,2026-06-27 10:32,2026-06-28 19:58,AD-09,IST_SHIFT,2,Y,Y,N
L101504,Affiliate,Australia,Australia/Sydney,2026-07-23 08:11,2026-07-23 20:13,AD-01,US_SHIFT,1,Y,Y,N
L101505,Meta,India,Asia/Kolkata,2026-07-28 13:44,,AD-02,US_SHIFT,3,N,N,N
L101506,Google,Vietnam,Asia/Ho_Chi_Minh,2026-07-03 19:16,2026-07-04 07:54,AD-01,US_SHIFT,1,Y,Y,N
L101507,Meta,UAE,Asia/Dubai,2026-07-14 19:32,2026-07-17 15:17,AD-04,US_SHIFT,2,N,N,N
L101508,Organic,Singapore,Asia/Singapore,2026-07-07 01:19,2026-07-07 15:25,AD-02,US_SHIFT,1,Y,Y,N
L101509,Google,India,Asia/Kolkata,2026-06-16 09:21,2026-06-19 22:39,AD-08,IST_SHIFT,3,N,N,N
L101510,Meta,UAE,Asia/Dubai,2026-06-22 21:20,,AD-06,IST_SHIFT,1,N,N,N
L101511,Google,USA,America/New_York,2026-06-02 20:38,2026-06-03 00:12,AD-09,IST_SHIFT,2,Y,Y,Y
L101512,Meta,India,Asia/Kolkata,2026-07-21 03:39,2026-07-21 23:47,AD-04,US_SHIFT,1,Y,Y,N
L101513,Referral,USA,America/New_York,2026-07-25 10:57,,AD-04,US_SHIFT,0,N,N,N
L101514,Meta,USA,America/New_York,2026-07-12 18:42,,AD-11,SEA_SHIFT,3,N,N,N
L101515,Google,Singapore,Asia/Singapore,2026-06-18 04:29,,AD-02,US_SHIFT,2,N,N,N
L101516,Google,Vietnam,Asia/Ho_Chi_Minh,2026-07-17 08:50,2026-07-19 00:59,AD-04,US_SHIFT,2,Y,Y,N
L101517,Google,USA,America/New_York,2026-07-23 07:13,,AD-01,US_SHIFT,0,N,N,N
L101518,Meta,Vietnam,Asia/Ho_Chi_Minh,2026-07-28 16:41,2026-07-29 10:04,AD-03,US_SHIFT,3,Y,Y,N
L101519,Organic,Saudi Arabia,Asia/Riyadh,2026-07-21 18:15,2026-07-24 09:23,AD-01,US_SHIFT,1,N,N,N
L101520,Meta,India,Asia/Kolkata,2026-06-13 01:40,,AD-01,US_SHIFT,0,N,N,N
L101522,Google,USA,America/New_York,2026-06-10 03:05,,AD-05,IST_SHIFT,2,N,N,N
L101524,Meta,Australia,Australia/Sydney,2026-07-06 23:44,2026-07-10 20:25,AD-11,SEA_SHIFT,1,Y,Y,Y
L101525,Meta,UAE,Asia/Dubai,2026-06-23 22:50,2026-06-24 05:39,AD-11,SEA_SHIFT,1,Y,N,N
L101526,Meta,USA,America/New_York,2026-06-12 22:09,2026-06-13 20:36,AD-04,US_SHIFT,0,Y,Y,N
L101527,Referral,Vietnam,Asia/Ho_Chi_Minh,2026-07-04 02:31,,AD-09,IST_SHIFT,2,N,N,N
L101528,Affiliate,UAE,Asia/Dubai,2026-07-24 06:53,2026-07-24 16:24,AD-01,US_SHIFT,1,N,N,N
L101529,Organic,Saudi Arabia,Asia/Riyadh,2026-07-14 23:03,2026-07-16 16:37,AD-08,IST_SHIFT,2,Y,Y,N
L101530,Meta,USA,America/New_York,2026-07-11 08:05,2026-07-14 22:26,AD-07,IST_SHIFT,1,N,N,N
L101531,Google,Vietnam,Asia/Ho_Chi_Minh,2026-06-23 20:55,,AD-02,US_SHIFT,2,N,N,N
L101532,Meta,USA,America/New_York,2026-06-01 14:46,2026-06-02 22:11,AD-12,US_SHIFT,0,N,N,N
L101533,Google,USA,America/New_York,2026-07-11 05:12,,AD-06,IST_SHIFT,1,N,N,N
L101534,Organic,Australia,Australia/Sydney,2026-07-25 14:43,2026-07-27 06:23,AD-02,US_SHIFT,0,Y,Y,N
L101535,Organic,India,Asia/Kolkata,2026-06-17 09:14,2026-06-17 17:41,AD-01,US_SHIFT,2,Y,Y,Y
L101539,Google,Vietnam,Asia/Ho_Chi_Minh,2026-07-12 12:58,2026-07-14 07:54,AD-10,SEA_SHIFT,2,Y,Y,N
L101540,Affiliate,USA,America/New_York,2026-07-22 17:13,2026-07-24 23:48,AD-03,US_SHIFT,0,N,N,N
L101541,Meta,India,Asia/Kolkata,2026-06-04 16:07,,AD-01,US_SHIFT,1,N,N,N
L101542,Organic,UK,Europe/London,2026-07-14 02:49,,AD-03,US_SHIFT,2,N,N,N
L101543,Meta,UK,Europe/London,2026-07-27 17:45,,AD-09,IST_SHIFT,0,N,N,N
L101544,Meta,UAE,Asia/Dubai,2026-06-15 16:52,2026-06-17 04:07,AD-04,US_SHIFT,1,N,N,N
L101545,Google,Vietnam,Asia/Ho_Chi_Minh,2026-06-02 17:16,2026-06-05 01:27,AD-10,SEA_SHIFT,3,Y,Y,N
L101546,Meta,USA,America/New_York,2026-06-12 05:15,2026-06-13 23:26,AD-01,US_SHIFT,0,Y,Y,Y
L101547,Google,Singapore,Asia/Singapore,2026-07-06 16:20,2026-07-07 19:19,AD-04,US_SHIFT,0,Y,Y,N
L101548,Google,USA,America/New_York,2026-06-10 16:52,2026-06-12 10:56,AD-01,US_SHIFT,0,Y,Y,N
L101550,Meta,UAE,Asia/Dubai,2026-07-30 01:25,2026-07-31 11:36,AD-08,IST_SHIFT,1,N,N,N
L101551,Meta,UAE,Asia/Dubai,2026-06-12 04:58,2026-06-16 08:25,AD-02,US_SHIFT,1,N,N,N
L101552,Meta,USA,America/New_York,2026-06-22 13:44,2026-06-24 07:11,AD-07,IST_SHIFT,2,Y,Y,N
L101553,Google,Saudi Arabia,Asia/Riyadh,2026-07-15 09:16,2026-07-16 14:40,AD-05,IST_SHIFT,2,Y,Y,N
L101554,Meta,UK,Europe/London,2026-07-22 03:21,2026-07-23 19:41,AD-08,IST_SHIFT,2,Y,Y,N
L101556,Meta,USA,America/New_York,2026-07-19 19:04,2026-07-20 09:34,AD-06,IST_SHIFT,3,N,N,N
L101558,Affiliate,Vietnam,Asia/Ho_Chi_Minh,2026-06-20 09:11,,AD-09,IST_SHIFT,2,N,N,N
L101559,Meta,UAE,Asia/Dubai,2026-06-02 10:19,,AD-12,US_SHIFT,2,N,N,N
L101560,Google,Australia,Australia/Sydney,2026-07-05 13:09,,AD-08,IST_SHIFT,2,N,N,N
L101562,Google,India,Asia/Kolkata,2026-06-13 13:26,2026-06-18 05:32,AD-10,SEA_SHIFT,3,Y,Y,N
L101563,Google,USA,America/New_York,2026-07-11 19:10,2026-07-16 01:53,AD-06,IST_SHIFT,1,N,N,N
L101565,Meta,USA,America/New_York,2026-06-24 00:34,2026-06-24 15:11,AD-01,US_SHIFT,0,Y,Y,N
L101566,Organic,Saudi Arabia,Asia/Riyadh,2026-07-16 03:17,2026-07-18 02:08,AD-09,IST_SHIFT,3,Y,Y,N
L101567,Referral,USA,America/New_York,2026-07-15 22:23,2026-07-17 16:01,AD-05,IST_SHIFT,1,Y,Y,N
L101568,Meta,UK,Europe/London,2026-06-22 20:09,2026-06-27 01:12,AD-07,IST_SHIFT,0,N,N,N
L101570,Google,USA,America/New_York,2026-07-08 13:15,,AD-11,SEA_SHIFT,1,N,N,N
L101571,Google,Vietnam,Asia/Ho_Chi_Minh,2026-07-30 03:08,,AD-04,US_SHIFT,2,N,N,N
L101572,Google,Australia,Australia/Sydney,2026-06-19 15:55,2026-06-22 02:31,AD-02,US_SHIFT,0,N,N,N
L101573,Google,Australia,Australia/Sydney,2026-07-29 20:35,2026-07-31 14:36,AD-06,IST_SHIFT,0,Y,N,N
L101574,Meta,Saudi Arabia,Asia/Riyadh,2026-06-21 15:12,,AD-11,SEA_SHIFT,1,N,N,N
L101575,Referral,USA,America/New_York,2026-07-22 01:28,2026-07-24 07:16,AD-04,US_SHIFT,3,N,N,N
L101576,Google,Singapore,Asia/Singapore,2026-07-27 15:26,2026-07-28 22:44,AD-02,US_SHIFT,1,N,N,N
L101577,Organic,USA,America/New_York,2026-06-26 16:04,,AD-09,IST_SHIFT,3,N,N,N
L101578,Meta,UAE,Asia/Dubai,2026-07-28 18:10,2026-07-31 06:28,AD-02,US_SHIFT,3,Y,N,N
L101579,Organic,USA,America/New_York,2026-06-20 12:39,2026-06-20 23:30,AD-08,IST_SHIFT,3,N,N,N
L101581,Meta,UK,Europe/London,2026-07-13 15:17,2026-07-16 12:12,AD-07,IST_SHIFT,3,N,N,N
L101582,Organic,Vietnam,Asia/Ho_Chi_Minh,2026-07-07 00:16,,AD-09,IST_SHIFT,3,N,N,N
L101583,Meta,Vietnam,Asia/Ho_Chi_Minh,2026-06-07 20:12,2026-06-08 15:14,AD-09,IST_SHIFT,3,N,N,N
L101585,Google,Vietnam,Asia/Ho_Chi_Minh,2026-06-04 02:20,,AD-08,IST_SHIFT,0,N,N,N
L101586,Meta,Singapore,Asia/Singapore,2026-06-04 02:37,2026-06-04 18:22,AD-08,IST_SHIFT,3,Y,N,N
L101587,Meta,UK,Europe/London,2026-06-06 13:14,2026-06-09 05:19,AD-05,IST_SHIFT,2,N,N,N
L101588,Meta,Australia,Australia/Sydney,2026-06-25 12:09,2026-06-30 04:32,AD-11,SEA_SHIFT,3,Y,Y,Y
L101589,Meta,Saudi Arabia,Asia/Riyadh,2026-06-18 14:48,2026-06-20 12:10,AD-05,IST_SHIFT,2,N,N,N
L101590,Meta,UK,Europe/London,2026-06-14 09:11,2026-06-14 11:38,AD-04,US_SHIFT,1,Y,Y,N
L101592,Organic,UK,Europe/London,2026-06-27 21:15,,AD-06,IST_SHIFT,2,N,N,N
L101593,Google,Saudi Arabia,Asia/Riyadh,2026-07-23 17:03,,AD-08,IST_SHIFT,2,N,N,N
L101594,Organic,USA,America/New_York,2026-06-07 08:24,,AD-02,US_SHIFT,0,N,N,N
L101595,DSA,USA,America/New_York,2026-07-01 21:09,2026-07-02 06:12,AD-08,IST_SHIFT,0,Y,Y,N
L101596,Organic,USA,America/New_York,2026-06-12 05:22,,AD-03,US_SHIFT,3,N,N,N
L101597,Meta,Saudi Arabia,Asia/Riyadh,2026-07-14 14:36,,AD-12,US_SHIFT,3,N,N,N
L101599,Meta,UAE,Asia/Dubai,2026-06-18 19:30,2026-06-19 19:49,AD-10,SEA_SHIFT,2,Y,N,N
L101600,Google,Vietnam,Asia/Ho_Chi_Minh,2026-07-02 09:36,,AD-03,US_SHIFT,0,N,N,N
L101601,Meta,UAE,Asia/Dubai,2026-06-18 17:34,2026-06-21 12:42,AD-12,US_SHIFT,0,N,N,N
L101603,Meta,India,Asia/Kolkata,2026-06-12 01:18,,AD-09,IST_SHIFT,3,N,N,N
L101604,Google,India,Asia/Kolkata,2026-07-09 11:37,2026-07-09 17:09,AD-03,US_SHIFT,1,Y,Y,N
L101605,Meta,USA,America/New_York,2026-06-29 15:13,2026-06-30 07:18,AD-04,US_SHIFT,3,Y,Y,Y
L101606,Meta,Vietnam,Asia/Ho_Chi_Minh,2026-06-13 16:37,2026-06-17 15:33,AD-07,IST_SHIFT,0,Y,Y,Y
L101607,Meta,India,Asia/Kolkata,2026-07-16 15:12,2026-07-20 02:58,AD-12,US_SHIFT,0,Y,N,N
L101608,Google,India,Asia/Kolkata,2026-07-30 04:49,2026-08-01 09:26,AD-07,IST_SHIFT,2,N,N,N
L101609,Meta,Vietnam,Asia/Ho_Chi_Minh,2026-07-15 15:12,2026-07-16 07:15,AD-01,US_SHIFT,0,N,N,N
L101611,Google,Singapore,Asia/Singapore,2026-07-13 07:46,2026-07-14 01:09,AD-06,IST_SHIFT,1,Y,N,N
L101612,Referral,USA,America/New_York,2026-07-27 06:56,,AD-09,IST_SHIFT,0,N,N,N
L101613,Meta,UAE,Asia/Dubai,2026-06-12 05:01,2026-06-15 23:52,AD-04,US_SHIFT,3,Y,Y,Y
L101614,Meta,Saudi Arabia,Asia/Riyadh,2026-07-30 10:07,,AD-03,US_SHIFT,1,N,N,N
L101615,Meta,UAE,Asia/Dubai,2026-06-05 23:50,2026-06-07 08:44,AD-04,US_SHIFT,3,Y,Y,N
L101616,Affiliate,India,Asia/Kolkata,2026-06-09 06:01,2026-06-13 09:15,AD-02,US_SHIFT,2,N,N,N
L101617,Meta,Saudi Arabia,Asia/Riyadh,2026-06-18 11:47,2026-06-22 10:09,AD-06,IST_SHIFT,2,Y,Y,N
L101618,Meta,USA,America/New_York,2026-07-04 06:04,2026-07-04 21:37,AD-10,SEA_SHIFT,0,Y,N,N
L101619,Organic,Saudi Arabia,Asia/Riyadh,2026-07-07 19:49,2026-07-09 09:52,AD-11,SEA_SHIFT,2,Y,N,N
L101620,Organic,USA,America/New_York,2026-06-20 05:19,2026-06-20 12:40,AD-06,IST_SHIFT,2,Y,N,N
L101621,Meta,USA,America/New_York,2026-06-05 22:51,2026-06-08 02:57,AD-02,US_SHIFT,1,Y,Y,N
L101622,Meta,India,Asia/Kolkata,2026-07-01 17:09,,AD-12,US_SHIFT,3,N,N,N
L101623,Meta,UAE,Asia/Dubai,2026-06-17 11:28,,AD-07,IST_SHIFT,0,N,N,N
L101624,Meta,Saudi Arabia,Asia/Riyadh,2026-07-23 09:57,,AD-02,US_SHIFT,3,N,N,N
L101626,Google,Vietnam,Asia/Ho_Chi_Minh,2026-07-03 10:45,2026-07-06 23:17,AD-09,IST_SHIFT,3,Y,Y,N
L101628,Google,USA,America/New_York,2026-06-03 11:56,,AD-04,US_SHIFT,3,N,N,N
L101629,Google,USA,America/New_York,2026-07-11 04:31,2026-07-11 12:28,AD-06,IST_SHIFT,3,Y,Y,N
L101630,Google,UK,Europe/London,2026-06-22 02:10,,AD-12,US_SHIFT,0,N,N,N
L101631,Google,Australia,Australia/Sydney,2026-06-28 10:15,,AD-08,IST_SHIFT,3,N,N,N
L101632,Organic,Vietnam,Asia/Ho_Chi_Minh,2026-07-29 01:27,,AD-07,IST_SHIFT,3,N,N,N
L101633,Google,USA,America/New_York,2026-06-18 10:57,,AD-06,IST_SHIFT,3,N,N,N
L101635,Meta,Vietnam,Asia/Ho_Chi_Minh,2026-06-01 20:43,2026-06-04 20:50,AD-12,US_SHIFT,1,N,N,N
L101636,Meta,USA,America/New_York,2026-06-09 04:55,,AD-06,IST_SHIFT,3,N,N,N
L101638,Meta,UK,Europe/London,2026-07-30 04:41,,AD-07,IST_SHIFT,3,N,N,N
L101639,Google,USA,America/New_York,2026-07-27 03:09,,AD-03,US_SHIFT,1,N,N,N
L101641,Meta,USA,America/New_York,2026-07-04 21:22,2026-07-06 06:34,AD-12,US_SHIFT,0,N,N,N
L101642,Meta,USA,America/New_York,2026-06-25 02:24,2026-06-25 20:59,AD-11,SEA_SHIFT,3,Y,Y,N
L101643,Meta,Australia,Australia/Sydney,2026-07-11 01:32,2026-07-12 12:36,AD-02,US_SHIFT,3,Y,Y,N
L101644,Meta,Saudi Arabia,Asia/Riyadh,2026-06-15 22:27,2026-06-16 15:29,AD-05,IST_SHIFT,2,Y,N,N
L101645,Affiliate,UAE,Asia/Dubai,2026-07-11 14:30,2026-07-12 14:03,AD-08,IST_SHIFT,0,Y,Y,N
L101646,Affiliate,Australia,Australia/Sydney,2026-06-22 20:58,2026-06-26 04:35,AD-07,IST_SHIFT,3,Y,Y,N
L101647,Google,USA,America/New_York,2026-07-23 16:10,,AD-12,US_SHIFT,2,N,N,N
L101649,Referral,Vietnam,Asia/Ho_Chi_Minh,2026-06-20 13:57,2026-06-22 05:39,AD-10,SEA_SHIFT,1,Y,N,N
L101650,Meta,USA,America/New_York,2026-07-09 15:50,,AD-01,US_SHIFT,2,N,N,N
L101651,Meta,Vietnam,Asia/Ho_Chi_Minh,2026-06-17 01:18,2026-06-18 20:49,AD-08,IST_SHIFT,0,Y,Y,N
L101652,Organic,India,Asia/Kolkata,2026-06-20 14:52,2026-06-21 19:49,AD-04,US_SHIFT,3,Y,Y,N
L101653,Google,Australia,Australia/Sydney,2026-07-12 05:30,,AD-12,US_SHIFT,2,N,N,N
L101654,Meta,India,Asia/Kolkata,2026-06-30 08:03,2026-07-01 03:22,AD-01,US_SHIFT,2,Y,Y,N
L101655,Meta,UAE,Asia/Dubai,2026-07-24 17:40,2026-07-24 20:33,AD-09,IST_SHIFT,1,Y,Y,N
L101656,Meta,Australia,Australia/Sydney,2026-06-04 23:56,2026-06-06 01:16,AD-08,IST_SHIFT,3,N,N,N
L101657,Organic,Australia,Australia/Sydney,2026-06-10 17:34,2026-06-13 08:44,AD-09,IST_SHIFT,0,N,N,N
L101658,Referral,UK,Europe/London,2026-07-03 21:32,,AD-04,US_SHIFT,3,N,N,N
L101659,Meta,Australia,Australia/Sydney,2026-06-25 20:39,2026-06-28 20:22,AD-10,SEA_SHIFT,1,N,N,N
L101660,Google,USA,America/New_York,2026-07-01 12:39,2026-07-04 11:38,AD-06,IST_SHIFT,3,N,N,N
L101662,Affiliate,UAE,Asia/Dubai,2026-06-21 17:43,,AD-01,US_SHIFT,3,N,N,N
L101663,Affiliate,USA,America/New_York,2026-07-28 02:44,2026-07-29 14:31,AD-12,US_SHIFT,2,Y,Y,N
L101664,Google,Vietnam,Asia/Ho_Chi_Minh,2026-07-11 23:49,2026-07-16 00:08,AD-08,IST_SHIFT,2,N,N,N
L101665,Google,USA,America/New_York,2026-06-21 05:28,,AD-11,SEA_SHIFT,1,N,N,N
L101666,Meta,India,Asia/Kolkata,2026-06-07 05:32,,AD-10,SEA_SHIFT,1,N,N,N
L101667,Organic,UAE,Asia/Dubai,2026-07-27 07:23,2026-07-28 07:57,AD-10,SEA_SHIFT,2,Y,Y,Y
L101668,Meta,UAE,Asia/Dubai,2026-07-10 13:09,2026-07-11 03:29,AD-10,SEA_SHIFT,3,Y,Y,Y
L101669,DSA,Saudi Arabia,Asia/Riyadh,2026-07-10 04:52,2026-07-12 12:18,AD-05,IST_SHIFT,1,N,N,N
L101670,Affiliate,USA,America/New_York,2026-07-15 08:44,,AD-06,IST_SHIFT,0,N,N,N
L101671,Google,Vietnam,Asia/Ho_Chi_Minh,2026-06-24 11:23,,AD-04,US_SHIFT,0,N,N,N
L101672,Organic,USA,America/New_York,2026-06-08 10:34,2026-06-08 21:51,AD-02,US_SHIFT,2,Y,Y,N
L101673,Meta,USA,America/New_York,2026-07-02 23:36,2026-07-05 13:57,AD-02,US_SHIFT,1,Y,Y,N
L101675,Google,Singapore,Asia/Singapore,2026-07-05 20:10,2026-07-06 17:17,AD-10,SEA_SHIFT,2,N,N,N
L101676,Google,UAE,Asia/Dubai,2026-07-12 15:48,2026-07-13 08:02,AD-11,SEA_SHIFT,2,Y,Y,N
L101678,Referral,Singapore,Asia/Singapore,2026-06-02 18:17,2026-06-03 03:01,AD-10,SEA_SHIFT,0,Y,Y,Y
L101679,Organic,USA,America/New_York,2026-06-23 00:10,2026-06-24 00:15,AD-01,US_SHIFT,1,Y,N,N
L101680,Google,Vietnam,Asia/Ho_Chi_Minh,2026-07-16 03:27,2026-07-17 17:02,AD-05,IST_SHIFT,2,Y,Y,N
L101681,Referral,India,Asia/Kolkata,2026-06-06 16:52,,AD-03,US_SHIFT,1,N,N,N
L101682,Meta,UAE,Asia/Dubai,2026-06-03 12:10,2026-06-05 03:07,AD-03,US_SHIFT,0,N,N,N
L101685,Organic,USA,America/New_York,2026-07-12 05:26,2026-07-13 20:12,AD-06,IST_SHIFT,1,Y,Y,Y
L101686,Meta,Singapore,Asia/Singapore,2026-07-07 14:05,,AD-12,US_SHIFT,3,N,N,N
L101687,Meta,USA,America/New_York,2026-07-15 00:07,2026-07-19 10:16,AD-11,SEA_SHIFT,1,Y,Y,Y
L101689,DSA,Vietnam,Asia/Ho_Chi_Minh,2026-06-28 01:58,2026-06-29 13:04,AD-03,US_SHIFT,1,N,N,N
L101690,Organic,USA,America/New_York,2026-06-16 20:27,,AD-05,IST_SHIFT,2,N,N,N
L101691,DSA,USA,America/New_York,2026-06-20 07:54,2026-06-20 22:21,AD-03,US_SHIFT,1,Y,Y,N
L101692,Referral,Vietnam,Asia/Ho_Chi_Minh,2026-07-05 02:18,2026-07-06 18:15,AD-02,US_SHIFT,2,Y,Y,N
L101693,Google,UK,Europe/London,2026-06-01 08:46,,AD-07,IST_SHIFT,3,N,N,N
L101694,DSA,Saudi Arabia,Asia/Riyadh,2026-06-02 05:43,2026-06-05 01:30,AD-06,IST_SHIFT,3,Y,Y,N
L101695,Meta,USA,America/New_York,2026-06-02 22:30,2026-06-07 13:40,AD-01,US_SHIFT,3,N,N,N
L101696,Affiliate,USA,America/New_York,2026-07-23 07:14,2026-07-26 01:19,AD-07,IST_SHIFT,2,N,N,N
L101697,DSA,Vietnam,Asia/Ho_Chi_Minh,2026-06-30 16:02,2026-06-30 21:38,AD-12,US_SHIFT,3,N,N,N
L101698,Google,USA,America/New_York,2026-07-02 11:38,,AD-10,SEA_SHIFT,2,N,N,N
L101700,Affiliate,Saudi Arabia,Asia/Riyadh,2026-07-17 17:58,2026-07-22 06:13,AD-03,US_SHIFT,2,Y,Y,N
L101701,Google,Australia,Australia/Sydney,2026-06-21 20:08,,AD-06,IST_SHIFT,2,N,N,N
L101703,Referral,UAE,Asia/Dubai,2026-07-05 02:57,,AD-01,US_SHIFT,1,N,N,N
L101704,DSA,USA,America/New_York,2026-06-08 01:17,2026-06-12 15:14,AD-05,IST_SHIFT,3,Y,Y,N
L101705,Meta,Singapore,Asia/Singapore,2026-07-10 16:34,2026-07-14 01:54,AD-01,US_SHIFT,1,Y,Y,Y
L101706,Affiliate,USA,America/New_York,2026-07-17 00:54,,AD-01,US_SHIFT,1,N,N,N
L101707,Meta,USA,America/New_York,2026-06-05 12:06,2026-06-06 21:50,AD-08,IST_SHIFT,1,N,N,N
L101708,DSA,UK,Europe/London,2026-06-07 19:16,,AD-11,SEA_SHIFT,3,N,N,N
L101709,Google,USA,America/New_York,2026-07-08 13:35,2026-07-10 08:22,AD-05,IST_SHIFT,3,Y,Y,Y
L101710,DSA,Saudi Arabia,Asia/Riyadh,2026-06-25 12:36,2026-06-29 16:34,AD-04,US_SHIFT,2,Y,Y,Y
L101711,Google,Vietnam,Asia/Ho_Chi_Minh,2026-06-21 00:21,2026-06-22 04:12,AD-11,SEA_SHIFT,0,Y,Y,N
L101712,Google,Australia,Australia/Sydney,2026-06-25 02:40,2026-06-26 20:27,AD-01,US_SHIFT,2,Y,N,N
L101713,Meta,USA,America/New_York,2026-07-13 03:50,2026-07-16 02:32,AD-07,IST_SHIFT,3,N,N,N
L101714,Meta,USA,America/New_York,2026-07-10 04:54,,AD-03,US_SHIFT,3,N,N,N
L101715,Meta,Vietnam,Asia/Ho_Chi_Minh,2026-06-22 23:04,2026-06-25 02:03,AD-06,IST_SHIFT,0,N,N,N
L101716,Google,Australia,Australia/Sydney,2026-07-22 19:38,,AD-01,US_SHIFT,3,N,N,N
L101717,Google,Australia,Australia/Sydney,2026-07-21 06:31,2026-07-22 11:05,AD-06,IST_SHIFT,3,Y,Y,Y
L101718,Meta,India,Asia/Kolkata,2026-07-18 16:24,2026-07-22 12:53,AD-08,IST_SHIFT,3,Y,Y,N
L101719,Organic,USA,America/New_York,2026-07-22 14:08,2026-07-24 06:57,AD-01,US_SHIFT,3,Y,N,N
L101720,Meta,USA,America/New_York,2026-06-04 08:40,,AD-01,US_SHIFT,1,N,N,N
L101722,Meta,Vietnam,Asia/Ho_Chi_Minh,2026-06-09 00:35,,AD-09,IST_SHIFT,1,N,N,N
L101724,Affiliate,UAE,Asia/Dubai,2026-06-09 18:32,,AD-11,SEA_SHIFT,1,N,N,N
L101725,Google,India,Asia/Kolkata,2026-06-06 19:37,2026-06-11 05:21,AD-11,SEA_SHIFT,2,Y,Y,N
L101726,Affiliate,USA,America/New_York,2026-07-16 07:49,2026-07-16 21:46,AD-12,US_SHIFT,2,Y,Y,N
L101727,DSA,India,Asia/Kolkata,2026-06-21 15:57,2026-06-22 08:01,AD-01,US_SHIFT,3,Y,Y,N
L101728,Meta,Australia,Australia/Sydney,2026-07-29 16:20,,AD-02,US_SHIFT,0,N,N,N
L101729,Google,Singapore,Asia/Singapore,2026-06-26 20:21,2026-06-28 11:26,AD-02,US_SHIFT,0,Y,Y,N
L101730,Google,Singapore,Asia/Singapore,2026-07-08 08:52,,AD-02,US_SHIFT,1,N,N,N
L101733,DSA,Vietnam,Asia/Ho_Chi_Minh,2026-06-15 13:51,2026-06-16 05:53,AD-03,US_SHIFT,3,N,N,N
L101734,Organic,India,Asia/Kolkata,2026-06-04 08:00,2026-06-05 01:38,AD-06,IST_SHIFT,3,Y,Y,N
L101735,Google,UK,Europe/London,2026-06-16 09:54,2026-06-21 00:03,AD-07,IST_SHIFT,1,N,N,N
L101737,Google,USA,America/New_York,2026-07-09 19:11,2026-07-10 19:46,AD-03,US_SHIFT,0,Y,N,N
L101738,Meta,USA,America/New_York,2026-07-22 20:23,2026-07-23 00:11,AD-03,US_SHIFT,0,Y,Y,Y
L101739,Google,UAE,Asia/Dubai,2026-06-09 19:26,2026-06-14 14:29,AD-02,US_SHIFT,1,Y,Y,N
L101741,Meta,India,Asia/Kolkata,2026-07-17 07:12,2026-07-17 23:37,AD-01,US_SHIFT,1,Y,Y,N
L101742,Meta,USA,America/New_York,2026-07-13 23:08,,AD-05,IST_SHIFT,1,N,N,N
L101743,Google,UAE,Asia/Dubai,2026-06-14 11:15,2026-06-16 04:47,AD-05,IST_SHIFT,1,Y,Y,N
L101744,Meta,Australia,Australia/Sydney,2026-07-25 10:38,2026-07-29 21:01,AD-06,IST_SHIFT,2,N,N,N
L101745,Meta,USA,America/New_York,2026-07-10 09:07,2026-07-14 14:22,AD-10,SEA_SHIFT,1,N,N,N
L101746,Google,Vietnam,Asia/Ho_Chi_Minh,2026-07-28 17:39,,AD-10,SEA_SHIFT,0,N,N,N
L101748,Google,Australia,Australia/Sydney,2026-07-08 09:39,,AD-05,IST_SHIFT,0,N,N,N
L101749,DSA,USA,America/New_York,2026-06-30 22:51,2026-07-01 17:19,AD-08,IST_SHIFT,1,Y,N,N
L101750,Google,Saudi Arabia,Asia/Riyadh,2026-07-07 14:01,2026-07-08 13:43,AD-01,US_SHIFT,3,Y,Y,N
L101751,Meta,Vietnam,Asia/Ho_Chi_Minh,2026-06-08 01:16,2026-06-09 19:50,AD-11,SEA_SHIFT,3,Y,Y,N
L101752,DSA,USA,America/New_York,2026-06-01 18:53,2026-06-04 10:12,AD-01,US_SHIFT,1,Y,N,N
L101753,Meta,India,Asia/Kolkata,2026-07-19 04:30,2026-07-19 19:52,AD-09,IST_SHIFT,1,Y,Y,N
L101754,Organic,UAE,Asia/Dubai,2026-06-08 10:12,2026-06-09 12:58,AD-09,IST_SHIFT,1,Y,Y,N
L101755,Referral,USA,America/New_York,2026-07-06 06:18,2026-07-10 04:09,AD-03,US_SHIFT,0,Y,Y,N
L101756,Affiliate,Vietnam,Asia/Ho_Chi_Minh,2026-07-08 10:58,2026-07-08 13:00,AD-01,US_SHIFT,3,Y,Y,N
L101758,Google,USA,America/New_York,2026-06-06 18:12,,AD-05,IST_SHIFT,3,N,N,N
L101759,Affiliate,USA,America/New_York,2026-07-01 04:02,2026-07-04 13:45,AD-06,IST_SHIFT,1,N,N,N
L101760,Meta,India,Asia/Kolkata,2026-06-13 05:52,,AD-12,US_SHIFT,2,N,N,N
L101761,Google,UK,Europe/London,2026-06-16 11:43,2026-06-17 03:06,AD-03,US_SHIFT,3,Y,Y,Y
L101762,Affiliate,USA,America/New_York,2026-06-02 02:07,,AD-12,US_SHIFT,0,N,N,N
L101763,DSA,Vietnam,Asia/Ho_Chi_Minh,2026-07-23 13:25,,AD-09,IST_SHIFT,1,N,N,N
L101764,Affiliate,UK,Europe/London,2026-07-04 05:02,,AD-03,US_SHIFT,2,N,N,N
L101765,Google,UAE,Asia/Dubai,2026-06-20 02:37,,AD-10,SEA_SHIFT,3,N,N,N
L101766,Meta,UAE,Asia/Dubai,2026-07-25 00:25,2026-07-25 19:12,AD-04,US_SHIFT,2,Y,Y,N
L101767,Google,UAE,Asia/Dubai,2026-07-03 22:44,,AD-03,US_SHIFT,3,N,N,N
L101768,Organic,Vietnam,Asia/Ho_Chi_Minh,2026-07-22 01:23,2026-07-22 15:02,AD-12,US_SHIFT,3,N,N,N
L101769,Meta,Vietnam,Asia/Ho_Chi_Minh,2026-07-15 06:18,2026-07-18 06:02,AD-09,IST_SHIFT,0,N,N,N
L101770,Affiliate,USA,America/New_York,2026-07-20 04:31,,AD-10,SEA_SHIFT,3,N,N,N
L101773,Google,USA,America/New_York,2026-07-19 01:33,2026-07-23 09:17,AD-06,IST_SHIFT,3,Y,Y,Y
L101775,Google,Singapore,Asia/Singapore,2026-06-09 09:47,,AD-04,US_SHIFT,2,N,N,N
L101776,Organic,Singapore,Asia/Singapore,2026-07-01 08:59,2026-07-06 00:16,AD-02,US_SHIFT,1,N,N,N
L101777,Affiliate,USA,America/New_York,2026-06-17 23:30,2026-06-19 12:43,AD-01,US_SHIFT,1,Y,Y,N
L101778,Affiliate,USA,America/New_York,2026-06-17 19:04,,AD-08,IST_SHIFT,3,N,N,N
L101779,Organic,USA,America/New_York,2026-07-19 16:58,2026-07-22 13:23,AD-04,US_SHIFT,0,N,N,N
L101780,Meta,USA,America/New_York,2026-06-27 10:45,,AD-11,SEA_SHIFT,2,N,N,N
L101782,Meta,USA,America/New_York,2026-07-20 13:56,2026-07-23 14:22,AD-07,IST_SHIFT,1,Y,Y,N
L101783,Organic,Saudi Arabia,Asia/Riyadh,2026-07-12 10:09,2026-07-14 03:58,AD-01,US_SHIFT,0,N,N,N
L101784,Meta,USA,America/New_York,2026-06-19 23:10,2026-06-21 07:03,AD-08,IST_SHIFT,1,Y,Y,N
L101785,Meta,Saudi Arabia,Asia/Riyadh,2026-07-12 06:08,2026-07-16 19:38,AD-03,US_SHIFT,2,Y,Y,N
L101786,Affiliate,USA,America/New_York,2026-07-24 05:59,,AD-04,US_SHIFT,0,N,N,N
L101787,Google,Saudi Arabia,Asia/Riyadh,2026-06-13 13:47,2026-06-13 18:26,AD-09,IST_SHIFT,1,Y,Y,N
L101788,Meta,USA,America/New_York,2026-07-14 15:41,,AD-05,IST_SHIFT,1,N,N,N
L101789,Meta,Vietnam,Asia/Ho_Chi_Minh,2026-06-03 15:46,2026-06-07 22:29,AD-04,US_SHIFT,0,N,N,N
L101792,Meta,India,Asia/Kolkata,2026-07-07 19:53,,AD-12,US_SHIFT,2,N,N,N
L101794,DSA,UAE,Asia/Dubai,2026-07-19 22:55,,AD-02,US_SHIFT,3,N,N,N
L101795,Meta,Singapore,Asia/Singapore,2026-06-12 13:41,2026-06-14 02:28,AD-07,IST_SHIFT,0,Y,Y,N
L101796,Google,USA,America/New_York,2026-06-10 01:47,,AD-05,IST_SHIFT,0,N,N,N
L101797,Meta,Saudi Arabia,Asia/Riyadh,2026-06-15 03:37,2026-06-19 00:21,AD-10,SEA_SHIFT,2,Y,Y,N
L101798,Meta,India,Asia/Kolkata,2026-06-02 05:23,2026-06-03 22:16,AD-11,SEA_SHIFT,1,Y,Y,N
L101799,Meta,UAE,Asia/Dubai,2026-06-25 09:53,,AD-07,IST_SHIFT,1,N,N,N
L101800,Meta,USA,America/New_York,2026-07-26 11:56,2026-07-28 17:38,AD-06,IST_SHIFT,0,Y,N,N
L101801,Meta,UK,Europe/London,2026-07-03 00:33,2026-07-06 03:19,AD-07,IST_SHIFT,2,N,N,N
L101803,DSA,Vietnam,Asia/Ho_Chi_Minh,2026-07-21 19:54,2026-07-22 08:40,AD-10,SEA_SHIFT,0,Y,Y,N
L101804,Organic,USA,America/New_York,2026-07-19 19:23,2026-07-21 14:43,AD-04,US_SHIFT,2,Y,Y,Y
L101805,Meta,India,Asia/Kolkata,2026-07-05 11:08,,AD-01,US_SHIFT,3,N,N,N
L101808,DSA,Vietnam,Asia/Ho_Chi_Minh,2026-06-24 06:25,,AD-05,IST_SHIFT,2,N,N,N
L101809,Meta,India,Asia/Kolkata,2026-06-23 11:15,2026-06-27 17:53,AD-05,IST_SHIFT,0,N,N,N
L101810,Meta,Singapore,Asia/Singapore,2026-06-07 02:51,,AD-07,IST_SHIFT,0,N,N,N
L101811,Google,USA,America/New_York,2026-06-27 02:25,,AD-09,IST_SHIFT,0,N,N,N
L101812,Meta,USA,America/New_York,2026-06-03 16:25,,AD-01,US_SHIFT,1,N,N,N
L101813,Meta,Vietnam,Asia/Ho_Chi_Minh,2026-06-10 04:55,2026-06-11 07:02,AD-12,US_SHIFT,3,N,N,N
L101814,Google,UK,Europe/London,2026-06-13 14:46,2026-06-16 20:54,AD-07,IST_SHIFT,0,N,N,N
L101815,Google,USA,America/New_York,2026-07-03 23:41,2026-07-04 03:07,AD-02,US_SHIFT,2,Y,N,N
L101816,DSA,UK,Europe/London,2026-06-08 01:18,,AD-02,US_SHIFT,1,N,N,N
L101817,Google,Vietnam,Asia/Ho_Chi_Minh,2026-07-22 19:07,,AD-05,IST_SHIFT,2,N,N,N
L101818,Meta,UK,Europe/London,2026-07-24 06:09,2026-07-27 23:40,AD-10,SEA_SHIFT,3,Y,Y,N
L101819,Google,USA,America/New_York,2026-07-25 03:41,2026-07-26 12:35,AD-09,IST_SHIFT,3,Y,Y,N
L101820,Affiliate,USA,America/New_York,2026-06-08 18:31,2026-06-10 16:55,AD-08,IST_SHIFT,3,N,N,N
L101821,DSA,Vietnam,Asia/Ho_Chi_Minh,2026-07-09 05:10,2026-07-10 13:48,AD-03,US_SHIFT,3,N,N,N
L101822,Meta,India,Asia/Kolkata,2026-06-08 11:48,2026-06-11 19:25,AD-12,US_SHIFT,1,N,N,N
L101823,DSA,Saudi Arabia,Asia/Riyadh,2026-07-05 18:39,2026-07-10 16:15,AD-06,IST_SHIFT,0,Y,Y,N
L101824,Google,USA,America/New_York,2026-07-29 18:07,2026-08-03 08:55,AD-02,US_SHIFT,1,N,N,N
L101825,Meta,USA,America/New_York,2026-06-09 22:55,2026-06-10 17:23,AD-04,US_SHIFT,2,Y,Y,Y
L101826,Meta,Australia,Australia/Sydney,2026-06-13 17:36,2026-06-15 12:10,AD-08,IST_SHIFT,0,Y,Y,Y
L101827,Google,Australia,Australia/Sydney,2026-07-23 00:20,2026-07-27 06:36,AD-12,US_SHIFT,2,Y,Y,N
L101828,Organic,UK,Europe/London,2026-07-14 20:50,2026-07-18 13:34,AD-08,IST_SHIFT,2,Y,N,N
L101829,Google,USA,America/New_York,2026-06-19 01:29,2026-06-19 06:13,AD-07,IST_SHIFT,2,Y,Y,Y
L101830,Google,USA,America/New_York,2026-07-13 20:14,2026-07-14 12:59,AD-07,IST_SHIFT,0,Y,Y,N
L101831,Meta,Vietnam,Asia/Ho_Chi_Minh,2026-07-18 13:49,,AD-04,US_SHIFT,3,N,N,N
L101832,Google,USA,America/New_York,2026-06-26 14:17,,AD-07,IST_SHIFT,1,N,N,N
L101833,Organic,Vietnam,Asia/Ho_Chi_Minh,2026-07-29 10:48,2026-07-30 11:38,AD-08,IST_SHIFT,1,Y,Y,Y
L101834,Meta,USA,America/New_York,2026-07-17 01:46,,AD-10,SEA_SHIFT,2,N,N,N
L101835,Meta,Singapore,Asia/Singapore,2026-06-16 23:36,2026-06-21 14:26,AD-07,IST_SHIFT,1,Y,Y,Y
L101836,Meta,USA,America/New_York,2026-07-25 04:04,2026-07-26 20:08,AD-01,US_SHIFT,0,Y,Y,Y
L101837,Meta,Saudi Arabia,Asia/Riyadh,2026-07-24 11:51,,AD-08,IST_SHIFT,2,N,N,N
L101838,Google,Vietnam,Asia/Ho_Chi_Minh,2026-06-10 21:12,2026-06-13 13:50,AD-05,IST_SHIFT,2,Y,Y,Y
L101839,Meta,USA,America/New_York,2026-07-15 03:27,2026-07-18 12:13,AD-08,IST_SHIFT,1,Y,Y,N
L101840,Organic,India,Asia/Kolkata,2026-06-13 13:51,2026-06-16 01:08,AD-11,SEA_SHIFT,2,N,N,N
L101842,DSA,USA,America/New_York,2026-06-29 04:41,2026-07-02 21:14,AD-06,IST_SHIFT,2,N,N,N
L101843,Organic,India,Asia/Kolkata,2026-06-09 15:59,2026-06-10 06:30,AD-10,SEA_SHIFT,3,Y,N,N
L101844,DSA,USA,America/New_York,2026-06-19 14:05,,AD-11,SEA_SHIFT,0,N,N,N
L101846,Meta,USA,America/New_York,2026-06-30 11:56,,AD-07,IST_SHIFT,0,N,N,N
L101847,Meta,USA,America/New_York,2026-06-09 01:05,,AD-05,IST_SHIFT,1,N,N,N
L101848,Organic,Singapore,Asia/Singapore,2026-07-28 23:27,2026-07-31 19:57,AD-09,IST_SHIFT,0,N,N,N
L101850,Meta,USA,America/New_York,2026-06-10 08:07,2026-06-13 20:34,AD-09,IST_SHIFT,2,Y,Y,N
L101851,Referral,UK,Europe/London,2026-06-23 08:51,2026-06-24 12:32,AD-05,IST_SHIFT,2,N,N,N
L101852,Google,USA,America/New_York,2026-06-04 15:48,2026-06-05 00:29,AD-04,US_SHIFT,3,Y,Y,N
L101853,Google,Vietnam,Asia/Ho_Chi_Minh,2026-07-08 23:30,2026-07-11 08:16,AD-07,IST_SHIFT,1,Y,Y,N
L101855,Google,UK,Europe/London,2026-07-13 23:19,2026-07-14 03:08,AD-10,SEA_SHIFT,1,Y,N,N
L101856,Meta,India,Asia/Kolkata,2026-06-17 14:58,2026-06-21 09:07,AD-11,SEA_SHIFT,2,N,N,N
L101857,Meta,UAE,Asia/Dubai,2026-07-15 17:55,2026-07-18 08:08,AD-02,US_SHIFT,2,Y,Y,N
L101860,Meta,UAE,Asia/Dubai,2026-07-23 19:32,2026-07-28 17:14,AD-10,SEA_SHIFT,2,N,N,N
L101861,DSA,UAE,Asia/Dubai,2026-07-21 17:23,2026-07-22 23:23,AD-05,IST_SHIFT,0,Y,Y,N
L101862,Google,USA,America/New_York,2026-07-22 19:42,,AD-01,US_SHIFT,3,N,N,N
L101863,Affiliate,UAE,Asia/Dubai,2026-06-06 01:15,2026-06-06 17:04,AD-09,IST_SHIFT,3,Y,Y,N
L101864,Meta,India,Asia/Kolkata,2026-07-08 05:03,,AD-07,IST_SHIFT,0,N,N,N
L101865,Referral,India,Asia/Kolkata,2026-06-08 17:29,,AD-10,SEA_SHIFT,1,N,N,N
L101866,Google,USA,America/New_York,2026-07-12 07:07,2026-07-12 15:17,AD-07,IST_SHIFT,2,N,N,N
L101867,DSA,USA,America/New_York,2026-07-29 14:40,,AD-08,IST_SHIFT,1,N,N,N
L101869,Organic,USA,America/New_York,2026-07-01 21:39,2026-07-03 04:44,AD-07,IST_SHIFT,3,N,N,N
L101870,Google,UK,Europe/London,2026-06-05 08:57,2026-06-06 07:16,AD-04,US_SHIFT,1,N,N,N
L101871,DSA,UK,Europe/London,2026-06-11 23:23,,AD-03,US_SHIFT,0,N,N,N
L101872,Meta,UK,Europe/London,2026-07-04 15:16,,AD-08,IST_SHIFT,2,N,N,N
L101876,Meta,USA,America/New_York,2026-06-02 07:27,2026-06-03 10:07,AD-03,US_SHIFT,2,Y,Y,Y
L101877,Meta,UK,Europe/London,2026-06-15 10:29,2026-06-19 10:42,AD-02,US_SHIFT,2,Y,Y,N
L101878,Meta,UK,Europe/London,2026-07-25 04:41,2026-07-28 16:44,AD-06,IST_SHIFT,0,N,N,N
L101879,Meta,Singapore,Asia/Singapore,2026-07-24 17:32,2026-07-27 20:46,AD-04,US_SHIFT,3,Y,Y,Y
L101880,Meta,USA,America/New_York,2026-07-14 08:56,,AD-10,SEA_SHIFT,3,N,N,N
L101881,Affiliate,USA,America/New_York,2026-07-30 01:51,,AD-02,US_SHIFT,0,N,N,N
L101882,Affiliate,Vietnam,Asia/Ho_Chi_Minh,2026-06-25 16:05,2026-06-26 12:18,AD-05,IST_SHIFT,1,N,N,N
L101883,Meta,Australia,Australia/Sydney,2026-06-28 10:12,2026-06-29 01:16,AD-09,IST_SHIFT,1,Y,Y,N
L101884,Google,Singapore,Asia/Singapore,2026-07-02 18:56,,AD-06,IST_SHIFT,0,N,N,N
L101885,Google,Singapore,Asia/Singapore,2026-07-01 22:37,,AD-04,US_SHIFT,1,N,N,N
L101886,DSA,UK,Europe/London,2026-06-04 17:33,2026-06-06 12:23,AD-05,IST_SHIFT,0,N,N,N
L101887,Google,USA,America/New_York,2026-07-04 12:19,,AD-06,IST_SHIFT,0,N,N,N
L101888,Affiliate,India,Asia/Kolkata,2026-06-05 22:09,2026-06-06 07:11,AD-02,US_SHIFT,2,Y,Y,N
L101889,Meta,USA,America/New_York,2026-07-14 20:50,2026-07-15 11:21,AD-11,SEA_SHIFT,3,Y,Y,Y
L101890,Affiliate,India,Asia/Kolkata,2026-07-07 14:28,2026-07-09 01:23,AD-06,IST_SHIFT,2,N,N,N
L101891,Meta,UAE,Asia/Dubai,2026-07-24 01:16,2026-07-28 20:03,AD-06,IST_SHIFT,1,N,N,N
L101892,DSA,India,Asia/Kolkata,2026-07-07 20:19,2026-07-09 09:34,AD-12,US_SHIFT,2,Y,Y,N
L101893,Meta,USA,America/New_York,2026-07-03 21:24,2026-07-08 06:56,AD-03,US_SHIFT,3,Y,Y,N
L101894,Meta,Australia,Australia/Sydney,2026-06-13 11:49,2026-06-14 11:29,AD-06,IST_SHIFT,2,Y,Y,Y
L101895,Meta,India,Asia/Kolkata,2026-06-24 07:39,2026-06-28 07:44,AD-09,IST_SHIFT,2,Y,Y,N
L101896,Meta,UK,Europe/London,2026-06-16 08:58,2026-06-19 15:08,AD-01,US_SHIFT,1,Y,Y,Y
L101897,Meta,USA,America/New_York,2026-06-10 15:05,,AD-05,IST_SHIFT,1,N,N,N
L101898,Meta,UAE,Asia/Dubai,2026-06-12 11:31,2026-06-17 07:58,AD-12,US_SHIFT,0,N,N,N
L101899,Meta,UK,Europe/London,2026-07-28 22:27,2026-08-01 16:36,AD-01,US_SHIFT,2,N,N,N
L101900,Organic,Vietnam,Asia/Ho_Chi_Minh,2026-06-05 09:17,2026-06-05 13:04,AD-09,IST_SHIFT,2,Y,Y,Y
L101902,Meta,Singapore,Asia/Singapore,2026-06-04 02:22,2026-06-05 08:18,AD-08,IST_SHIFT,0,N,N,N
L101903,Google,Australia,Australia/Sydney,2026-07-02 16:45,2026-07-03 18:44,AD-07,IST_SHIFT,3,Y,Y,Y
L101904,DSA,Vietnam,Asia/Ho_Chi_Minh,2026-07-03 01:53,,AD-07,IST_SHIFT,2,N,N,N
L101905,Meta,India,Asia/Kolkata,2026-07-25 16:53,,AD-09,IST_SHIFT,1,N,N,N
L101906,Affiliate,USA,America/New_York,2026-07-29 04:10,,AD-02,US_SHIFT,0,N,N,N
L101907,Meta,Australia,Australia/Sydney,2026-07-12 23:36,2026-07-14 06:26,AD-07,IST_SHIFT,2,N,N,N
L101908,Meta,USA,America/New_York,2026-06-20 08:19,,AD-12,US_SHIFT,2,N,N,N
L101909,Meta,Vietnam,Asia/Ho_Chi_Minh,2026-06-22 17:35,2026-06-24 11:23,AD-05,IST_SHIFT,2,Y,Y,N
L101910,Organic,USA,America/New_York,2026-07-05 05:54,2026-07-07 03:10,AD-04,US_SHIFT,0,N,N,N
L101911,Organic,UAE,Asia/Dubai,2026-06-11 02:12,2026-06-13 17:10,AD-08,IST_SHIFT,1,Y,Y,N
L101912,Referral,USA,America/New_York,2026-07-23 06:38,,AD-07,IST_SHIFT,3,N,N,N
L101913,Google,USA,America/New_York,2026-06-27 16:09,,AD-11,SEA_SHIFT,0,N,N,N
L101914,Meta,Australia,Australia/Sydney,2026-07-20 22:18,,AD-12,US_SHIFT,1,N,N,N
L101915,Meta,Australia,Australia/Sydney,2026-07-03 03:59,2026-07-06 16:33,AD-01,US_SHIFT,3,Y,Y,N
L101917,Meta,Vietnam,Asia/Ho_Chi_Minh,2026-06-12 11:25,2026-06-14 06:05,AD-02,US_SHIFT,3,Y,N,N
L101918,Meta,Australia,Australia/Sydney,2026-07-25 07:29,,AD-08,IST_SHIFT,0,N,N,N
L101919,Meta,UAE,Asia/Dubai,2026-06-23 01:24,2026-06-23 11:48,AD-05,IST_SHIFT,1,Y,Y,N
L101920,Meta,USA,America/New_York,2026-06-05 09:48,,AD-08,IST_SHIFT,0,N,N,N
L101922,DSA,USA,America/New_York,2026-06-23 05:22,2026-06-25 02:24,AD-04,US_SHIFT,0,Y,Y,Y
L101923,Google,USA,America/New_York,2026-06-30 15:07,2026-07-02 10:23,AD-06,IST_SHIFT,0,Y,Y,N
L101924,DSA,USA,America/New_York,2026-07-26 10:19,,AD-06,IST_SHIFT,2,N,N,N
L101925,Google,USA,America/New_York,2026-06-13 02:34,2026-06-15 23:44,AD-07,IST_SHIFT,2,N,N,N
L101926,Meta,India,Asia/Kolkata,2026-07-27 22:40,2026-07-28 16:38,AD-08,IST_SHIFT,3,Y,Y,N
L101927,Meta,India,Asia/Kolkata,2026-06-09 18:52,2026-06-10 11:03,AD-05,IST_SHIFT,3,N,N,N
L101928,Meta,Australia,Australia/Sydney,2026-06-29 17:43,,AD-07,IST_SHIFT,2,N,N,N
L101929,DSA,USA,America/New_York,2026-07-10 01:44,,AD-12,US_SHIFT,2,N,N,N
L101930,Meta,Vietnam,Asia/Ho_Chi_Minh,2026-06-08 19:59,2026-06-13 14:28,AD-04,US_SHIFT,3,Y,Y,Y
L101931,Meta,Vietnam,Asia/Ho_Chi_Minh,2026-06-07 08:20,2026-06-12 05:50,AD-06,IST_SHIFT,1,N,N,N
L101932,Meta,UK,Europe/London,2026-06-28 20:44,,AD-11,SEA_SHIFT,1,N,N,N
L101933,Meta,Australia,Australia/Sydney,2026-06-08 19:25,2026-06-09 17:46,AD-06,IST_SHIFT,1,N,N,N
L101934,Meta,Singapore,Asia/Singapore,2026-07-30 05:18,2026-08-01 13:04,AD-02,US_SHIFT,0,Y,Y,N
L101935,Google,Vietnam,Asia/Ho_Chi_Minh,2026-06-02 06:41,,AD-06,IST_SHIFT,3,N,N,N
L101936,Meta,Singapore,Asia/Singapore,2026-06-13 18:37,2026-06-15 13:43,AD-01,US_SHIFT,2,Y,N,N
L101937,Meta,USA,America/New_York,2026-06-21 03:32,,AD-10,SEA_SHIFT,0,N,N,N
L101938,Meta,Saudi Arabia,Asia/Riyadh,2026-06-30 13:27,2026-07-03 01:48,AD-11,SEA_SHIFT,1,N,N,N
L101939,Google,Saudi Arabia,Asia/Riyadh,2026-07-29 01:56,,AD-01,US_SHIFT,1,N,N,N
L101941,Meta,UAE,Asia/Dubai,2026-06-16 11:44,2026-06-16 15:51,AD-10,SEA_SHIFT,3,Y,N,N
L101942,Google,USA,America/New_York,2026-06-03 23:17,2026-06-04 16:48,AD-04,US_SHIFT,2,Y,Y,Y
L101943,Google,USA,America/New_York,2026-07-24 03:14,,AD-09,IST_SHIFT,3,N,N,N
L101944,Affiliate,Australia,Australia/Sydney,2026-06-16 18:09,2026-06-18 16:49,AD-02,US_SHIFT,2,Y,Y,N
L101945,Referral,Saudi Arabia,Asia/Riyadh,2026-06-23 15:17,2026-06-27 12:50,AD-01,US_SHIFT,1,Y,Y,N
L101946,Referral,UAE,Asia/Dubai,2026-07-27 01:54,,AD-01,US_SHIFT,2,N,N,N
L101948,Meta,Vietnam,Asia/Ho_Chi_Minh,2026-06-02 18:56,2026-06-04 20:31,AD-06,IST_SHIFT,0,N,N,N
L101949,Meta,UAE,Asia/Dubai,2026-07-01 02:53,,AD-04,US_SHIFT,3,N,N,N
L101950,Meta,USA,America/New_York,2026-07-15 17:17,,AD-05,IST_SHIFT,1,N,N,N
L101951,Affiliate,USA,America/New_York,2026-07-30 09:32,2026-07-30 23:01,AD-02,US_SHIFT,3,Y,Y,Y
L101952,Meta,Vietnam,Asia/Ho_Chi_Minh,2026-06-30 22:07,2026-07-01 21:54,AD-05,IST_SHIFT,2,Y,Y,N
L101953,DSA,Saudi Arabia,Asia/Riyadh,2026-06-10 13:27,2026-06-12 01:14,AD-01,US_SHIFT,3,Y,Y,N
L101954,Google,UAE,Asia/Dubai,2026-07-06 11:26,2026-07-06 17:15,AD-07,IST_SHIFT,1,Y,Y,Y
L101955,Meta,UAE,Asia/Dubai,2026-06-11 04:44,2026-06-14 04:41,AD-03,US_SHIFT,3,N,N,N
L101956,Google,USA,America/New_York,2026-07-14 19:26,,AD-04,US_SHIFT,0,N,N,N
L101957,Meta,Vietnam,Asia/Ho_Chi_Minh,2026-06-29 14:33,,AD-01,US_SHIFT,2,N,N,N
L101958,Google,Singapore,Asia/Singapore,2026-06-26 09:34,,AD-12,US_SHIFT,0,N,N,N
L101959,Meta,Singapore,Asia/Singapore,2026-07-27 20:38,2026-07-29 06:16,AD-04,US_SHIFT,1,N,N,N
L101960,Google,Singapore,Asia/Singapore,2026-06-17 12:47,,AD-01,US_SHIFT,3,N,N,N
L101961,Meta,USA,America/New_York,2026-06-12 10:23,2026-06-12 13:51,AD-02,US_SHIFT,3,N,N,N
L101963,Meta,Vietnam,Asia/Ho_Chi_Minh,2026-06-20 12:26,2026-06-25 05:28,AD-01,US_SHIFT,3,N,N,N
L101964,Affiliate,USA,America/New_York,2026-06-20 04:36,,AD-01,US_SHIFT,3,N,N,N
L101966,Meta,Australia,Australia/Sydney,2026-06-02 00:00,2026-06-05 18:21,AD-12,US_SHIFT,0,N,N,N
L101967,Organic,Saudi Arabia,Asia/Riyadh,2026-06-17 18:58,2026-06-18 05:43,AD-04,US_SHIFT,1,Y,Y,N
L101968,Google,Singapore,Asia/Singapore,2026-07-10 08:53,,AD-03,US_SHIFT,2,N,N,N
L101969,Meta,Singapore,Asia/Singapore,2026-06-10 11:02,2026-06-10 20:31,AD-05,IST_SHIFT,0,N,N,N
L101970,Referral,USA,America/New_York,2026-07-19 03:18,,AD-04,US_SHIFT,0,N,N,N
L101971,Meta,UK,Europe/London,2026-07-28 20:05,2026-07-31 11:22,AD-12,US_SHIFT,2,N,N,N
L101972,Meta,USA,America/New_York,2026-06-11 15:28,,AD-12,US_SHIFT,3,N,N,N
L101973,Meta,USA,America/New_York,2026-07-27 15:25,2026-07-31 03:14,AD-11,SEA_SHIFT,1,Y,Y,N
L101974,Meta,Vietnam,Asia/Ho_Chi_Minh,2026-06-05 11:34,2026-06-09 18:27,AD-03,US_SHIFT,3,N,N,N
L101975,Meta,Saudi Arabia,Asia/Riyadh,2026-07-16 15:52,2026-07-17 04:39,AD-05,IST_SHIFT,2,Y,Y,N
L101976,Organic,USA,America/New_York,2026-06-09 20:26,,AD-01,US_SHIFT,3,N,N,N
L101977,Meta,UK,Europe/London,2026-07-24 17:04,2026-07-28 00:46,AD-07,IST_SHIFT,0,N,N,N
L101978,Meta,Vietnam,Asia/Ho_Chi_Minh,2026-06-19 08:04,,AD-06,IST_SHIFT,1,N,N,N
L101980,Meta,UK,Europe/London,2026-07-29 17:25,,AD-10,SEA_SHIFT,2,N,N,N
L101981,Google,Vietnam,Asia/Ho_Chi_Minh,2026-07-24 07:56,2026-07-25 11:24,AD-09,IST_SHIFT,1,N,N,N
L101983,Affiliate,Singapore,Asia/Singapore,2026-07-15 09:41,2026-07-16 06:41,AD-08,IST_SHIFT,1,N,N,N
L101984,Referral,Australia,Australia/Sydney,2026-07-13 02:05,,AD-01,US_SHIFT,0,N,N,N
L101985,Organic,Singapore,Asia/Singapore,2026-07-20 02:40,,AD-06,IST_SHIFT,1,N,N,N
L101986,Google,USA,America/New_York,2026-06-11 05:58,2026-06-11 17:38,AD-01,US_SHIFT,0,Y,Y,N
L101987,Meta,USA,America/New_York,2026-07-06 00:21,2026-07-07 13:58,AD-10,SEA_SHIFT,3,Y,Y,N
L101988,Meta,USA,America/New_York,2026-06-12 09:38,,AD-12,US_SHIFT,0,N,N,N
L101989,Organic,USA,America/New_York,2026-07-14 07:31,2026-07-18 07:08,AD-09,IST_SHIFT,3,Y,Y,N
L101992,Google,Saudi Arabia,Asia/Riyadh,2026-06-18 21:37,,AD-10,SEA_SHIFT,2,N,N,N
L101993,Organic,Vietnam,Asia/Ho_Chi_Minh,2026-07-03 02:42,2026-07-04 14:41,AD-12,US_SHIFT,1,Y,Y,Y
L101994,Meta,Vietnam,Asia/Ho_Chi_Minh,2026-06-29 06:20,2026-07-01 00:25,AD-12,US_SHIFT,1,Y,Y,N
L101995,Meta,Vietnam,Asia/Ho_Chi_Minh,2026-07-10 14:36,2026-07-15 04:33,AD-04,US_SHIFT,1,N,N,N
L101996,Organic,USA,America/New_York,2026-06-03 13:42,2026-06-05 20:24,AD-06,IST_SHIFT,0,Y,Y,N
L101997,Meta,USA,America/New_York,2026-07-09 12:36,2026-07-13 03:42,AD-10,SEA_SHIFT,2,N,N,N
L101998,Google,UK,Europe/London,2026-06-10 05:59,2026-06-10 11:09,AD-08,IST_SHIFT,0,Y,N,N
L101999,Meta,USA,America/New_York,2026-06-26 07:38,2026-06-27 11:56,AD-11,SEA_SHIFT,1,Y,Y,N
L102001,Meta,UK,Europe/London,2026-06-14 17:57,2026-06-16 03:52,AD-10,SEA_SHIFT,0,Y,Y,N
L102002,Google,Australia,Australia/Sydney,2026-06-14 17:13,2026-06-15 12:56,AD-09,IST_SHIFT,2,Y,Y,N
L102003,Affiliate,India,Asia/Kolkata,2026-06-03 22:05,2026-06-08 13:42,AD-12,US_SHIFT,3,N,N,N
L102004,Meta,USA,America/New_York,2026-06-30 11:01,2026-07-01 08:41,AD-08,IST_SHIFT,0,N,N,N
L102005,Referral,USA,America/New_York,2026-06-19 16:47,,AD-01,US_SHIFT,1,N,N,N
L102006,Google,USA,America/New_York,2026-07-10 00:38,2026-07-12 06:07,AD-02,US_SHIFT,3,Y,Y,N
L102007,Organic,UK,Europe/London,2026-07-16 09:57,2026-07-16 20:40,AD-01,US_SHIFT,3,N,N,N
L102008,Meta,USA,America/New_York,2026-07-19 09:17,2026-07-19 11:54,AD-01,US_SHIFT,3,Y,Y,N
L102009,Meta,India,Asia/Kolkata,2026-06-05 22:33,2026-06-10 18:40,AD-12,US_SHIFT,2,N,N,N
L102010,Google,USA,America/New_York,2026-07-10 09:25,2026-07-13 12:49,AD-04,US_SHIFT,3,N,N,N
L102011,Referral,Vietnam,Asia/Ho_Chi_Minh,2026-06-21 03:12,2026-06-22 12:34,AD-11,SEA_SHIFT,3,N,N,N
L102012,Meta,UK,Europe/London,2026-07-19 01:24,2026-07-21 05:54,AD-10,SEA_SHIFT,0,N,N,N
L102013,Affiliate,USA,America/New_York,2026-07-20 04:33,2026-07-21 05:43,AD-01,US_SHIFT,1,Y,Y,Y
L102014,Organic,USA,America/New_York,2026-06-29 09:29,2026-07-03 04:22,AD-10,SEA_SHIFT,1,Y,Y,N
L102018,Google,USA,America/New_York,2026-07-04 15:30,2026-07-05 14:36,AD-01,US_SHIFT,2,Y,Y,N
L102019,Meta,USA,America/New_York,2026-07-09 06:54,2026-07-12 15:38,AD-11,SEA_SHIFT,1,Y,Y,Y
L102020,Google,India,Asia/Kolkata,2026-07-03 22:38,2026-07-08 13:34,AD-06,IST_SHIFT,0,N,N,N
L102021,Organic,UAE,Asia/Dubai,2026-07-29 17:58,,AD-10,SEA_SHIFT,0,N,N,N
L102022,Meta,Saudi Arabia,Asia/Riyadh,2026-06-18 17:18,2026-06-22 04:33,AD-03,US_SHIFT,3,N,N,N
L102023,DSA,USA,America/New_York,2026-07-25 22:34,2026-07-26 22:23,AD-06,IST_SHIFT,3,Y,Y,N
L102024,Meta,Vietnam,Asia/Ho_Chi_Minh,2026-07-12 17:02,2026-07-13 23:45,AD-02,US_SHIFT,3,Y,Y,N
L102025,DSA,UAE,Asia/Dubai,2026-06-07 09:56,2026-06-08 15:07,AD-12,US_SHIFT,2,Y,Y,N
L102026,Google,USA,America/New_York,2026-06-03 01:28,,AD-08,IST_SHIFT,1,N,N,N
L102028,Google,India,Asia/Kolkata,2026-07-23 18:14,,AD-04,US_SHIFT,1,N,N,N
L102029,DSA,USA,America/New_York,2026-07-17 14:58,2026-07-18 09:11,AD-07,IST_SHIFT,0,Y,Y,N
L102030,Affiliate,Vietnam,Asia/Ho_Chi_Minh,2026-06-23 14:27,,AD-08,IST_SHIFT,3,N,N,N
L102031,Google,UK,Europe/London,2026-06-04 13:29,2026-06-05 20:38,AD-01,US_SHIFT,1,Y,Y,N
L102032,Meta,Australia,Australia/Sydney,2026-07-12 20:14,2026-07-15 14:09,AD-08,IST_SHIFT,3,Y,Y,N
L102033,Meta,Saudi Arabia,Asia/Riyadh,2026-07-16 07:52,,AD-09,IST_SHIFT,0,N,N,N
L102034,Google,Vietnam,Asia/Ho_Chi_Minh,2026-07-25 14:53,2026-07-28 03:34,AD-10,SEA_SHIFT,0,Y,Y,N
L102035,Meta,USA,America/New_York,2026-07-18 05:03,2026-07-23 00:41,AD-02,US_SHIFT,2,Y,N,N
L102037,Meta,USA,America/New_York,2026-06-10 19:00,,AD-07,IST_SHIFT,0,N,N,N
L102038,Meta,USA,America/New_York,2026-06-02 21:40,2026-06-05 02:48,AD-10,SEA_SHIFT,2,Y,Y,Y
L102039,DSA,USA,America/New_York,2026-07-30 05:38,2026-07-30 21:23,AD-11,SEA_SHIFT,0,Y,Y,N
L102040,Meta,USA,America/New_York,2026-06-10 00:17,,AD-06,IST_SHIFT,2,N,N,N
L102041,Google,Australia,Australia/Sydney,2026-07-30 02:18,2026-07-30 08:07,AD-09,IST_SHIFT,1,Y,Y,Y
L102042,DSA,Vietnam,Asia/Ho_Chi_Minh,2026-06-12 16:47,,AD-10,SEA_SHIFT,2,N,N,N
L102043,Meta,USA,America/New_York,2026-06-23 02:52,2026-06-26 23:46,AD-10,SEA_SHIFT,1,N,N,N
L102044,Organic,Saudi Arabia,Asia/Riyadh,2026-07-19 22:42,,AD-08,IST_SHIFT,3,N,N,N
L102045,DSA,USA,America/New_York,2026-07-27 20:44,2026-08-01 11:53,AD-04,US_SHIFT,1,Y,Y,N
L102047,Google,India,Asia/Kolkata,2026-06-13 11:40,2026-06-15 02:15,AD-03,US_SHIFT,2,Y,Y,N
L102048,DSA,USA,America/New_York,2026-06-30 14:37,,AD-12,US_SHIFT,1,N,N,N
L102049,Meta,USA,America/New_York,2026-06-16 17:58,2026-06-19 17:57,AD-10,SEA_SHIFT,1,N,N,N
L102050,Google,UK,Europe/London,2026-06-19 01:17,2026-06-20 23:12,AD-10,SEA_SHIFT,2,Y,Y,N
L102051,Google,USA,America/New_York,2026-06-25 11:22,2026-06-25 14:33,AD-09,IST_SHIFT,0,Y,Y,N
L102052,Google,USA,America/New_York,2026-06-28 13:05,,AD-08,IST_SHIFT,3,N,N,N
L102053,DSA,USA,America/New_York,2026-07-06 04:14,2026-07-06 14:38,AD-03,US_SHIFT,3,Y,Y,N
L102055,Google,UAE,Asia/Dubai,2026-07-11 07:25,,AD-02,US_SHIFT,1,N,N,N
L102056,Google,UK,Europe/London,2026-07-02 22:33,,AD-11,SEA_SHIFT,1,N,N,N
L102057,Meta,UAE,Asia/Dubai,2026-07-03 07:34,,AD-05,IST_SHIFT,1,N,N,N
L102058,Affiliate,USA,America/New_York,2026-06-21 11:23,2026-06-26 04:38,AD-01,US_SHIFT,0,Y,Y,N
L102059,Meta,USA,America/New_York,2026-06-25 02:55,,AD-04,US_SHIFT,3,N,N,N
L102060,Organic,USA,America/New_York,2026-06-26 14:22,2026-07-01 02:52,AD-09,IST_SHIFT,3,N,N,N
L102062,Google,USA,America/New_York,2026-06-26 16:25,,AD-10,SEA_SHIFT,2,N,N,N
L102064,Organic,India,Asia/Kolkata,2026-06-19 14:56,,AD-06,IST_SHIFT,3,N,N,N
L102065,Meta,Singapore,Asia/Singapore,2026-07-15 09:23,2026-07-16 22:44,AD-06,IST_SHIFT,3,Y,Y,N
L102066,Google,USA,America/New_York,2026-07-14 09:04,2026-07-15 18:46,AD-11,SEA_SHIFT,1,Y,Y,Y
L102067,Organic,USA,America/New_York,2026-06-10 18:10,2026-06-13 14:35,AD-09,IST_SHIFT,1,N,N,N
L102068,Meta,UAE,Asia/Dubai,2026-07-20 04:29,2026-07-20 21:35,AD-09,IST_SHIFT,0,N,N,N
L102069,Meta,UAE,Asia/Dubai,2026-07-06 09:45,2026-07-06 17:36,AD-02,US_SHIFT,1,Y,Y,N
L102070,Affiliate,Saudi Arabia,Asia/Riyadh,2026-06-05 10:31,,AD-12,US_SHIFT,2,N,N,N
L102071,Meta,UK,Europe/London,2026-06-28 23:05,2026-06-29 01:14,AD-12,US_SHIFT,0,Y,Y,N
L102072,Referral,USA,America/New_York,2026-07-25 02:36,2026-07-26 13:25,AD-07,IST_SHIFT,1,Y,N,N
L102073,Meta,USA,America/New_York,2026-06-27 17:55,2026-06-29 06:09,AD-06,IST_SHIFT,2,N,N,N
L102074,Meta,Vietnam,Asia/Ho_Chi_Minh,2026-07-08 14:34,2026-07-09 08:05,AD-01,US_SHIFT,2,N,N,N
L102075,Meta,USA,America/New_York,2026-06-09 04:26,2026-06-12 09:29,AD-10,SEA_SHIFT,3,Y,Y,N
L102076,DSA,UK,Europe/London,2026-07-20 12:13,2026-07-22 09:10,AD-08,IST_SHIFT,3,Y,Y,N
L102078,Affiliate,Australia,Australia/Sydney,2026-07-30 02:19,,AD-09,IST_SHIFT,0,N,N,N
L102080,DSA,USA,America/New_York,2026-07-02 21:07,2026-07-05 04:31,AD-01,US_SHIFT,3,N,N,N
L102081,Organic,UK,Europe/London,2026-07-15 07:25,2026-07-19 22:36,AD-04,US_SHIFT,1,Y,Y,N
L102083,DSA,Vietnam,Asia/Ho_Chi_Minh,2026-07-25 07:44,,AD-04,US_SHIFT,0,N,N,N
L102084,Google,Singapore,Asia/Singapore,2026-07-24 16:32,,AD-08,IST_SHIFT,1,N,N,N
L102085,Meta,USA,America/New_York,2026-07-27 00:37,2026-07-30 20:42,AD-09,IST_SHIFT,1,Y,Y,N
L102086,Google,Singapore,Asia/Singapore,2026-06-12 12:45,,AD-08,IST_SHIFT,2,N,N,N
L102087,Organic,India,Asia/Kolkata,2026-06-30 06:30,2026-07-03 06:42,AD-07,IST_SHIFT,1,N,N,N
L102088,Organic,USA,America/New_York,2026-07-26 01:47,2026-07-26 09:34,AD-08,IST_SHIFT,3,Y,N,N
L102089,DSA,UAE,Asia/Dubai,2026-07-28 17:41,2026-07-29 02:38,AD-02,US_SHIFT,0,Y,Y,N
L102090,Affiliate,Australia,Australia/Sydney,2026-07-10 08:19,2026-07-11 08:59,AD-03,US_SHIFT,1,N,N,N
L102091,Meta,USA,America/New_York,2026-06-03 07:21,2026-06-04 06:12,AD-12,US_SHIFT,1,Y,N,N
L102092,Affiliate,India,Asia/Kolkata,2026-06-13 13:08,2026-06-14 22:31,AD-12,US_SHIFT,3,Y,N,N
L102093,Referral,UAE,Asia/Dubai,2026-07-03 05:06,,AD-02,US_SHIFT,3,N,N,N
L102094,Affiliate,India,Asia/Kolkata,2026-07-02 03:20,2026-07-02 20:09,AD-12,US_SHIFT,3,Y,Y,N
L102095,Meta,UK,Europe/London,2026-06-15 20:16,,AD-12,US_SHIFT,0,N,N,N
L102096,Google,UAE,Asia/Dubai,2026-06-22 19:56,2026-06-23 15:46,AD-09,IST_SHIFT,1,Y,Y,Y
L102097,Meta,India,Asia/Kolkata,2026-06-24 19:18,,AD-07,IST_SHIFT,3,N,N,N
L102098,Google,USA,America/New_York,2026-07-06 03:42,,AD-04,US_SHIFT,0,N,N,N
L102100,Meta,UAE,Asia/Dubai,2026-06-05 05:19,2026-06-05 11:05,AD-05,IST_SHIFT,0,Y,Y,N
L102101,DSA,India,Asia/Kolkata,2026-06-24 05:23,2026-06-27 22:45,AD-02,US_SHIFT,2,N,N,N
L102102,Meta,USA,America/New_York,2026-07-25 08:36,2026-07-28 04:55,AD-04,US_SHIFT,2,N,N,N
L102104,Meta,USA,America/New_York,2026-07-03 03:24,2026-07-07 11:12,AD-12,US_SHIFT,0,N,N,N
L102105,Affiliate,USA,America/New_York,2026-07-09 21:47,2026-07-14 14:35,AD-08,IST_SHIFT,0,Y,Y,N
L102106,Affiliate,USA,America/New_York,2026-06-23 09:43,2026-06-27 15:47,AD-09,IST_SHIFT,0,Y,Y,N
L102107,Meta,Vietnam,Asia/Ho_Chi_Minh,2026-06-05 12:36,,AD-12,US_SHIFT,1,N,N,N
L102108,Google,Singapore,Asia/Singapore,2026-07-17 08:35,2026-07-17 19:55,AD-05,IST_SHIFT,2,Y,Y,N
L102109,Google,USA,America/New_York,2026-07-08 15:06,2026-07-10 03:44,AD-05,IST_SHIFT,0,Y,Y,N
L102110,Meta,UAE,Asia/Dubai,2026-06-03 07:20,2026-06-05 22:50,AD-02,US_SHIFT,0,N,N,N
L102111,Meta,Singapore,Asia/Singapore,2026-07-10 20:42,2026-07-15 18:33,AD-10,SEA_SHIFT,2,N,N,N
L102112,Google,UAE,Asia/Dubai,2026-06-28 11:33,,AD-02,US_SHIFT,3,N,N,N
L102113,Organic,Singapore,Asia/Singapore,2026-07-02 06:28,2026-07-04 03:27,AD-01,US_SHIFT,3,Y,Y,N
L102114,Google,Vietnam,Asia/Ho_Chi_Minh,2026-07-19 14:43,2026-07-19 19:23,AD-12,US_SHIFT,3,Y,Y,N
L102115,Referral,Vietnam,Asia/Ho_Chi_Minh,2026-07-24 07:42,,AD-05,IST_SHIFT,2,N,N,N
L102118,Meta,India,Asia/Kolkata,2026-06-13 02:28,,AD-12,US_SHIFT,2,N,N,N
L102119,Google,UK,Europe/London,2026-06-11 14:03,2026-06-12 03:17,AD-05,IST_SHIFT,0,Y,Y,N
L102121,Affiliate,USA,America/New_York,2026-07-21 08:10,2026-07-24 00:29,AD-08,IST_SHIFT,0,Y,Y,N
L102122,Google,USA,America/New_York,2026-07-25 10:04,2026-07-26 08:04,AD-04,US_SHIFT,2,Y,Y,N
L102124,Meta,India,Asia/Kolkata,2026-07-27 12:26,,AD-02,US_SHIFT,0,N,N,N
L102125,Meta,UK,Europe/London,2026-07-08 11:55,,AD-09,IST_SHIFT,0,N,N,N
L102126,Google,USA,America/New_York,2026-07-08 17:33,2026-07-09 04:10,AD-10,SEA_SHIFT,1,N,N,N
L102127,Organic,USA,America/New_York,2026-06-07 17:48,2026-06-08 05:39,AD-07,IST_SHIFT,3,Y,Y,N
L102128,Google,UK,Europe/London,2026-07-11 02:10,2026-07-14 20:46,AD-12,US_SHIFT,1,Y,N,N
L102129,Meta,USA,America/New_York,2026-06-05 17:59,,AD-12,US_SHIFT,3,N,N,N
L102130,Google,USA,America/New_York,2026-06-30 17:38,2026-07-04 16:14,AD-08,IST_SHIFT,1,N,N,N
L102131,Organic,USA,America/New_York,2026-06-11 09:52,2026-06-11 15:14,AD-11,SEA_SHIFT,3,Y,Y,N
L102132,Google,USA,America/New_York,2026-06-26 05:07,,AD-04,US_SHIFT,0,N,N,N
L102133,Meta,USA,America/New_York,2026-07-05 20:12,2026-07-08 14:54,AD-04,US_SHIFT,1,N,N,N
L102135,DSA,Singapore,Asia/Singapore,2026-06-30 21:10,2026-07-02 05:06,AD-11,SEA_SHIFT,2,Y,Y,N
L102136,Meta,USA,America/New_York,2026-07-06 06:38,2026-07-06 19:17,AD-06,IST_SHIFT,1,Y,Y,N
L102137,DSA,India,Asia/Kolkata,2026-07-06 06:39,2026-07-07 11:12,AD-09,IST_SHIFT,0,Y,Y,N
L102139,Meta,Australia,Australia/Sydney,2026-06-19 16:30,,AD-10,SEA_SHIFT,3,N,N,N
L102140,Meta,UK,Europe/London,2026-06-01 03:15,2026-06-02 16:58,AD-08,IST_SHIFT,3,Y,Y,N
L102141,Affiliate,India,Asia/Kolkata,2026-07-12 23:11,,AD-01,US_SHIFT,0,N,N,N
L102142,Meta,USA,America/New_York,2026-07-16 11:09,2026-07-17 23:28,AD-07,IST_SHIFT,0,Y,Y,N
L102143,Meta,Vietnam,Asia/Ho_Chi_Minh,2026-06-21 12:07,2026-06-22 16:50,AD-09,IST_SHIFT,1,Y,Y,N
L102144,Organic,Vietnam,Asia/Ho_Chi_Minh,2026-06-30 18:41,2026-07-01 12:31,AD-04,US_SHIFT,2,Y,Y,N
L102145,Meta,UAE,Asia/Dubai,2026-07-23 02:46,,AD-03,US_SHIFT,1,N,N,N
L102146,DSA,UK,Europe/London,2026-07-06 14:39,2026-07-11 11:38,AD-09,IST_SHIFT,0,Y,Y,N
L102147,Meta,UAE,Asia/Dubai,2026-06-18 10:41,,AD-09,IST_SHIFT,0,N,N,N
L102148,Meta,UK,Europe/London,2026-07-09 00:08,,AD-04,US_SHIFT,3,N,N,N
L102149,Google,Vietnam,Asia/Ho_Chi_Minh,2026-06-03 00:44,2026-06-05 20:06,AD-11,SEA_SHIFT,0,N,N,N
L102150,Affiliate,USA,America/New_York,2026-06-03 03:00,2026-06-03 14:33,AD-06,IST_SHIFT,2,Y,Y,N
L102151,Google,USA,America/New_York,2026-06-04 04:48,2026-06-05 18:04,AD-05,IST_SHIFT,2,Y,N,N
L102153,Meta,USA,America/New_York,2026-06-06 15:57,2026-06-08 10:44,AD-08,IST_SHIFT,0,N,N,N
L102154,DSA,UK,Europe/London,2026-06-09 18:28,,AD-07,IST_SHIFT,1,N,N,N
L102155,Google,Vietnam,Asia/Ho_Chi_Minh,2026-06-17 23:35,2026-06-19 11:20,AD-08,IST_SHIFT,2,N,N,N
L102156,Meta,UK,Europe/London,2026-07-21 04:27,2026-07-22 21:25,AD-05,IST_SHIFT,1,Y,Y,Y
L102157,Google,USA,America/New_York,2026-06-07 13:00,,AD-06,IST_SHIFT,1,N,N,N
L102158,Meta,Australia,Australia/Sydney,2026-07-12 18:03,2026-07-14 12:30,AD-07,IST_SHIFT,1,Y,Y,N
L102159,Meta,UAE,Asia/Dubai,2026-06-26 13:20,,AD-05,IST_SHIFT,1,N,N,N
L102160,Meta,Saudi Arabia,Asia/Riyadh,2026-06-03 23:26,2026-06-05 21:50,AD-06,IST_SHIFT,3,N,N,N
L102161,Organic,UK,Europe/London,2026-06-30 18:57,,AD-01,US_SHIFT,0,N,N,N
L102162,Organic,UK,Europe/London,2026-07-14 11:22,2026-07-15 03:41,AD-06,IST_SHIFT,2,Y,Y,N
L102164,Meta,UAE,Asia/Dubai,2026-06-10 13:13,2026-06-14 12:58,AD-12,US_SHIFT,2,Y,Y,N
L102165,Meta,Australia,Australia/Sydney,2026-07-13 06:09,,AD-09,IST_SHIFT,2,N,N,N
L102166,Meta,USA,America/New_York,2026-06-13 19:29,2026-06-15 20:40,AD-12,US_SHIFT,1,Y,Y,N
L102170,Meta,USA,America/New_York,2026-07-11 04:25,,AD-12,US_SHIFT,0,N,N,N
L102171,Google,Vietnam,Asia/Ho_Chi_Minh,2026-07-16 12:12,2026-07-17 08:53,AD-08,IST_SHIFT,3,Y,Y,N
L102173,Meta,India,Asia/Kolkata,2026-06-27 07:59,,AD-06,IST_SHIFT,3,N,N,N
L102175,Meta,USA,America/New_York,2026-06-03 21:49,2026-06-08 04:02,AD-02,US_SHIFT,2,N,N,N
L102176,Meta,UK,Europe/London,2026-06-02 07:30,2026-06-06 15:00,AD-01,US_SHIFT,3,N,N,N
L102177,Meta,UAE,Asia/Dubai,2026-06-19 19:26,2026-06-21 23:53,AD-01,US_SHIFT,1,N,N,N
L102178,Google,India,Asia/Kolkata,2026-06-09 19:42,,AD-03,US_SHIFT,0,N,N,N
L102179,Google,USA,America/New_York,2026-06-14 08:18,2026-06-18 14:01,AD-02,US_SHIFT,0,Y,Y,N
L102180,Affiliate,India,Asia/Kolkata,2026-07-23 13:16,,AD-01,US_SHIFT,1,N,N,N
L102181,Google,UK,Europe/London,2026-07-13 08:45,,AD-04,US_SHIFT,3,N,N,N
L102182,Organic,UK,Europe/London,2026-07-04 18:55,,AD-10,SEA_SHIFT,3,N,N,N
L102183,Meta,USA,America/New_York,2026-06-03 10:41,2026-06-06 20:24,AD-10,SEA_SHIFT,3,N,N,N
L102184,Google,UAE,Asia/Dubai,2026-07-22 10:42,,AD-10,SEA_SHIFT,1,N,N,N
L102186,Meta,Vietnam,Asia/Ho_Chi_Minh,2026-07-17 08:28,,AD-08,IST_SHIFT,1,N,N,N
L102187,DSA,Singapore,Asia/Singapore,2026-07-09 00:16,,AD-06,IST_SHIFT,1,N,N,N
L102188,Google,USA,America/New_York,2026-06-05 04:31,,AD-06,IST_SHIFT,1,N,N,N
L102189,Meta,Australia,Australia/Sydney,2026-06-13 11:29,2026-06-14 23:01,AD-03,US_SHIFT,2,Y,Y,N
L102191,Meta,Vietnam,Asia/Ho_Chi_Minh,2026-07-30 09:31,,AD-09,IST_SHIFT,1,N,N,N
L102192,Meta,UK,Europe/London,2026-06-17 12:47,2026-06-21 13:11,AD-07,IST_SHIFT,3,N,N,N
L102193,DSA,UK,Europe/London,2026-07-07 00:51,2026-07-08 23:31,AD-11,SEA_SHIFT,2,Y,Y,N
L102194,Google,Vietnam,Asia/Ho_Chi_Minh,2026-07-20 00:08,2026-07-20 20:27,AD-10,SEA_SHIFT,3,Y,Y,N
L102195,Google,USA,America/New_York,2026-07-25 05:27,,AD-05,IST_SHIFT,1,N,N,N
L102196,Meta,UK,Europe/London,2026-07-05 02:16,,AD-10,SEA_SHIFT,3,N,N,N
L102197,Meta,Saudi Arabia,Asia/Riyadh,2026-07-03 13:07,2026-07-06 12:13,AD-12,US_SHIFT,2,N,N,N
L102198,Meta,USA,America/New_York,2026-07-13 12:12,2026-07-14 18:52,AD-07,IST_SHIFT,3,Y,Y,N
L102199,Meta,Saudi Arabia,Asia/Riyadh,2026-07-04 23:23,2026-07-05 21:11,AD-05,IST_SHIFT,2,N,N,N
L102200,Meta,India,Asia/Kolkata,2026-06-13 13:24,2026-06-14 16:51,AD-08,IST_SHIFT,3,Y,Y,Y
L102201,Meta,USA,America/New_York,2026-06-09 08:20,2026-06-09 17:50,AD-10,SEA_SHIFT,2,Y,Y,N
L102202,Meta,UAE,Asia/Dubai,2026-07-20 19:06,2026-07-21 12:27,AD-02,US_SHIFT,1,N,N,N
L102203,Google,USA,America/New_York,2026-06-27 06:34,2026-06-28 02:08,AD-04,US_SHIFT,3,N,N,N
L102205,Organic,UK,Europe/London,2026-07-27 03:32,,AD-09,IST_SHIFT,3,N,N,N
L102206,Meta,Singapore,Asia/Singapore,2026-07-05 13:46,2026-07-07 06:28,AD-02,US_SHIFT,0,Y,Y,Y
L102207,Organic,India,Asia/Kolkata,2026-07-14 16:06,,AD-12,US_SHIFT,3,N,N,N
L102208,Google,Australia,Australia/Sydney,2026-06-02 13:28,,AD-09,IST_SHIFT,3,N,N,N
L102209,Organic,USA,America/New_York,2026-07-26 21:28,2026-07-27 06:21,AD-06,IST_SHIFT,0,Y,Y,N
L102210,Meta,Australia,Australia/Sydney,2026-07-24 13:55,,AD-10,SEA_SHIFT,3,N,N,N
L102212,Google,USA,America/New_York,2026-07-24 16:19,2026-07-26 06:22,AD-07,IST_SHIFT,1,Y,Y,N
L102213,Meta,USA,America/New_York,2026-06-09 00:56,,AD-10,SEA_SHIFT,1,N,N,N
L102214,Google,UAE,Asia/Dubai,2026-06-08 00:36,2026-06-10 22:41,AD-09,IST_SHIFT,0,N,N,N
L102216,Meta,UAE,Asia/Dubai,2026-06-29 05:07,,AD-06,IST_SHIFT,0,N,N,N
L102217,Referral,Singapore,Asia/Singapore,2026-06-26 13:51,2026-06-27 06:51,AD-02,US_SHIFT,1,Y,N,N
L102218,Meta,USA,America/New_York,2026-06-07 09:18,2026-06-07 21:32,AD-01,US_SHIFT,0,Y,Y,N
L102219,DSA,Vietnam,Asia/Ho_Chi_Minh,2026-07-22 09:30,2026-07-23 13:38,AD-01,US_SHIFT,2,Y,Y,N
L102220,Organic,India,Asia/Kolkata,2026-06-03 07:58,,AD-06,IST_SHIFT,2,N,N,N
L102221,Meta,India,Asia/Kolkata,2026-06-30 13:44,2026-07-02 11:42,AD-09,IST_SHIFT,3,Y,Y,N
L102222,Google,USA,America/New_York,2026-06-28 17:40,2026-07-03 05:05,AD-09,IST_SHIFT,2,N,N,N
L102223,Meta,Australia,Australia/Sydney,2026-07-04 13:03,,AD-10,SEA_SHIFT,0,N,N,N
L102224,Google,Vietnam,Asia/Ho_Chi_Minh,2026-07-21 18:23,2026-07-22 01:15,AD-02,US_SHIFT,3,Y,Y,N
L102225,Organic,Vietnam,Asia/Ho_Chi_Minh,2026-07-22 01:38,2026-07-25 04:35,AD-02,US_SHIFT,1,N,N,N
L102226,Google,UK,Europe/London,2026-06-08 04:00,2026-06-09 14:27,AD-05,IST_SHIFT,0,Y,Y,N
L102227,Organic,Australia,Australia/Sydney,2026-06-18 22:47,2026-06-19 21:42,AD-01,US_SHIFT,0,Y,Y,N
L102228,Meta,UAE,Asia/Dubai,2026-06-02 16:46,2026-06-02 20:55,AD-05,IST_SHIFT,1,Y,Y,N
L102229,Google,UK,Europe/London,2026-07-11 21:20,2026-07-15 21:26,AD-04,US_SHIFT,3,Y,Y,N
L102230,Meta,Australia,Australia/Sydney,2026-06-16 00:41,2026-06-16 03:58,AD-12,US_SHIFT,1,N,N,N
L102231,Affiliate,India,Asia/Kolkata,2026-06-10 03:32,,AD-08,IST_SHIFT,2,N,N,N
L102232,DSA,Australia,Australia/Sydney,2026-06-21 01:54,,AD-11,SEA_SHIFT,0,N,N,N
L102233,Meta,Saudi Arabia,Asia/Riyadh,2026-07-04 21:27,2026-07-06 12:01,AD-04,US_SHIFT,2,Y,Y,N
L102236,Google,Vietnam,Asia/Ho_Chi_Minh,2026-07-23 18:24,,AD-05,IST_SHIFT,3,N,N,N
L102237,Meta,USA,America/New_York,2026-07-24 01:48,,AD-12,US_SHIFT,1,N,N,N
L102238,Meta,Vietnam,Asia/Ho_Chi_Minh,2026-07-24 00:03,2026-07-24 09:26,AD-03,US_SHIFT,0,N,N,N
L102239,Meta,USA,America/New_York,2026-07-08 23:03,2026-07-10 00:41,AD-01,US_SHIFT,0,Y,Y,Y
L102240,Meta,USA,America/New_York,2026-07-29 09:48,,AD-02,US_SHIFT,1,N,N,N
L102241,Meta,UAE,Asia/Dubai,2026-06-19 10:30,,AD-11,SEA_SHIFT,1,N,N,N
L102243,DSA,USA,America/New_York,2026-06-21 10:19,,AD-01,US_SHIFT,2,N,N,N
L102245,Google,Vietnam,Asia/Ho_Chi_Minh,2026-07-01 04:56,2026-07-01 21:56,AD-12,US_SHIFT,2,N,N,N
L102246,Affiliate,UK,Europe/London,2026-07-02 18:20,,AD-07,IST_SHIFT,0,N,N,N
L102247,Meta,UAE,Asia/Dubai,2026-06-28 00:32,2026-06-28 04:43,AD-06,IST_SHIFT,3,N,N,N
L102248,Meta,UK,Europe/London,2026-06-18 04:59,2026-06-18 08:41,AD-12,US_SHIFT,1,N,N,N
L102249,Google,UAE,Asia/Dubai,2026-07-25 19:33,,AD-01,US_SHIFT,0,N,N,N
L102250,Meta,USA,America/New_York,2026-07-03 13:17,2026-07-06 02:54,AD-03,US_SHIFT,0,N,N,N
L102251,Meta,USA,America/New_York,2026-07-17 02:37,,AD-10,SEA_SHIFT,2,N,N,N
L102252,Meta,Australia,Australia/Sydney,2026-06-08 23:45,,AD-06,IST_SHIFT,0,N,N,N
L102253,Meta,UAE,Asia/Dubai,2026-06-30 08:13,2026-06-30 21:24,AD-03,US_SHIFT,3,N,N,N
L102254,Meta,USA,America/New_York,2026-06-20 16:39,,AD-07,IST_SHIFT,1,N,N,N
L102255,Meta,India,Asia/Kolkata,2026-06-03 11:58,2026-06-05 06:52,AD-11,SEA_SHIFT,3,Y,Y,Y
L102256,Meta,UAE,Asia/Dubai,2026-07-12 20:22,2026-07-13 22:48,AD-09,IST_SHIFT,2,Y,Y,N
L102257,Google,UAE,Asia/Dubai,2026-07-07 16:27,,AD-10,SEA_SHIFT,0,N,N,N
L102258,Google,USA,America/New_York,2026-07-10 04:47,2026-07-10 07:29,AD-11,SEA_SHIFT,0,Y,Y,N
L102259,Google,UK,Europe/London,2026-06-11 19:48,2026-06-15 23:37,AD-10,SEA_SHIFT,3,Y,Y,Y
L102260,Organic,India,Asia/Kolkata,2026-06-14 07:05,,AD-10,SEA_SHIFT,3,N,N,N
L102262,Google,Vietnam,Asia/Ho_Chi_Minh,2026-06-12 07:43,2026-06-13 13:42,AD-11,SEA_SHIFT,3,Y,Y,N
L102263,Meta,UAE,Asia/Dubai,2026-07-29 13:05,2026-07-30 03:01,AD-11,SEA_SHIFT,2,N,N,N
L102266,Affiliate,India,Asia/Kolkata,2026-07-17 02:12,,AD-08,IST_SHIFT,2,N,N,N
L102267,Meta,India,Asia/Kolkata,2026-06-07 18:27,2026-06-09 01:27,AD-08,IST_SHIFT,2,Y,Y,N
L102268,Affiliate,USA,America/New_York,2026-07-19 21:32,2026-07-24 15:04,AD-06,IST_SHIFT,2,N,N,N
L102271,Google,UK,Europe/London,2026-07-11 02:55,2026-07-12 00:04,AD-12,US_SHIFT,0,N,N,N
L102274,Meta,Australia,Australia/Sydney,2026-06-16 07:34,2026-06-20 13:14,AD-04,US_SHIFT,2,Y,Y,Y
L102275,DSA,UK,Europe/London,2026-06-27 11:50,,AD-11,SEA_SHIFT,2,N,N,N
L102276,Meta,Vietnam,Asia/Ho_Chi_Minh,2026-07-17 13:24,,AD-09,IST_SHIFT,3,N,N,N
L102277,Google,USA,America/New_York,2026-06-25 13:30,,AD-06,IST_SHIFT,2,N,N,N
L102278,Meta,Singapore,Asia/Singapore,2026-06-17 02:53,2026-06-18 14:58,AD-11,SEA_SHIFT,1,Y,N,N
L102279,Organic,USA,America/New_York,2026-06-24 15:01,2026-06-24 18:16,AD-04,US_SHIFT,1,N,N,N
L102280,Affiliate,Saudi Arabia,Asia/Riyadh,2026-07-08 22:17,,AD-11,SEA_SHIFT,3,N,N,N
L102281,Referral,Australia,Australia/Sydney,2026-06-12 13:01,,AD-04,US_SHIFT,1,N,N,N
L102282,Meta,Australia,Australia/Sydney,2026-07-05 02:41,2026-07-08 22:27,AD-04,US_SHIFT,3,Y,N,N
L102284,Referral,UK,Europe/London,2026-07-01 18:13,2026-07-03 03:54,AD-01,US_SHIFT,0,Y,Y,Y
L102285,Google,Vietnam,Asia/Ho_Chi_Minh,2026-06-10 06:30,,AD-02,US_SHIFT,2,N,N,N
L102286,Referral,UAE,Asia/Dubai,2026-06-29 19:52,,AD-09,IST_SHIFT,0,N,N,N
L102290,DSA,Vietnam,Asia/Ho_Chi_Minh,2026-06-21 08:59,,AD-09,IST_SHIFT,2,N,N,N
L102291,Meta,India,Asia/Kolkata,2026-06-10 23:23,,AD-11,SEA_SHIFT,2,N,N,N
L102292,Meta,USA,America/New_York,2026-06-06 10:49,2026-06-06 12:54,AD-09,IST_SHIFT,2,Y,N,N
L102293,Google,UAE,Asia/Dubai,2026-07-11 10:14,2026-07-15 14:56,AD-09,IST_SHIFT,0,Y,N,N
L102294,DSA,USA,America/New_York,2026-07-04 23:21,2026-07-06 03:02,AD-08,IST_SHIFT,1,Y,Y,N
L102295,Google,India,Asia/Kolkata,2026-06-11 07:38,,AD-11,SEA_SHIFT,0,N,N,N
L102297,Affiliate,Australia,Australia/Sydney,2026-06-06 02:00,2026-06-07 02:29,AD-12,US_SHIFT,1,N,N,N
L102298,Meta,UAE,Asia/Dubai,2026-06-11 11:53,,AD-10,SEA_SHIFT,1,N,N,N
L102299,Meta,India,Asia/Kolkata,2026-06-26 09:17,2026-06-27 08:45,AD-07,IST_SHIFT,1,Y,Y,N
L102300,Google,UAE,Asia/Dubai,2026-07-06 23:34,,AD-12,US_SHIFT,1,N,N,N
L102301,Meta,UAE,Asia/Dubai,2026-07-23 08:49,2026-07-26 09:43,AD-03,US_SHIFT,2,Y,Y,Y
L102302,Meta,UK,Europe/London,2026-06-23 16:02,2026-06-24 15:05,AD-12,US_SHIFT,2,N,N,N
L102303,Meta,UK,Europe/London,2026-06-15 14:55,2026-06-16 18:08,AD-12,US_SHIFT,1,N,N,N
L102305,Affiliate,UAE,Asia/Dubai,2026-07-22 04:28,,AD-05,IST_SHIFT,1,N,N,N
L102306,Organic,UK,Europe/London,2026-06-25 23:23,2026-06-26 19:59,AD-05,IST_SHIFT,0,Y,Y,Y
L102307,Meta,Australia,Australia/Sydney,2026-07-12 09:35,,AD-03,US_SHIFT,2,N,N,N
L102308,Meta,Saudi Arabia,Asia/Riyadh,2026-06-07 07:11,,AD-04,US_SHIFT,1,N,N,N
L102309,Google,USA,America/New_York,2026-06-26 03:30,2026-06-29 08:39,AD-06,IST_SHIFT,3,Y,Y,N
L102310,Meta,USA,America/New_York,2026-07-26 17:50,2026-07-27 06:20,AD-04,US_SHIFT,1,Y,N,N
L102311,Meta,India,Asia/Kolkata,2026-07-12 02:01,2026-07-12 21:33,AD-07,IST_SHIFT,3,N,N,N
L102312,Referral,Vietnam,Asia/Ho_Chi_Minh,2026-07-07 22:46,2026-07-12 06:45,AD-11,SEA_SHIFT,2,Y,Y,N
L102313,Affiliate,UAE,Asia/Dubai,2026-07-26 21:56,2026-07-29 19:55,AD-02,US_SHIFT,2,Y,Y,N
L102314,Google,USA,America/New_York,2026-06-28 18:22,2026-06-28 21:26,AD-03,US_SHIFT,2,Y,Y,N
L102315,DSA,UK,Europe/London,2026-07-04 01:02,2026-07-06 21:23,AD-03,US_SHIFT,0,N,N,N
L102317,Meta,UAE,Asia/Dubai,2026-06-24 20:07,,AD-10,SEA_SHIFT,3,N,N,N
L102319,DSA,India,Asia/Kolkata,2026-06-22 08:54,2026-06-24 19:02,AD-03,US_SHIFT,1,N,N,N
L102320,Meta,Saudi Arabia,Asia/Riyadh,2026-06-18 20:48,2026-06-20 02:39,AD-01,US_SHIFT,3,N,N,N
L102321,Meta,Vietnam,Asia/Ho_Chi_Minh,2026-07-18 00:47,2026-07-22 21:33,AD-07,IST_SHIFT,0,N,N,N
L102322,DSA,USA,America/New_York,2026-06-28 09:34,,AD-07,IST_SHIFT,2,N,N,N
L102323,Affiliate,USA,America/New_York,2026-07-17 19:03,,AD-07,IST_SHIFT,3,N,N,N
L102324,Google,USA,America/New_York,2026-06-05 02:11,2026-06-06 15:34,AD-05,IST_SHIFT,2,Y,Y,N
L102325,Organic,UK,Europe/London,2026-07-14 19:02,,AD-06,IST_SHIFT,0,N,N,N
L102326,Organic,USA,America/New_York,2026-06-27 17:32,2026-07-02 06:18,AD-06,IST_SHIFT,3,Y,Y,N
L102327,Meta,USA,America/New_York,2026-07-01 00:45,2026-07-05 05:34,AD-04,US_SHIFT,2,N,N,N
L102328,DSA,UK,Europe/London,2026-06-24 13:40,,AD-09,IST_SHIFT,0,N,N,N
L102329,Meta,UAE,Asia/Dubai,2026-06-13 07:23,2026-06-14 08:49,AD-03,US_SHIFT,0,Y,Y,N
L102330,Meta,USA,America/New_York,2026-06-30 12:44,,AD-02,US_SHIFT,3,N,N,N
L102331,Affiliate,Saudi Arabia,Asia/Riyadh,2026-06-02 04:31,,AD-02,US_SHIFT,1,N,N,N
L102332,DSA,UK,Europe/London,2026-06-13 08:03,2026-06-17 01:28,AD-10,SEA_SHIFT,1,Y,N,N
L102334,Google,Vietnam,Asia/Ho_Chi_Minh,2026-07-10 16:19,2026-07-15 15:11,AD-01,US_SHIFT,0,N,N,N
L102335,Google,India,Asia/Kolkata,2026-06-12 14:49,,AD-01,US_SHIFT,3,N,N,N
L102336,Meta,Vietnam,Asia/Ho_Chi_Minh,2026-07-15 12:27,2026-07-15 19:47,AD-05,IST_SHIFT,0,Y,Y,N
L102337,Meta,USA,America/New_York,2026-07-26 00:19,2026-07-26 21:38,AD-06,IST_SHIFT,1,Y,Y,N
L102339,Meta,India,Asia/Kolkata,2026-07-05 23:13,,AD-09,IST_SHIFT,3,N,N,N
L102340,Organic,Singapore,Asia/Singapore,2026-06-16 22:00,2026-06-17 13:51,AD-02,US_SHIFT,0,Y,Y,N
L102342,Affiliate,Singapore,Asia/Singapore,2026-07-23 23:59,,AD-12,US_SHIFT,3,N,N,N
L102344,Google,UAE,Asia/Dubai,2026-06-20 06:58,2026-06-23 16:04,AD-10,SEA_SHIFT,3,N,N,N
L102346,DSA,UAE,Asia/Dubai,2026-06-01 02:26,,AD-11,SEA_SHIFT,1,N,N,N
L102347,Meta,USA,America/New_York,2026-06-07 15:11,,AD-07,IST_SHIFT,3,N,N,N
L102348,Organic,USA,America/New_York,2026-06-06 13:18,2026-06-10 18:45,AD-02,US_SHIFT,0,N,N,N
L102349,Organic,USA,America/New_York,2026-07-03 14:10,2026-07-06 16:37,AD-05,IST_SHIFT,2,N,N,N
L102350,Meta,Australia,Australia/Sydney,2026-06-30 11:12,,AD-07,IST_SHIFT,1,N,N,N
L102351,DSA,UK,Europe/London,2026-06-30 13:37,2026-07-04 07:01,AD-03,US_SHIFT,0,N,N,N
L102352,Referral,USA,America/New_York,2026-07-05 17:53,2026-07-06 13:03,AD-09,IST_SHIFT,0,N,N,N
L102353,Meta,India,Asia/Kolkata,2026-06-05 07:44,2026-06-07 17:09,AD-11,SEA_SHIFT,0,Y,Y,N
L102354,Meta,USA,America/New_York,2026-07-01 08:29,2026-07-03 19:00,AD-07,IST_SHIFT,0,Y,Y,Y
L102355,Meta,USA,America/New_York,2026-07-15 01:57,,AD-01,US_SHIFT,1,N,N,N
L102356,Google,Australia,Australia/Sydney,2026-07-28 18:57,,AD-09,IST_SHIFT,0,N,N,N
L102357,Google,USA,America/New_York,2026-07-03 04:24,2026-07-04 11:34,AD-01,US_SHIFT,0,Y,Y,N
L102358,Meta,Vietnam,Asia/Ho_Chi_Minh,2026-06-03 15:03,2026-06-04 03:05,AD-03,US_SHIFT,1,N,N,N
L102359,Meta,UK,Europe/London,2026-07-02 10:50,2026-07-05 09:35,AD-09,IST_SHIFT,2,Y,Y,N
L102360,Meta,Vietnam,Asia/Ho_Chi_Minh,2026-06-25 02:58,,AD-12,US_SHIFT,0,N,N,N
L102361,Google,USA,America/New_York,2026-06-18 08:07,2026-06-19 19:15,AD-03,US_SHIFT,3,Y,Y,N
L102362,Google,Saudi Arabia,Asia/Riyadh,2026-06-18 02:37,,AD-03,US_SHIFT,0,N,N,N
L102363,Affiliate,UAE,Asia/Dubai,2026-06-25 08:38,,AD-05,IST_SHIFT,1,N,N,N
L102364,DSA,UAE,Asia/Dubai,2026-07-21 04:55,2026-07-24 00:35,AD-05,IST_SHIFT,3,N,N,N
L102365,Meta,USA,America/New_York,2026-06-04 06:53,2026-06-08 05:56,AD-04,US_SHIFT,0,Y,N,N
L102367,Affiliate,USA,America/New_York,2026-07-12 08:56,2026-07-14 15:53,AD-03,US_SHIFT,0,N,N,N
L102368,Affiliate,UAE,Asia/Dubai,2026-06-03 19:54,2026-06-06 10:43,AD-05,IST_SHIFT,3,Y,Y,N
L102369,DSA,USA,America/New_York,2026-07-13 02:41,2026-07-16 11:50,AD-12,US_SHIFT,0,N,N,N
L102370,DSA,Australia,Australia/Sydney,2026-06-21 18:57,2026-06-25 06:15,AD-01,US_SHIFT,3,Y,Y,N
L102371,Google,UK,Europe/London,2026-06-16 11:14,,AD-04,US_SHIFT,2,N,N,N
L102372,Meta,UAE,Asia/Dubai,2026-07-17 22:12,,AD-06,IST_SHIFT,1,N,N,N
L102373,Meta,Australia,Australia/Sydney,2026-06-30 13:23,2026-07-04 11:26,AD-10,SEA_SHIFT,0,Y,Y,N
L102374,DSA,USA,America/New_York,2026-06-18 11:38,2026-06-20 16:20,AD-08,IST_SHIFT,0,Y,Y,N
L102375,Google,UAE,Asia/Dubai,2026-06-29 20:18,2026-07-03 01:19,AD-03,US_SHIFT,3,N,N,N
L102376,Meta,UAE,Asia/Dubai,2026-06-28 04:19,2026-07-02 19:10,AD-08,IST_SHIFT,3,N,N,N
L102377,DSA,UK,Europe/London,2026-07-09 08:04,2026-07-11 01:56,AD-01,US_SHIFT,0,Y,Y,N
L102380,Meta,Saudi Arabia,Asia/Riyadh,2026-07-09 11:01,,AD-05,IST_SHIFT,3,N,N,N
L102381,Google,Australia,Australia/Sydney,2026-07-17 12:38,2026-07-19 08:02,AD-04,US_SHIFT,2,Y,Y,N
L102382,Meta,USA,America/New_York,2026-06-10 22:06,,AD-12,US_SHIFT,0,N,N,N
L102383,Meta,Vietnam,Asia/Ho_Chi_Minh,2026-07-27 12:50,,AD-06,IST_SHIFT,0,N,N,N
L102384,Meta,UK,Europe/London,2026-07-25 01:40,2026-07-25 04:47,AD-10,SEA_SHIFT,3,Y,Y,N
L102385,Meta,Vietnam,Asia/Ho_Chi_Minh,2026-06-05 22:24,2026-06-09 11:48,AD-03,US_SHIFT,3,Y,Y,Y
L102386,Google,UK,Europe/London,2026-07-11 17:57,,AD-06,IST_SHIFT,0,N,N,N
L102387,Meta,USA,America/New_York,2026-07-02 20:45,2026-07-04 06:54,AD-05,IST_SHIFT,3,Y,N,N
L102388,DSA,USA,America/New_York,2026-06-18 00:18,2026-06-18 19:16,AD-10,SEA_SHIFT,2,N,N,N
L102389,DSA,India,Asia/Kolkata,2026-07-09 23:37,,AD-07,IST_SHIFT,1,N,N,N
L102390,Meta,UK,Europe/London,2026-06-27 01:58,2026-06-30 13:26,AD-02,US_SHIFT,1,Y,N,N
L102391,Google,India,Asia/Kolkata,2026-07-06 20:34,2026-07-07 13:36,AD-07,IST_SHIFT,0,N,N,N
L102393,DSA,Vietnam,Asia/Ho_Chi_Minh,2026-06-10 11:31,2026-06-13 14:46,AD-08,IST_SHIFT,3,Y,N,N
L102394,Google,UK,Europe/London,2026-06-05 20:52,2026-06-09 16:27,AD-02,US_SHIFT,3,N,N,N
L102396,Organic,USA,America/New_York,2026-06-14 21:38,,AD-03,US_SHIFT,1,N,N,N
L102398,DSA,Saudi Arabia,Asia/Riyadh,2026-06-15 04:45,2026-06-18 05:30,AD-06,IST_SHIFT,3,Y,Y,N
L102399,Google,India,Asia/Kolkata,2026-07-28 06:08,2026-07-28 13:13,AD-05,IST_SHIFT,2,N,N,N
L102400,Meta,Vietnam,Asia/Ho_Chi_Minh,2026-06-30 04:50,2026-07-04 18:12,AD-12,US_SHIFT,1,N,N,N
L102401,Meta,Vietnam,Asia/Ho_Chi_Minh,2026-06-27 07:04,2026-07-01 18:40,AD-01,US_SHIFT,0,Y,N,N
L102402,Affiliate,Vietnam,Asia/Ho_Chi_Minh,2026-06-11 17:09,2026-06-12 18:30,AD-07,IST_SHIFT,1,N,N,N
L102403,Meta,Australia,Australia/Sydney,2026-07-26 15:25,,AD-04,US_SHIFT,2,N,N,N
L102404,Meta,Vietnam,Asia/Ho_Chi_Minh,2026-07-08 20:16,2026-07-11 23:12,AD-01,US_SHIFT,2,N,N,N
L102407,Google,USA,America/New_York,2026-07-19 00:28,,AD-01,US_SHIFT,0,N,N,N
L102408,Meta,Vietnam,Asia/Ho_Chi_Minh,2026-06-13 09:40,2026-06-14 19:16,AD-04,US_SHIFT,1,Y,Y,Y
L102409,Organic,UK,Europe/London,2026-07-15 14:03,,AD-12,US_SHIFT,2,N,N,N
L102411,DSA,Singapore,Asia/Singapore,2026-06-17 14:49,,AD-08,IST_SHIFT,2,N,N,N
L102412,Meta,Saudi Arabia,Asia/Riyadh,2026-07-17 13:16,,AD-04,US_SHIFT,0,N,N,N
L102415,Meta,USA,America/New_York,2026-07-24 22:09,,AD-09,IST_SHIFT,2,N,N,N
L102416,Google,USA,America/New_York,2026-07-23 16:28,,AD-02,US_SHIFT,1,N,N,N
L102418,Meta,India,Asia/Kolkata,2026-07-09 00:58,2026-07-09 21:14,AD-01,US_SHIFT,3,Y,Y,N
L102420,DSA,UAE,Asia/Dubai,2026-07-20 14:06,2026-07-22 06:45,AD-01,US_SHIFT,1,Y,Y,N
L102422,Google,USA,America/New_York,2026-06-12 12:50,2026-06-15 08:42,AD-03,US_SHIFT,0,Y,Y,N
L102423,Meta,UAE,Asia/Dubai,2026-07-04 13:40,2026-07-08 06:48,AD-11,SEA_SHIFT,1,Y,Y,N
L102424,Google,Saudi Arabia,Asia/Riyadh,2026-06-20 09:58,,AD-06,IST_SHIFT,1,N,N,N
L102426,Referral,India,Asia/Kolkata,2026-06-16 18:03,,AD-02,US_SHIFT,2,N,N,N
L102427,Google,UK,Europe/London,2026-06-26 15:26,2026-06-30 14:36,AD-09,IST_SHIFT,3,N,N,N
L102428,Meta,USA,America/New_York,2026-07-20 04:56,2026-07-20 19:07,AD-02,US_SHIFT,1,Y,N,N
L102429,Organic,USA,America/New_York,2026-07-15 05:04,2026-07-16 03:46,AD-02,US_SHIFT,2,Y,Y,N
L102430,Google,USA,America/New_York,2026-07-21 10:36,2026-07-22 02:07,AD-10,SEA_SHIFT,3,N,N,N
L102433,Affiliate,Australia,Australia/Sydney,2026-06-27 21:01,,AD-07,IST_SHIFT,3,N,N,N
L102434,DSA,USA,America/New_York,2026-07-10 13:34,,AD-03,US_SHIFT,0,N,N,N
L102435,Organic,Vietnam,Asia/Ho_Chi_Minh,2026-06-15 15:30,2026-06-16 20:40,AD-03,US_SHIFT,3,N,N,N
L102437,Meta,USA,America/New_York,2026-06-05 09:27,2026-06-07 00:37,AD-08,IST_SHIFT,0,Y,N,N
L102438,Affiliate,UAE,Asia/Dubai,2026-07-19 04:36,2026-07-20 00:16,AD-07,IST_SHIFT,0,N,N,N
L102439,Referral,India,Asia/Kolkata,2026-07-01 16:10,2026-07-04 18:36,AD-12,US_SHIFT,2,N,N,N
L102440,Meta,USA,America/New_York,2026-07-20 19:02,2026-07-21 07:38,AD-08,IST_SHIFT,0,Y,Y,N
L102441,Google,Vietnam,Asia/Ho_Chi_Minh,2026-06-02 14:39,2026-06-06 23:14,AD-09,IST_SHIFT,0,Y,Y,N
L102442,Meta,Vietnam,Asia/Ho_Chi_Minh,2026-07-17 20:32,,AD-07,IST_SHIFT,1,N,N,N
L102443,Google,Saudi Arabia,Asia/Riyadh,2026-06-12 07:28,,AD-04,US_SHIFT,1,N,N,N
L102444,Meta,Vietnam,Asia/Ho_Chi_Minh,2026-06-05 23:02,,AD-05,IST_SHIFT,3,N,N,N
L102445,Google,USA,America/New_York,2026-07-05 09:07,2026-07-08 12:54,AD-08,IST_SHIFT,1,N,N,N
L102446,DSA,Vietnam,Asia/Ho_Chi_Minh,2026-06-27 23:28,2026-06-28 11:23,AD-08,IST_SHIFT,2,Y,N,N
L102448,Affiliate,USA,America/New_York,2026-07-21 02:46,2026-07-25 00:21,AD-06,IST_SHIFT,3,Y,Y,N
L102449,Affiliate,India,Asia/Kolkata,2026-06-21 16:21,2026-06-22 08:26,AD-11,SEA_SHIFT,0,Y,Y,N
L102450,Affiliate,Vietnam,Asia/Ho_Chi_Minh,2026-07-07 01:47,2026-07-07 04:09,AD-04,US_SHIFT,2,N,N,N
L102452,Organic,India,Asia/Kolkata,2026-07-10 05:22,,AD-01,US_SHIFT,2,N,N,N
L102453,Google,Australia,Australia/Sydney,2026-07-10 13:13,2026-07-12 12:07,AD-03,US_SHIFT,1,Y,Y,N
L102454,Google,Australia,Australia/Sydney,2026-07-01 17:49,2026-07-05 13:47,AD-12,US_SHIFT,2,N,N,N
L102455,Google,Vietnam,Asia/Ho_Chi_Minh,2026-07-25 06:49,,AD-12,US_SHIFT,0,N,N,N
L102456,Referral,India,Asia/Kolkata,2026-06-13 15:21,,AD-01,US_SHIFT,3,N,N,N
L102457,Meta,Vietnam,Asia/Ho_Chi_Minh,2026-06-29 21:11,2026-06-30 17:40,AD-06,IST_SHIFT,0,N,N,N
L102458,Meta,Vietnam,Asia/Ho_Chi_Minh,2026-06-26 18:23,,AD-10,SEA_SHIFT,3,N,N,N
L102459,Google,UK,Europe/London,2026-07-16 22:34,2026-07-18 12:09,AD-02,US_SHIFT,1,Y,N,N
L102462,Meta,Saudi Arabia,Asia/Riyadh,2026-06-12 07:12,2026-06-14 16:05,AD-02,US_SHIFT,3,N,N,N
L102464,Meta,USA,America/New_York,2026-06-15 07:58,,AD-03,US_SHIFT,3,N,N,N
L102465,Organic,UK,Europe/London,2026-07-11 17:50,2026-07-13 15:28,AD-06,IST_SHIFT,3,N,N,N
L102467,Google,UAE,Asia/Dubai,2026-06-27 11:38,2026-06-29 05:38,AD-02,US_SHIFT,0,N,N,N
L102468,DSA,USA,America/New_York,2026-07-04 15:04,2026-07-05 04:33,AD-03,US_SHIFT,3,Y,Y,N
L102469,Google,UAE,Asia/Dubai,2026-07-16 00:59,,AD-10,SEA_SHIFT,1,N,N,N
L102470,Meta,Vietnam,Asia/Ho_Chi_Minh,2026-07-06 01:22,2026-07-07 16:38,AD-09,IST_SHIFT,0,Y,Y,N
L102471,Meta,India,Asia/Kolkata,2026-07-27 16:55,2026-07-30 09:13,AD-05,IST_SHIFT,0,Y,Y,N
L102472,Google,USA,America/New_York,2026-07-22 12:45,2026-07-24 07:34,AD-05,IST_SHIFT,1,Y,Y,N
L102473,Google,Saudi Arabia,Asia/Riyadh,2026-07-26 11:12,,AD-07,IST_SHIFT,3,N,N,N
L102474,Google,USA,America/New_York,2026-06-20 02:22,2026-06-21 11:32,AD-11,SEA_SHIFT,3,N,N,N
L102475,Meta,USA,America/New_York,2026-06-10 05:44,2026-06-10 18:19,AD-01,US_SHIFT,3,Y,Y,N
L102476,Affiliate,Vietnam,Asia/Ho_Chi_Minh,2026-07-12 13:45,,AD-10,SEA_SHIFT,1,N,N,N
L102477,Google,UK,Europe/London,2026-06-24 02:02,,AD-08,IST_SHIFT,2,N,N,N
L102478,Google,USA,America/New_York,2026-06-24 14:35,2026-06-25 04:12,AD-10,SEA_SHIFT,1,Y,Y,N
L102479,Meta,India,Asia/Kolkata,2026-06-14 22:03,,AD-09,IST_SHIFT,3,N,N,N
L102480,Meta,USA,America/New_York,2026-06-04 08:15,2026-06-05 22:42,AD-05,IST_SHIFT,2,N,N,N
L102481,Meta,Vietnam,Asia/Ho_Chi_Minh,2026-06-08 09:34,,AD-07,IST_SHIFT,0,N,N,N
L102482,Meta,UK,Europe/London,2026-07-26 01:41,2026-07-27 18:30,AD-06,IST_SHIFT,2,N,N,N
L102483,Affiliate,USA,America/New_York,2026-07-10 20:30,2026-07-12 13:00,AD-11,SEA_SHIFT,0,Y,Y,N
L102484,Meta,Vietnam,Asia/Ho_Chi_Minh,2026-07-12 12:26,,AD-05,IST_SHIFT,2,N,N,N
L102485,Google,USA,America/New_York,2026-06-06 05:18,,AD-09,IST_SHIFT,3,N,N,N
L102486,Meta,USA,America/New_York,2026-06-14 07:39,,AD-09,IST_SHIFT,3,N,N,N
L102487,DSA,UK,Europe/London,2026-06-19 05:17,2026-06-20 08:30,AD-09,IST_SHIFT,3,N,N,N
L102488,Meta,Vietnam,Asia/Ho_Chi_Minh,2026-07-07 19:31,2026-07-09 00:42,AD-06,IST_SHIFT,3,Y,Y,N
L102489,Affiliate,USA,America/New_York,2026-06-19 22:52,,AD-07,IST_SHIFT,0,N,N,N
L102490,Google,UK,Europe/London,2026-06-30 08:49,,AD-07,IST_SHIFT,0,N,N,N
L102491,Organic,Vietnam,Asia/Ho_Chi_Minh,2026-07-15 08:43,2026-07-16 07:54,AD-07,IST_SHIFT,1,Y,Y,N
L102492,Meta,UK,Europe/London,2026-07-24 18:32,,AD-10,SEA_SHIFT,0,N,N,N
L102493,Meta,USA,America/New_York,2026-06-22 10:49,2026-06-24 05:27,AD-02,US_SHIFT,1,Y,Y,N
L102494,Meta,USA,America/New_York,2026-07-03 16:10,,AD-08,IST_SHIFT,2,N,N,N
L102495,Google,Australia,Australia/Sydney,2026-07-03 14:42,2026-07-06 08:49,AD-10,SEA_SHIFT,1,N,N,N
L102496,Google,USA,America/New_York,2026-06-03 18:29,,AD-08,IST_SHIFT,1,N,N,N
L102497,DSA,Australia,Australia/Sydney,2026-06-22 09:21,,AD-08,IST_SHIFT,2,N,N,N
L102499,Google,Australia,Australia/Sydney,2026-06-01 07:27,,AD-04,US_SHIFT,2,N,N,N
L102500,Meta,India,Asia/Kolkata,2026-07-25 21:56,2026-07-27 18:56,AD-07,IST_SHIFT,3,Y,Y,N
L102501,Meta,Vietnam,Asia/Ho_Chi_Minh,2026-06-20 13:53,2026-06-21 04:37,AD-08,IST_SHIFT,3,N,N,N
L102502,Meta,UK,Europe/London,2026-06-22 04:38,2026-06-23 13:55,AD-01,US_SHIFT,3,Y,Y,N
L102503,Organic,Vietnam,Asia/Ho_Chi_Minh,2026-06-09 03:58,2026-06-12 02:04,AD-04,US_SHIFT,2,N,N,N
L102504,Organic,India,Asia/Kolkata,2026-07-30 11:12,,AD-01,US_SHIFT,1,N,N,N
L102505,Meta,Vietnam,Asia/Ho_Chi_Minh,2026-06-21 16:01,2026-06-25 13:36,AD-04,US_SHIFT,1,N,N,N
L102506,DSA,Singapore,Asia/Singapore,2026-07-19 17:56,2026-07-22 18:26,AD-03,US_SHIFT,2,N,N,N
L102507,Organic,Vietnam,Asia/Ho_Chi_Minh,2026-06-29 03:53,2026-07-01 14:45,AD-03,US_SHIFT,1,Y,Y,Y
L102508,Meta,Saudi Arabia,Asia/Riyadh,2026-07-23 18:05,,AD-01,US_SHIFT,2,N,N,N
L102511,Google,USA,America/New_York,2026-07-18 01:39,2026-07-22 06:30,AD-12,US_SHIFT,2,Y,Y,Y
L102512,Organic,Singapore,Asia/Singapore,2026-07-01 04:06,2026-07-02 01:03,AD-12,US_SHIFT,1,Y,Y,N
L102513,Meta,Vietnam,Asia/Ho_Chi_Minh,2026-07-11 19:39,,AD-09,IST_SHIFT,3,N,N,N
L102514,Referral,USA,America/New_York,2026-06-09 03:50,,AD-03,US_SHIFT,3,N,N,N
L102515,Organic,USA,America/New_York,2026-07-07 07:13,,AD-02,US_SHIFT,0,N,N,N
L102517,Google,USA,America/New_York,2026-07-12 19:14,2026-07-14 20:26,AD-12,US_SHIFT,1,N,N,N
L102518,DSA,USA,America/New_York,2026-06-23 03:43,,AD-03,US_SHIFT,0,N,N,N
L102519,Meta,USA,America/New_York,2026-06-22 02:07,2026-06-23 03:57,AD-10,SEA_SHIFT,0,Y,N,N
L102520,Affiliate,USA,America/New_York,2026-07-01 05:07,2026-07-02 00:20,AD-04,US_SHIFT,0,Y,N,N
L102521,Meta,UAE,Asia/Dubai,2026-07-26 03:58,2026-07-29 15:14,AD-03,US_SHIFT,3,N,N,N
L102523,Meta,USA,America/New_York,2026-07-17 16:41,2026-07-18 12:07,AD-03,US_SHIFT,0,Y,Y,Y
L102524,Organic,Saudi Arabia,Asia/Riyadh,2026-07-29 18:14,2026-08-02 03:32,AD-07,IST_SHIFT,3,N,N,N
L102525,Organic,UAE,Asia/Dubai,2026-07-21 14:49,2026-07-25 13:38,AD-04,US_SHIFT,1,Y,Y,N
L102526,Meta,USA,America/New_York,2026-06-22 00:40,2026-06-26 03:07,AD-12,US_SHIFT,0,Y,Y,N
L102527,Google,USA,America/New_York,2026-06-08 18:21,,AD-11,SEA_SHIFT,2,N,N,N
L102528,DSA,USA,America/New_York,2026-06-04 17:52,2026-06-07 11:52,AD-07,IST_SHIFT,3,Y,Y,N
L102529,Meta,USA,America/New_York,2026-07-09 16:56,2026-07-13 00:36,AD-06,IST_SHIFT,0,Y,Y,N
L102531,Affiliate,USA,America/New_York,2026-07-24 15:02,2026-07-29 13:35,AD-12,US_SHIFT,3,N,N,N
L102532,Google,USA,America/New_York,2026-07-01 10:36,,AD-03,US_SHIFT,0,N,N,N
L102533,Meta,Australia,Australia/Sydney,2026-06-30 22:13,2026-07-05 08:11,AD-09,IST_SHIFT,2,Y,Y,N
L102535,Meta,India,Asia/Kolkata,2026-07-26 04:00,,AD-04,US_SHIFT,0,N,N,N
L102536,Meta,UAE,Asia/Dubai,2026-06-13 07:27,2026-06-15 01:16,AD-07,IST_SHIFT,1,Y,Y,N
L102537,Meta,USA,America/New_York,2026-07-26 20:45,2026-07-27 17:10,AD-12,US_SHIFT,2,Y,Y,Y
L102538,Meta,UAE,Asia/Dubai,2026-06-18 10:27,,AD-01,US_SHIFT,3,N,N,N
L102539,Meta,UK,Europe/London,2026-06-15 01:50,,AD-11,SEA_SHIFT,3,N,N,N
L102540,Meta,UK,Europe/London,2026-06-24 21:30,,AD-06,IST_SHIFT,0,N,N,N
L102541,Meta,USA,America/New_York,2026-07-18 04:01,,AD-08,IST_SHIFT,3,N,N,N
L102542,DSA,Saudi Arabia,Asia/Riyadh,2026-06-13 20:37,2026-06-16 16:09,AD-07,IST_SHIFT,0,Y,Y,N
L102543,DSA,Vietnam,Asia/Ho_Chi_Minh,2026-06-04 03:50,2026-06-05 00:46,AD-07,IST_SHIFT,3,Y,Y,Y
L102544,Affiliate,USA,America/New_York,2026-06-04 22:09,,AD-10,SEA_SHIFT,1,N,N,N
L102545,Meta,USA,America/New_York,2026-07-28 19:22,,AD-01,US_SHIFT,2,N,N,N
L102546,Organic,UAE,Asia/Dubai,2026-06-15 21:34,2026-06-20 19:32,AD-02,US_SHIFT,1,Y,Y,Y
L102548,Google,Vietnam,Asia/Ho_Chi_Minh,2026-06-29 02:25,,AD-02,US_SHIFT,2,N,N,N
L102549,Organic,USA,America/New_York,2026-07-16 14:05,2026-07-18 16:28,AD-02,US_SHIFT,1,Y,Y,N
L102550,Affiliate,Saudi Arabia,Asia/Riyadh,2026-06-09 15:13,2026-06-10 08:09,AD-03,US_SHIFT,2,Y,N,N
L102551,Meta,Vietnam,Asia/Ho_Chi_Minh,2026-07-03 06:37,2026-07-08 02:27,AD-12,US_SHIFT,3,N,N,N
L102552,Google,Vietnam,Asia/Ho_Chi_Minh,2026-07-17 08:19,,AD-10,SEA_SHIFT,3,N,N,N
L102554,Meta,USA,America/New_York,2026-07-23 00:51,,AD-06,IST_SHIFT,1,N,N,N
L102555,Meta,UAE,Asia/Dubai,2026-06-12 15:32,2026-06-12 23:07,AD-06,IST_SHIFT,0,Y,Y,N
L102557,Affiliate,Vietnam,Asia/Ho_Chi_Minh,2026-07-18 15:49,2026-07-20 05:10,AD-02,US_SHIFT,2,N,N,N
L102558,Organic,India,Asia/Kolkata,2026-07-06 18:15,2026-07-08 13:45,AD-11,SEA_SHIFT,3,Y,Y,Y
L102559,Meta,UAE,Asia/Dubai,2026-07-01 20:21,2026-07-06 11:09,AD-07,IST_SHIFT,0,N,N,N
L102560,Affiliate,Vietnam,Asia/Ho_Chi_Minh,2026-06-30 13:21,2026-07-02 05:37,AD-02,US_SHIFT,3,Y,Y,N
L102561,Google,India,Asia/Kolkata,2026-07-09 23:09,2026-07-11 20:31,AD-01,US_SHIFT,3,Y,Y,Y
L102562,Google,Saudi Arabia,Asia/Riyadh,2026-07-11 10:44,2026-07-15 10:57,AD-02,US_SHIFT,0,Y,N,N
L102563,Google,UAE,Asia/Dubai,2026-07-21 22:10,,AD-02,US_SHIFT,3,N,N,N
L102564,Google,Australia,Australia/Sydney,2026-06-30 20:05,,AD-08,IST_SHIFT,2,N,N,N
L102565,Google,USA,America/New_York,2026-06-21 16:06,2026-06-26 08:47,AD-10,SEA_SHIFT,2,N,N,N
L102566,Meta,USA,America/New_York,2026-07-16 20:04,,AD-11,SEA_SHIFT,3,N,N,N
L102567,Meta,UK,Europe/London,2026-06-28 22:20,2026-06-30 07:54,AD-10,SEA_SHIFT,2,Y,N,N
L102568,Meta,USA,America/New_York,2026-06-01 04:15,,AD-01,US_SHIFT,0,N,N,N
L102569,Meta,Singapore,Asia/Singapore,2026-07-22 21:47,,AD-12,US_SHIFT,3,N,N,N
L102570,DSA,UAE,Asia/Dubai,2026-06-03 07:18,2026-06-03 16:15,AD-04,US_SHIFT,1,Y,Y,N
L102571,Google,UK,Europe/London,2026-06-02 20:17,2026-06-04 00:05,AD-05,IST_SHIFT,2,Y,Y,N
L102572,Meta,USA,America/New_York,2026-07-21 12:33,,AD-05,IST_SHIFT,2,N,N,N
L102573,Meta,USA,America/New_York,2026-07-29 21:03,,AD-01,US_SHIFT,0,N,N,N
L102574,Affiliate,USA,America/New_York,2026-06-08 09:05,2026-06-13 05:40,AD-02,US_SHIFT,2,Y,Y,N
L102576,Referral,India,Asia/Kolkata,2026-06-10 12:37,,AD-06,IST_SHIFT,1,N,N,N
L102577,Google,UAE,Asia/Dubai,2026-07-10 12:11,,AD-02,US_SHIFT,1,N,N,N
L102578,Affiliate,India,Asia/Kolkata,2026-07-18 08:42,2026-07-21 11:04,AD-01,US_SHIFT,2,Y,Y,N
L102579,DSA,USA,America/New_York,2026-07-04 03:35,2026-07-04 11:12,AD-02,US_SHIFT,3,N,N,N
L102580,Google,UK,Europe/London,2026-06-25 16:22,2026-06-29 14:39,AD-07,IST_SHIFT,1,N,N,N
L102581,Meta,UK,Europe/London,2026-06-25 06:54,2026-06-26 05:37,AD-01,US_SHIFT,3,Y,Y,Y
L102582,Organic,UK,Europe/London,2026-07-08 01:36,2026-07-08 15:30,AD-11,SEA_SHIFT,3,N,N,N
L102583,Meta,Vietnam,Asia/Ho_Chi_Minh,2026-07-19 08:37,,AD-07,IST_SHIFT,3,N,N,N
L102584,Meta,USA,America/New_York,2026-06-07 05:41,2026-06-08 17:51,AD-06,IST_SHIFT,1,Y,N,N
L102585,Meta,USA,America/New_York,2026-06-15 17:35,2026-06-19 22:12,AD-07,IST_SHIFT,2,N,N,N
L102586,Affiliate,UAE,Asia/Dubai,2026-07-25 01:17,2026-07-26 10:26,AD-05,IST_SHIFT,2,Y,Y,N
L102587,Meta,USA,America/New_York,2026-07-06 16:18,2026-07-10 03:12,AD-02,US_SHIFT,0,Y,Y,Y
L102588,Google,Australia,Australia/Sydney,2026-07-20 08:26,2026-07-21 20:26,AD-06,IST_SHIFT,2,Y,Y,N
L102589,Google,UK,Europe/London,2026-06-20 07:53,2026-06-22 03:53,AD-08,IST_SHIFT,1,N,N,N
L102590,Meta,USA,America/New_York,2026-07-06 22:55,2026-07-09 01:44,AD-10,SEA_SHIFT,1,Y,Y,Y
L102591,Organic,India,Asia/Kolkata,2026-07-13 17:13,2026-07-14 08:24,AD-10,SEA_SHIFT,3,Y,Y,Y
L102592,Google,Singapore,Asia/Singapore,2026-06-20 03:34,2026-06-24 17:44,AD-02,US_SHIFT,3,Y,Y,N
L102593,Organic,UAE,Asia/Dubai,2026-06-12 02:43,2026-06-12 20:33,AD-07,IST_SHIFT,3,N,N,N
L102594,DSA,India,Asia/Kolkata,2026-06-19 03:27,,AD-12,US_SHIFT,1,N,N,N
L102595,Meta,UK,Europe/London,2026-06-10 23:14,2026-06-14 13:31,AD-01,US_SHIFT,1,N,N,N
L102596,Google,Australia,Australia/Sydney,2026-07-18 00:38,2026-07-18 14:00,AD-05,IST_SHIFT,2,Y,Y,N
L102597,Meta,UK,Europe/London,2026-06-07 12:38,2026-06-11 10:19,AD-12,US_SHIFT,2,Y,N,N
L102598,Meta,USA,America/New_York,2026-06-09 08:34,,AD-04,US_SHIFT,0,N,N,N
L102601,Affiliate,Singapore,Asia/Singapore,2026-06-17 19:25,,AD-02,US_SHIFT,1,N,N,N
L102602,Meta,Australia,Australia/Sydney,2026-07-14 01:48,2026-07-14 14:51,AD-05,IST_SHIFT,0,N,N,N
L102603,Google,UK,Europe/London,2026-07-08 07:43,2026-07-10 20:27,AD-07,IST_SHIFT,0,Y,Y,N
L102606,Meta,USA,America/New_York,2026-07-10 06:32,,AD-01,US_SHIFT,3,N,N,N
L102609,Google,UK,Europe/London,2026-06-27 07:06,2026-06-27 22:10,AD-01,US_SHIFT,3,N,N,N
L102611,Meta,USA,America/New_York,2026-07-26 11:02,2026-07-31 05:26,AD-03,US_SHIFT,2,N,N,N
L102612,Meta,UAE,Asia/Dubai,2026-07-13 13:22,2026-07-18 05:05,AD-03,US_SHIFT,2,N,N,N
L102613,Google,USA,America/New_York,2026-07-15 23:30,,AD-12,US_SHIFT,1,N,N,N
L102614,Meta,USA,America/New_York,2026-06-17 20:37,2026-06-18 08:36,AD-12,US_SHIFT,1,Y,Y,N
L102615,Meta,Australia,Australia/Sydney,2026-07-23 16:43,,AD-08,IST_SHIFT,1,N,N,N
L102617,Organic,USA,America/New_York,2026-07-21 21:07,2026-07-22 19:27,AD-10,SEA_SHIFT,2,Y,Y,N
L102618,Meta,Australia,Australia/Sydney,2026-06-23 13:29,,AD-03,US_SHIFT,0,N,N,N
L102619,Google,UK,Europe/London,2026-06-08 06:24,2026-06-12 21:47,AD-05,IST_SHIFT,0,N,N,N
L102620,Meta,UK,Europe/London,2026-07-01 22:29,2026-07-02 07:31,AD-09,IST_SHIFT,0,N,N,N
L102621,Meta,India,Asia/Kolkata,2026-06-08 18:37,,AD-08,IST_SHIFT,0,N,N,N
L102622,Affiliate,Vietnam,Asia/Ho_Chi_Minh,2026-07-08 15:27,2026-07-13 09:42,AD-12,US_SHIFT,1,N,N,N
L102624,Google,India,Asia/Kolkata,2026-06-10 08:57,,AD-03,US_SHIFT,1,N,N,N
L102625,Affiliate,UAE,Asia/Dubai,2026-06-11 18:19,2026-06-11 20:58,AD-03,US_SHIFT,2,Y,Y,Y
L102627,Affiliate,USA,America/New_York,2026-07-11 18:27,2026-07-16 10:06,AD-03,US_SHIFT,2,Y,Y,N
L102628,Meta,Saudi Arabia,Asia/Riyadh,2026-07-12 16:02,,AD-12,US_SHIFT,1,N,N,N
L102629,Google,Singapore,Asia/Singapore,2026-07-02 21:06,,AD-11,SEA_SHIFT,2,N,N,N
L102630,Affiliate,Saudi Arabia,Asia/Riyadh,2026-06-11 15:08,2026-06-12 05:26,AD-11,SEA_SHIFT,2,Y,Y,N
L102632,Meta,Vietnam,Asia/Ho_Chi_Minh,2026-06-15 06:36,,AD-03,US_SHIFT,3,N,N,N
L102633,Meta,USA,America/New_York,2026-07-13 20:52,,AD-07,IST_SHIFT,3,N,N,N
L102634,Organic,Australia,Australia/Sydney,2026-06-28 19:39,,AD-06,IST_SHIFT,0,N,N,N
L102635,Affiliate,India,Asia/Kolkata,2026-07-21 02:09,,AD-04,US_SHIFT,0,N,N,N
L102636,Google,USA,America/New_York,2026-06-13 15:40,2026-06-16 00:45,AD-02,US_SHIFT,1,Y,Y,N
L102637,Referral,Australia,Australia/Sydney,2026-06-29 11:18,2026-07-01 09:33,AD-08,IST_SHIFT,3,Y,Y,N
L102638,Google,UAE,Asia/Dubai,2026-07-19 07:02,2026-07-23 16:30,AD-10,SEA_SHIFT,2,Y,N,N
L102639,Google,Vietnam,Asia/Ho_Chi_Minh,2026-06-05 17:48,2026-06-07 02:08,AD-03,US_SHIFT,1,Y,Y,N
L102640,Referral,USA,America/New_York,2026-06-21 12:26,2026-06-21 22:33,AD-01,US_SHIFT,0,Y,Y,Y
L102641,DSA,USA,America/New_York,2026-06-25 19:32,,AD-03,US_SHIFT,0,N,N,N
L102642,Google,USA,America/New_York,2026-06-07 20:41,2026-06-11 17:43,AD-03,US_SHIFT,1,N,N,N
L102644,Organic,USA,America/New_York,2026-06-01 12:55,2026-06-01 23:36,AD-01,US_SHIFT,0,Y,Y,N
L102645,Meta,India,Asia/Kolkata,2026-06-09 05:06,,AD-02,US_SHIFT,3,N,N,N
L102647,Meta,USA,America/New_York,2026-06-08 18:20,2026-06-09 17:31,AD-04,US_SHIFT,1,Y,Y,N
L102648,Google,USA,America/New_York,2026-07-07 23:36,2026-07-09 10:02,AD-11,SEA_SHIFT,2,N,N,N
L102649,Google,India,Asia/Kolkata,2026-06-02 09:08,2026-06-03 00:08,AD-08,IST_SHIFT,1,Y,Y,N
L102650,Referral,USA,America/New_York,2026-06-08 21:04,2026-06-09 07:34,AD-08,IST_SHIFT,2,Y,Y,N
L102651,Meta,USA,America/New_York,2026-07-12 20:09,2026-07-13 04:30,AD-11,SEA_SHIFT,3,Y,Y,N
L102652,Meta,India,Asia/Kolkata,2026-06-28 03:01,,AD-01,US_SHIFT,3,N,N,N
L102653,Meta,India,Asia/Kolkata,2026-07-28 15:34,2026-07-29 22:20,AD-05,IST_SHIFT,1,Y,Y,N
L102654,Meta,USA,America/New_York,2026-07-18 06:47,2026-07-20 02:05,AD-02,US_SHIFT,2,Y,Y,N
L102655,Organic,Australia,Australia/Sydney,2026-07-30 08:45,,AD-07,IST_SHIFT,2,N,N,N
L102656,DSA,Australia,Australia/Sydney,2026-06-27 15:51,2026-06-28 23:13,AD-01,US_SHIFT,1,N,N,N
L102657,Meta,USA,America/New_York,2026-07-02 23:37,,AD-12,US_SHIFT,3,N,N,N
L102658,DSA,India,Asia/Kolkata,2026-06-12 12:27,2026-06-13 09:08,AD-01,US_SHIFT,3,Y,Y,N
L102660,Organic,UAE,Asia/Dubai,2026-07-11 07:50,2026-07-13 03:21,AD-10,SEA_SHIFT,1,Y,Y,N
L102661,Affiliate,USA,America/New_York,2026-06-05 18:42,2026-06-10 02:31,AD-03,US_SHIFT,2,Y,Y,N
L102662,Affiliate,USA,America/New_York,2026-07-05 06:06,,AD-10,SEA_SHIFT,3,N,N,N
L102663,Affiliate,Australia,Australia/Sydney,2026-06-29 03:26,2026-06-30 20:35,AD-04,US_SHIFT,0,Y,Y,N
L102664,Meta,USA,America/New_York,2026-07-21 01:16,,AD-10,SEA_SHIFT,1,N,N,N
L102665,Meta,India,Asia/Kolkata,2026-07-24 00:59,2026-07-24 16:56,AD-02,US_SHIFT,0,Y,Y,N
L102666,Referral,Australia,Australia/Sydney,2026-06-23 09:05,2026-06-24 08:20,AD-02,US_SHIFT,0,Y,Y,N
L102667,Meta,Singapore,Asia/Singapore,2026-06-13 17:35,,AD-11,SEA_SHIFT,1,N,N,N
L102668,Organic,Australia,Australia/Sydney,2026-06-04 00:25,,AD-05,IST_SHIFT,3,N,N,N
L102669,Google,Saudi Arabia,Asia/Riyadh,2026-07-16 00:13,,AD-11,SEA_SHIFT,2,N,N,N
L102671,Organic,Vietnam,Asia/Ho_Chi_Minh,2026-06-21 07:41,2026-06-21 12:28,AD-01,US_SHIFT,1,Y,N,N
L102672,Meta,USA,America/New_York,2026-06-05 08:47,2026-06-09 14:12,AD-02,US_SHIFT,1,Y,Y,N
L102673,Meta,Australia,Australia/Sydney,2026-07-17 17:27,2026-07-18 05:42,AD-07,IST_SHIFT,3,Y,Y,Y
L102674,Meta,UK,Europe/London,2026-07-28 00:30,,AD-08,IST_SHIFT,1,N,N,N
L102675,Organic,UAE,Asia/Dubai,2026-07-05 01:44,,AD-05,IST_SHIFT,0,N,N,N
L102676,Meta,USA,America/New_York,2026-07-05 13:37,,AD-02,US_SHIFT,3,N,N,N
L102677,DSA,India,Asia/Kolkata,2026-07-08 06:50,2026-07-09 15:51,AD-05,IST_SHIFT,3,Y,Y,N
L102678,DSA,Saudi Arabia,Asia/Riyadh,2026-07-14 05:26,2026-07-16 02:44,AD-03,US_SHIFT,3,Y,Y,Y
L102679,DSA,USA,America/New_York,2026-06-17 01:40,2026-06-18 07:40,AD-02,US_SHIFT,3,Y,Y,N
L102680,Google,USA,America/New_York,2026-06-15 20:02,2026-06-18 14:36,AD-03,US_SHIFT,2,Y,Y,N
L102684,Meta,Singapore,Asia/Singapore,2026-07-02 04:22,2026-07-03 14:21,AD-05,IST_SHIFT,2,N,N,N
L102686,Organic,USA,America/New_York,2026-07-29 22:03,2026-07-31 18:22,AD-03,US_SHIFT,2,Y,Y,N
L102687,Meta,USA,America/New_York,2026-06-30 09:14,2026-07-02 06:15,AD-10,SEA_SHIFT,1,Y,Y,N
L102689,Affiliate,Vietnam,Asia/Ho_Chi_Minh,2026-07-29 14:05,,AD-01,US_SHIFT,3,N,N,N
L102690,Affiliate,USA,America/New_York,2026-07-11 15:38,2026-07-12 17:40,AD-03,US_SHIFT,3,N,N,N
L102693,Google,India,Asia/Kolkata,2026-07-05 02:02,,AD-05,IST_SHIFT,0,N,N,N
L102694,Organic,Singapore,Asia/Singapore,2026-06-16 06:22,,AD-12,US_SHIFT,3,N,N,N
L102695,Meta,USA,America/New_York,2026-07-05 01:09,2026-07-05 13:57,AD-04,US_SHIFT,1,Y,Y,N
L102696,Meta,Saudi Arabia,Asia/Riyadh,2026-07-04 19:27,2026-07-09 06:07,AD-07,IST_SHIFT,2,N,N,N
L102697,Organic,UAE,Asia/Dubai,2026-06-24 23:33,2026-06-26 20:18,AD-05,IST_SHIFT,3,Y,Y,Y
L102698,Meta,Singapore,Asia/Singapore,2026-07-17 02:30,2026-07-21 23:50,AD-11,SEA_SHIFT,1,Y,Y,N
L102699,Meta,Singapore,Asia/Singapore,2026-06-04 09:05,2026-06-08 21:33,AD-02,US_SHIFT,1,N,N,N
L102700,Google,USA,America/New_York,2026-07-11 07:00,,AD-04,US_SHIFT,3,N,N,N
L102701,Meta,USA,America/New_York,2026-06-24 03:55,2026-06-24 09:12,AD-08,IST_SHIFT,2,Y,Y,N
L102702,Organic,Saudi Arabia,Asia/Riyadh,2026-07-11 11:55,2026-07-16 03:35,AD-01,US_SHIFT,2,Y,Y,Y
L102704,Meta,Vietnam,Asia/Ho_Chi_Minh,2026-06-13 13:28,,AD-06,IST_SHIFT,2,N,N,N
L102705,Meta,UK,Europe/London,2026-07-26 21:03,,AD-09,IST_SHIFT,1,N,N,N
L102707,Referral,Vietnam,Asia/Ho_Chi_Minh,2026-06-21 13:45,,AD-01,US_SHIFT,0,N,N,N
L102708,DSA,India,Asia/Kolkata,2026-06-12 11:51,2026-06-13 14:10,AD-12,US_SHIFT,2,Y,Y,N
L102709,Meta,Saudi Arabia,Asia/Riyadh,2026-07-14 01:00,2026-07-14 12:58,AD-01,US_SHIFT,2,N,N,N
L102710,Meta,Vietnam,Asia/Ho_Chi_Minh,2026-07-06 04:10,2026-07-07 20:10,AD-05,IST_SHIFT,2,N,N,N
L102712,Google,USA,America/New_York,2026-07-15 23:13,,AD-07,IST_SHIFT,3,N,N,N
L102713,Organic,USA,America/New_York,2026-07-13 03:25,2026-07-13 08:51,AD-11,SEA_SHIFT,2,Y,Y,Y
L102714,Meta,USA,America/New_York,2026-06-15 02:58,2026-06-19 19:50,AD-07,IST_SHIFT,1,Y,Y,N
L102715,Referral,Vietnam,Asia/Ho_Chi_Minh,2026-07-19 15:42,2026-07-24 11:29,AD-08,IST_SHIFT,2,Y,Y,N
L102716,DSA,UK,Europe/London,2026-06-18 19:08,,AD-05,IST_SHIFT,3,N,N,N
L102718,Meta,USA,America/New_York,2026-07-26 04:26,2026-07-27 08:30,AD-08,IST_SHIFT,2,Y,Y,N
L102719,Google,Vietnam,Asia/Ho_Chi_Minh,2026-07-19 06:12,2026-07-19 12:51,AD-04,US_SHIFT,0,Y,Y,N
L102720,Organic,UAE,Asia/Dubai,2026-06-27 10:19,2026-06-30 17:15,AD-04,US_SHIFT,2,N,N,N
L102721,Meta,USA,America/New_York,2026-07-10 07:12,2026-07-10 20:56,AD-02,US_SHIFT,2,Y,Y,N
L102722,Organic,India,Asia/Kolkata,2026-07-24 16:26,2026-07-28 08:05,AD-06,IST_SHIFT,3,N,N,N
L102723,Affiliate,UAE,Asia/Dubai,2026-06-29 17:40,2026-07-01 13:32,AD-10,SEA_SHIFT,2,Y,Y,N
L102724,Meta,USA,America/New_York,2026-06-02 08:32,,AD-06,IST_SHIFT,2,N,N,N
L102726,Meta,India,Asia/Kolkata,2026-06-25 22:34,2026-06-29 14:34,AD-12,US_SHIFT,3,N,N,N
L102727,Affiliate,Singapore,Asia/Singapore,2026-07-04 23:56,,AD-05,IST_SHIFT,2,N,N,N
L102729,Meta,USA,America/New_York,2026-07-13 03:25,,AD-03,US_SHIFT,2,N,N,N
L102730,Referral,UAE,Asia/Dubai,2026-07-29 05:36,,AD-03,US_SHIFT,3,N,N,N
L102731,Affiliate,Vietnam,Asia/Ho_Chi_Minh,2026-07-22 00:21,2026-07-25 20:25,AD-12,US_SHIFT,1,Y,Y,N
L102732,Meta,Singapore,Asia/Singapore,2026-07-14 21:23,,AD-12,US_SHIFT,1,N,N,N
L102733,DSA,UK,Europe/London,2026-06-26 03:54,2026-06-27 19:16,AD-09,IST_SHIFT,1,Y,N,N
L102734,DSA,UAE,Asia/Dubai,2026-07-27 15:15,2026-07-28 19:51,AD-08,IST_SHIFT,0,Y,Y,N
L102735,Affiliate,USA,America/New_York,2026-06-29 16:30,2026-07-04 06:01,AD-03,US_SHIFT,1,N,N,N
L102736,DSA,Vietnam,Asia/Ho_Chi_Minh,2026-07-02 19:49,2026-07-03 18:21,AD-10,SEA_SHIFT,1,Y,Y,N
L102737,Referral,Singapore,Asia/Singapore,2026-07-10 06:09,2026-07-15 03:45,AD-09,IST_SHIFT,3,Y,Y,N
L102738,Organic,USA,America/New_York,2026-06-19 08:50,2026-06-20 12:53,AD-10,SEA_SHIFT,0,Y,Y,N
L102739,Google,USA,America/New_York,2026-07-16 04:58,2026-07-17 15:22,AD-08,IST_SHIFT,1,N,N,N
L102741,Affiliate,UAE,Asia/Dubai,2026-07-20 05:54,,AD-02,US_SHIFT,3,N,N,N
L102742,Meta,USA,America/New_York,2026-06-05 01:12,2026-06-09 10:21,AD-12,US_SHIFT,1,N,N,N
L102743,Organic,India,Asia/Kolkata,2026-07-18 13:41,2026-07-18 19:21,AD-06,IST_SHIFT,1,Y,Y,Y
L102744,Organic,USA,America/New_York,2026-07-06 23:44,2026-07-07 03:54,AD-05,IST_SHIFT,1,Y,N,N
L102745,Affiliate,Vietnam,Asia/Ho_Chi_Minh,2026-07-28 06:52,2026-07-31 14:01,AD-02,US_SHIFT,2,N,N,N
L102746,Meta,USA,America/New_York,2026-06-05 20:14,2026-06-07 03:11,AD-07,IST_SHIFT,2,N,N,N
L102747,Google,UAE,Asia/Dubai,2026-07-25 02:56,,AD-09,IST_SHIFT,1,N,N,N
L102748,Meta,USA,America/New_York,2026-06-01 07:20,2026-06-01 17:30,AD-09,IST_SHIFT,0,N,N,N
L102750,DSA,India,Asia/Kolkata,2026-06-04 04:23,2026-06-06 23:52,AD-10,SEA_SHIFT,1,Y,Y,N
L102751,DSA,Vietnam,Asia/Ho_Chi_Minh,2026-06-06 14:32,,AD-06,IST_SHIFT,1,N,N,N
L102752,Meta,USA,America/New_York,2026-06-15 19:51,2026-06-18 23:51,AD-12,US_SHIFT,1,N,N,N
L102753,Google,Saudi Arabia,Asia/Riyadh,2026-07-06 21:08,2026-07-07 15:58,AD-07,IST_SHIFT,1,N,N,N
L102756,Organic,UAE,Asia/Dubai,2026-06-19 09:21,2026-06-20 03:19,AD-11,SEA_SHIFT,2,N,N,N
L102758,Organic,Saudi Arabia,Asia/Riyadh,2026-07-12 08:13,2026-07-16 17:43,AD-12,US_SHIFT,3,Y,Y,N
L102759,Google,Australia,Australia/Sydney,2026-07-09 11:49,2026-07-11 03:27,AD-05,IST_SHIFT,2,Y,Y,N
L102760,Referral,Australia,Australia/Sydney,2026-07-06 17:36,2026-07-07 02:02,AD-08,IST_SHIFT,0,Y,Y,N
L102762,Meta,Vietnam,Asia/Ho_Chi_Minh,2026-06-05 00:59,,AD-12,US_SHIFT,2,N,N,N
L102763,DSA,USA,America/New_York,2026-06-16 22:47,2026-06-21 11:30,AD-01,US_SHIFT,2,N,N,N
L102765,Organic,Vietnam,Asia/Ho_Chi_Minh,2026-07-06 05:45,2026-07-06 23:06,AD-08,IST_SHIFT,0,N,N,N
L102766,Meta,USA,America/New_York,2026-06-27 19:23,,AD-01,US_SHIFT,0,N,N,N
L102767,Affiliate,Saudi Arabia,Asia/Riyadh,2026-06-02 11:06,2026-06-06 15:08,AD-08,IST_SHIFT,3,N,N,N
L102768,Affiliate,UK,Europe/London,2026-07-22 00:23,2026-07-23 04:54,AD-04,US_SHIFT,1,Y,Y,Y
L102769,Google,USA,America/New_York,2026-06-05 16:14,2026-06-08 11:59,AD-10,SEA_SHIFT,2,Y,Y,N
L102770,Meta,USA,America/New_York,2026-06-27 08:58,,AD-09,IST_SHIFT,3,N,N,N
L102771,Google,USA,America/New_York,2026-06-07 09:49,,AD-10,SEA_SHIFT,2,N,N,N
L102772,Google,USA,America/New_York,2026-06-26 12:46,2026-06-26 15:14,AD-11,SEA_SHIFT,3,Y,Y,N
L102773,Meta,Singapore,Asia/Singapore,2026-06-11 23:07,2026-06-15 13:24,AD-04,US_SHIFT,0,N,N,N
L102774,Meta,UAE,Asia/Dubai,2026-06-19 01:32,2026-06-23 20:49,AD-01,US_SHIFT,3,Y,N,N
L102775,Google,UK,Europe/London,2026-06-06 10:20,,AD-01,US_SHIFT,0,N,N,N
L102776,Meta,UAE,Asia/Dubai,2026-07-10 14:47,2026-07-12 08:18,AD-09,IST_SHIFT,2,N,N,N
L102777,Google,UK,Europe/London,2026-07-23 02:06,2026-07-23 10:13,AD-02,US_SHIFT,2,Y,Y,N
L102778,Google,UAE,Asia/Dubai,2026-06-25 23:02,2026-06-26 03:15,AD-06,IST_SHIFT,0,Y,Y,N
L102779,DSA,UAE,Asia/Dubai,2026-06-18 13:18,2026-06-20 19:07,AD-03,US_SHIFT,2,N,N,N
L102782,Meta,USA,America/New_York,2026-07-28 13:37,2026-07-30 06:59,AD-01,US_SHIFT,2,N,N,N
L102783,Organic,USA,America/New_York,2026-07-08 18:31,,AD-11,SEA_SHIFT,1,N,N,N
L102784,Organic,USA,America/New_York,2026-06-29 20:56,2026-06-30 14:52,AD-02,US_SHIFT,1,N,N,N
L102785,Meta,India,Asia/Kolkata,2026-06-15 05:38,,AD-01,US_SHIFT,1,N,N,N
L102786,DSA,USA,America/New_York,2026-07-19 18:03,2026-07-22 12:15,AD-10,SEA_SHIFT,0,N,N,N
L102787,Meta,Vietnam,Asia/Ho_Chi_Minh,2026-07-06 19:24,2026-07-08 15:25,AD-12,US_SHIFT,2,Y,Y,N
L102788,Meta,USA,America/New_York,2026-06-07 03:09,,AD-05,IST_SHIFT,1,N,N,N
L102790,Organic,USA,America/New_York,2026-07-28 15:10,,AD-01,US_SHIFT,1,N,N,N
L102791,Affiliate,Singapore,Asia/Singapore,2026-07-02 18:03,2026-07-07 08:04,AD-12,US_SHIFT,1,Y,N,N
L102792,Meta,Vietnam,Asia/Ho_Chi_Minh,2026-06-18 07:12,,AD-12,US_SHIFT,2,N,N,N
L102793,Affiliate,USA,America/New_York,2026-06-05 04:00,,AD-09,IST_SHIFT,2,N,N,N
L102795,Meta,USA,America/New_York,2026-07-27 19:09,2026-08-01 02:34,AD-12,US_SHIFT,1,N,N,N
L102796,Meta,India,Asia/Kolkata,2026-07-23 03:12,2026-07-24 02:14,AD-06,IST_SHIFT,3,N,N,N
L102797,Meta,UAE,Asia/Dubai,2026-07-13 20:42,2026-07-15 02:45,AD-12,US_SHIFT,2,Y,Y,N
L102798,Referral,UK,Europe/London,2026-07-04 03:24,2026-07-07 23:19,AD-02,US_SHIFT,0,Y,Y,Y
L102799,Meta,Australia,Australia/Sydney,2026-06-26 11:01,2026-06-26 23:55,AD-02,US_SHIFT,2,Y,Y,N
L102800,Meta,USA,America/New_York,2026-06-08 09:35,2026-06-08 11:52,AD-12,US_SHIFT,2,Y,Y,N
L102802,Meta,India,Asia/Kolkata,2026-06-22 01:19,2026-06-22 14:14,AD-12,US_SHIFT,0,Y,Y,N
L102803,Meta,UK,Europe/London,2026-07-25 14:12,2026-07-27 03:03,AD-05,IST_SHIFT,2,Y,Y,N
L102804,Meta,Vietnam,Asia/Ho_Chi_Minh,2026-07-23 19:08,,AD-09,IST_SHIFT,2,N,N,N
L102806,DSA,USA,America/New_York,2026-07-07 18:06,2026-07-08 22:44,AD-11,SEA_SHIFT,0,Y,Y,Y
L102807,Meta,USA,America/New_York,2026-07-07 10:46,2026-07-11 18:03,AD-01,US_SHIFT,2,Y,Y,N
L102808,Meta,Vietnam,Asia/Ho_Chi_Minh,2026-07-20 22:56,2026-07-23 05:44,AD-06,IST_SHIFT,2,Y,Y,N
L102809,Meta,India,Asia/Kolkata,2026-07-13 23:27,,AD-03,US_SHIFT,0,N,N,N
L102810,Affiliate,UK,Europe/London,2026-06-03 04:41,2026-06-04 12:02,AD-05,IST_SHIFT,2,Y,Y,Y
L102811,Affiliate,UK,Europe/London,2026-07-16 22:12,,AD-02,US_SHIFT,1,N,N,N
L102812,Organic,UAE,Asia/Dubai,2026-07-10 06:48,2026-07-12 04:54,AD-12,US_SHIFT,0,N,N,N
L102814,Google,Vietnam,Asia/Ho_Chi_Minh,2026-06-21 07:03,2026-06-23 05:26,AD-10,SEA_SHIFT,0,Y,N,N
L102815,Meta,UAE,Asia/Dubai,2026-06-17 08:27,,AD-03,US_SHIFT,3,N,N,N
L102816,Organic,Singapore,Asia/Singapore,2026-06-09 23:39,,AD-10,SEA_SHIFT,1,N,N,N
L102817,Google,Vietnam,Asia/Ho_Chi_Minh,2026-07-15 06:50,2026-07-17 04:26,AD-10,SEA_SHIFT,3,N,N,N
L102818,Meta,Vietnam,Asia/Ho_Chi_Minh,2026-06-06 08:27,2026-06-10 17:58,AD-03,US_SHIFT,1,N,N,N
L102819,Google,Vietnam,Asia/Ho_Chi_Minh,2026-07-17 01:06,2026-07-21 13:58,AD-02,US_SHIFT,2,N,N,N
L102820,Organic,Saudi Arabia,Asia/Riyadh,2026-07-10 02:20,2026-07-11 22:02,AD-12,US_SHIFT,0,Y,Y,N
L102821,Google,USA,America/New_York,2026-06-30 19:47,,AD-05,IST_SHIFT,3,N,N,N
L102822,Meta,India,Asia/Kolkata,2026-06-08 00:19,,AD-05,IST_SHIFT,2,N,N,N
L102823,Organic,USA,America/New_York,2026-06-06 05:29,,AD-11,SEA_SHIFT,3,N,N,N
L102824,Meta,Vietnam,Asia/Ho_Chi_Minh,2026-07-22 00:58,2026-07-22 13:39,AD-05,IST_SHIFT,1,Y,Y,N
L102825,Google,UK,Europe/London,2026-07-07 17:16,2026-07-08 13:42,AD-11,SEA_SHIFT,0,Y,Y,N
L102826,Meta,UK,Europe/London,2026-06-07 12:08,2026-06-11 13:28,AD-07,IST_SHIFT,1,Y,Y,Y
L102828,Affiliate,USA,America/New_York,2026-07-19 18:56,2026-07-19 23:23,AD-04,US_SHIFT,0,N,N,N
L102829,Meta,Saudi Arabia,Asia/Riyadh,2026-07-08 23:38,2026-07-09 09:22,AD-07,IST_SHIFT,2,Y,Y,N
L102830,Organic,USA,America/New_York,2026-06-05 08:55,,AD-08,IST_SHIFT,0,N,N,N
L102831,DSA,India,Asia/Kolkata,2026-07-06 20:15,,AD-01,US_SHIFT,1,N,N,N
L102832,Google,UAE,Asia/Dubai,2026-07-06 20:13,,AD-02,US_SHIFT,2,N,N,N
L102833,Referral,USA,America/New_York,2026-06-09 02:27,2026-06-10 04:21,AD-05,IST_SHIFT,0,N,N,N
L102834,Meta,India,Asia/Kolkata,2026-06-10 07:48,2026-06-13 02:29,AD-07,IST_SHIFT,3,N,N,N
L102836,DSA,Singapore,Asia/Singapore,2026-06-21 07:11,2026-06-25 19:55,AD-12,US_SHIFT,0,Y,Y,N
L102837,Meta,USA,America/New_York,2026-07-06 00:35,,AD-02,US_SHIFT,1,N,N,N
L102839,Affiliate,USA,America/New_York,2026-07-06 20:55,,AD-10,SEA_SHIFT,1,N,N,N
L102840,DSA,Australia,Australia/Sydney,2026-07-20 06:54,2026-07-24 10:55,AD-06,IST_SHIFT,2,N,N,N
L102841,Organic,Saudi Arabia,Asia/Riyadh,2026-07-03 12:13,2026-07-06 00:56,AD-10,SEA_SHIFT,0,N,N,N
L102843,DSA,USA,America/New_York,2026-06-19 11:39,,AD-02,US_SHIFT,3,N,N,N
L102844,Meta,USA,America/New_York,2026-07-11 20:31,,AD-01,US_SHIFT,2,N,N,N
L102846,Referral,UK,Europe/London,2026-06-09 19:36,,AD-03,US_SHIFT,3,N,N,N
L102847,Google,USA,America/New_York,2026-07-05 15:39,2026-07-07 05:45,AD-04,US_SHIFT,2,N,N,N
L102848,Meta,Australia,Australia/Sydney,2026-06-03 05:41,2026-06-07 00:55,AD-04,US_SHIFT,3,Y,Y,N
L102849,Google,Australia,Australia/Sydney,2026-07-17 23:46,2026-07-19 00:01,AD-12,US_SHIFT,1,Y,N,N
L102850,DSA,USA,America/New_York,2026-07-29 05:22,2026-07-30 09:16,AD-07,IST_SHIFT,2,N,N,N
L102851,Meta,Singapore,Asia/Singapore,2026-07-10 01:24,,AD-12,US_SHIFT,0,N,N,N
L102852,Referral,USA,America/New_York,2026-07-11 00:18,2026-07-13 17:53,AD-09,IST_SHIFT,3,N,N,N
L102854,Organic,USA,America/New_York,2026-07-21 18:41,,AD-11,SEA_SHIFT,3,N,N,N
L102855,DSA,Singapore,Asia/Singapore,2026-06-27 21:06,,AD-08,IST_SHIFT,0,N,N,N
L102856,Meta,Australia,Australia/Sydney,2026-07-10 23:03,,AD-11,SEA_SHIFT,3,N,N,N
L102859,Affiliate,UK,Europe/London,2026-06-02 04:19,,AD-10,SEA_SHIFT,0,N,N,N
L102860,Google,USA,America/New_York,2026-06-20 18:31,2026-06-21 03:14,AD-03,US_SHIFT,0,Y,Y,N
L102861,Meta,USA,America/New_York,2026-07-12 14:37,2026-07-14 21:19,AD-12,US_SHIFT,2,Y,Y,N
L102863,Referral,USA,America/New_York,2026-06-06 23:01,2026-06-09 20:31,AD-09,IST_SHIFT,2,Y,Y,Y
L102865,Meta,UK,Europe/London,2026-07-23 19:01,2026-07-24 00:33,AD-05,IST_SHIFT,0,Y,Y,N
L102866,Referral,UK,Europe/London,2026-07-04 15:17,2026-07-06 07:30,AD-12,US_SHIFT,1,Y,Y,N
L102868,Organic,USA,America/New_York,2026-06-29 08:51,,AD-08,IST_SHIFT,2,N,N,N
L102869,Google,India,Asia/Kolkata,2026-07-28 11:10,,AD-05,IST_SHIFT,1,N,N,N
L102870,Meta,UK,Europe/London,2026-06-25 20:14,,AD-10,SEA_SHIFT,3,N,N,N
L102872,Google,India,Asia/Kolkata,2026-06-20 00:23,2026-06-22 22:52,AD-01,US_SHIFT,1,N,N,N
L102873,Affiliate,USA,America/New_York,2026-07-14 11:06,,AD-01,US_SHIFT,0,N,N,N
L102874,Meta,UK,Europe/London,2026-07-07 12:28,2026-07-11 17:41,AD-02,US_SHIFT,0,Y,Y,N
L102875,Google,USA,America/New_York,2026-06-20 23:47,2026-06-23 23:17,AD-01,US_SHIFT,1,N,N,N
L102876,Google,USA,America/New_York,2026-07-05 21:38,,AD-02,US_SHIFT,0,N,N,N
L102877,Meta,USA,America/New_York,2026-06-02 20:14,2026-06-03 13:58,AD-02,US_SHIFT,1,N,N,N
L102878,Google,Vietnam,Asia/Ho_Chi_Minh,2026-06-22 06:38,2026-06-22 13:09,AD-01,US_SHIFT,3,N,N,N
L102879,DSA,India,Asia/Kolkata,2026-06-28 22:07,2026-07-02 01:53,AD-06,IST_SHIFT,1,N,N,N
L102880,Organic,Vietnam,Asia/Ho_Chi_Minh,2026-06-14 07:20,2026-06-17 13:15,AD-04,US_SHIFT,1,N,N,N
L102882,Organic,USA,America/New_York,2026-06-01 21:49,2026-06-02 01:25,AD-08,IST_SHIFT,3,Y,N,N
L102883,Meta,USA,America/New_York,2026-06-08 23:41,2026-06-09 04:57,AD-08,IST_SHIFT,0,N,N,N
L102884,Affiliate,India,Asia/Kolkata,2026-06-08 10:03,,AD-11,SEA_SHIFT,1,N,N,N
L102885,Google,UK,Europe/London,2026-06-25 15:52,2026-06-25 23:42,AD-09,IST_SHIFT,1,Y,Y,N
L102888,Organic,UAE,Asia/Dubai,2026-07-03 08:08,2026-07-07 13:19,AD-12,US_SHIFT,1,N,N,N
L102890,Google,UK,Europe/London,2026-07-06 07:35,2026-07-10 16:21,AD-03,US_SHIFT,2,N,N,N
L102891,Google,USA,America/New_York,2026-06-24 19:46,2026-06-26 12:15,AD-03,US_SHIFT,0,Y,Y,N
L102894,Meta,USA,America/New_York,2026-06-14 08:08,2026-06-15 02:44,AD-10,SEA_SHIFT,2,Y,Y,N
L102895,Meta,Vietnam,Asia/Ho_Chi_Minh,2026-07-25 00:19,2026-07-26 09:49,AD-12,US_SHIFT,0,Y,N,N
L102896,Organic,Australia,Australia/Sydney,2026-07-27 08:05,,AD-05,IST_SHIFT,1,N,N,N
L102897,Meta,USA,America/New_York,2026-07-09 18:35,,AD-11,SEA_SHIFT,1,N,N,N
L102898,Meta,Vietnam,Asia/Ho_Chi_Minh,2026-07-07 17:33,,AD-09,IST_SHIFT,2,N,N,N
L102899,Affiliate,Australia,Australia/Sydney,2026-06-23 23:36,2026-06-27 10:05,AD-10,SEA_SHIFT,2,N,N,N
L102900,Meta,USA,America/New_York,2026-06-06 14:20,,AD-08,IST_SHIFT,1,N,N,N
L102901,Google,India,Asia/Kolkata,2026-06-12 16:32,2026-06-16 19:33,AD-11,SEA_SHIFT,2,Y,N,N
L102902,Meta,USA,America/New_York,2026-07-12 13:02,2026-07-13 01:23,AD-07,IST_SHIFT,2,Y,Y,N
L102903,Meta,Singapore,Asia/Singapore,2026-06-18 10:00,2026-06-20 08:17,AD-11,SEA_SHIFT,3,Y,Y,N
L102904,Meta,India,Asia/Kolkata,2026-06-14 15:48,,AD-06,IST_SHIFT,0,N,N,N
L102905,Google,UAE,Asia/Dubai,2026-07-02 09:08,,AD-02,US_SHIFT,1,N,N,N
L102906,Affiliate,India,Asia/Kolkata,2026-07-09 04:16,2026-07-13 17:55,AD-12,US_SHIFT,0,Y,Y,N
L102907,Affiliate,UAE,Asia/Dubai,2026-07-04 07:45,2026-07-06 01:46,AD-09,IST_SHIFT,3,Y,Y,N
L102908,Meta,USA,America/New_York,2026-06-26 13:39,2026-06-27 14:55,AD-08,IST_SHIFT,3,Y,Y,N
L102909,Meta,UAE,Asia/Dubai,2026-06-21 19:47,2026-06-22 05:53,AD-10,SEA_SHIFT,0,Y,Y,N
L102910,DSA,Saudi Arabia,Asia/Riyadh,2026-06-25 23:12,2026-06-30 18:18,AD-12,US_SHIFT,1,N,N,N
L102911,Organic,Saudi Arabia,Asia/Riyadh,2026-06-10 22:51,2026-06-15 21:01,AD-01,US_SHIFT,1,Y,Y,N
L102912,DSA,USA,America/New_York,2026-06-14 21:18,2026-06-16 11:55,AD-10,SEA_SHIFT,2,Y,Y,N
L102913,DSA,Vietnam,Asia/Ho_Chi_Minh,2026-06-01 00:52,2026-06-01 09:36,AD-04,US_SHIFT,2,N,N,N
L102914,Organic,UK,Europe/London,2026-06-12 19:16,2026-06-16 07:47,AD-08,IST_SHIFT,1,Y,Y,Y
L102915,Meta,USA,America/New_York,2026-06-15 01:48,,AD-11,SEA_SHIFT,1,N,N,N
L102917,Organic,USA,America/New_York,2026-07-07 15:40,2026-07-09 13:59,AD-05,IST_SHIFT,0,Y,Y,N
L102918,Google,USA,America/New_York,2026-07-23 20:01,2026-07-25 18:11,AD-10,SEA_SHIFT,1,Y,Y,Y
L102919,Google,UK,Europe/London,2026-07-26 04:25,2026-07-27 13:55,AD-08,IST_SHIFT,0,Y,Y,N
L102920,Meta,Vietnam,Asia/Ho_Chi_Minh,2026-07-30 10:53,2026-07-31 13:03,AD-11,SEA_SHIFT,2,Y,Y,N
L102922,Organic,Australia,Australia/Sydney,2026-07-19 02:14,2026-07-21 21:01,AD-07,IST_SHIFT,2,Y,Y,N
L102923,Meta,USA,America/New_York,2026-07-13 18:34,,AD-07,IST_SHIFT,0,N,N,N
L102924,DSA,India,Asia/Kolkata,2026-07-06 17:17,2026-07-06 19:45,AD-09,IST_SHIFT,1,Y,Y,N
L102925,Google,Australia,Australia/Sydney,2026-07-23 14:02,,AD-10,SEA_SHIFT,1,N,N,N
L102926,Meta,Vietnam,Asia/Ho_Chi_Minh,2026-06-03 19:29,2026-06-08 03:52,AD-08,IST_SHIFT,1,Y,Y,N
L102928,Meta,Vietnam,Asia/Ho_Chi_Minh,2026-07-10 04:43,,AD-03,US_SHIFT,3,N,N,N
L102929,Organic,Vietnam,Asia/Ho_Chi_Minh,2026-07-14 01:46,2026-07-14 23:26,AD-02,US_SHIFT,2,N,N,N
L102930,DSA,USA,America/New_York,2026-07-20 07:07,2026-07-21 03:45,AD-03,US_SHIFT,2,Y,Y,N
L102931,Google,UK,Europe/London,2026-06-04 04:10,,AD-03,US_SHIFT,1,N,N,N
L102932,Meta,Saudi Arabia,Asia/Riyadh,2026-06-21 05:49,2026-06-21 15:29,AD-09,IST_SHIFT,0,Y,Y,N
L102934,Google,USA,America/New_York,2026-06-15 11:21,,AD-11,SEA_SHIFT,1,N,N,N
L102935,Meta,India,Asia/Kolkata,2026-06-05 20:08,2026-06-06 08:52,AD-03,US_SHIFT,0,Y,Y,N
L102936,Google,USA,America/New_York,2026-06-25 07:35,,AD-04,US_SHIFT,3,N,N,N
L102937,Google,UAE,Asia/Dubai,2026-07-24 05:11,2026-07-24 20:04,AD-06,IST_SHIFT,3,N,N,N
L102938,DSA,Singapore,Asia/Singapore,2026-06-28 19:06,2026-06-30 02:07,AD-06,IST_SHIFT,2,Y,Y,N
L102939,Affiliate,Vietnam,Asia/Ho_Chi_Minh,2026-06-07 04:52,,AD-04,US_SHIFT,2,N,N,N
L102941,Google,UAE,Asia/Dubai,2026-06-15 00:43,,AD-12,US_SHIFT,0,N,N,N
L102942,Google,Saudi Arabia,Asia/Riyadh,2026-06-25 01:46,,AD-10,SEA_SHIFT,1,N,N,N
L102943,Google,India,Asia/Kolkata,2026-07-14 19:11,,AD-06,IST_SHIFT,3,N,N,N
L102944,Meta,UAE,Asia/Dubai,2026-07-04 19:14,2026-07-07 22:00,AD-09,IST_SHIFT,3,Y,Y,N
L102945,Google,India,Asia/Kolkata,2026-06-05 17:07,2026-06-09 20:07,AD-04,US_SHIFT,3,N,N,N
L102946,DSA,UK,Europe/London,2026-07-04 14:43,2026-07-06 04:56,AD-04,US_SHIFT,1,Y,N,N
L102947,Meta,India,Asia/Kolkata,2026-07-08 05:04,2026-07-09 16:01,AD-11,SEA_SHIFT,3,Y,Y,N
L102948,Meta,USA,America/New_York,2026-06-08 02:18,2026-06-12 17:34,AD-12,US_SHIFT,2,N,N,N
L102949,Meta,Saudi Arabia,Asia/Riyadh,2026-06-27 22:07,2026-06-28 11:11,AD-09,IST_SHIFT,2,N,N,N
L102950,Organic,UAE,Asia/Dubai,2026-06-03 01:16,2026-06-06 18:15,AD-09,IST_SHIFT,2,N,N,N
L102951,DSA,USA,America/New_York,2026-07-01 05:14,2026-07-01 21:56,AD-12,US_SHIFT,3,N,N,N
L102952,Google,UAE,Asia/Dubai,2026-07-06 02:04,,AD-11,SEA_SHIFT,1,N,N,N
L102953,Meta,USA,America/New_York,2026-06-23 07:12,2026-06-25 02:33,AD-01,US_SHIFT,3,Y,Y,N
L102954,Affiliate,Singapore,Asia/Singapore,2026-06-12 05:01,2026-06-16 07:24,AD-09,IST_SHIFT,2,N,N,N
L102955,Meta,USA,America/New_York,2026-07-11 21:52,2026-07-13 20:36,AD-05,IST_SHIFT,3,Y,Y,Y
L102956,Google,India,Asia/Kolkata,2026-06-13 02:41,2026-06-13 08:11,AD-08,IST_SHIFT,2,Y,Y,N
L102957,Organic,UK,Europe/London,2026-07-05 14:43,2026-07-07 09:06,AD-11,SEA_SHIFT,2,Y,Y,N
L102958,Google,UK,Europe/London,2026-06-13 13:37,2026-06-14 03:19,AD-02,US_SHIFT,1,Y,Y,N
L102959,DSA,Saudi Arabia,Asia/Riyadh,2026-07-08 04:24,,AD-02,US_SHIFT,0,N,N,N
L102960,DSA,Saudi Arabia,Asia/Riyadh,2026-06-07 05:29,2026-06-08 23:07,AD-01,US_SHIFT,1,Y,Y,N
L102962,Meta,USA,America/New_York,2026-07-07 19:23,2026-07-08 02:02,AD-01,US_SHIFT,0,Y,Y,N
L102963,Affiliate,USA,America/New_York,2026-06-09 04:41,,AD-09,IST_SHIFT,2,N,N,N
L102964,Meta,Vietnam,Asia/Ho_Chi_Minh,2026-06-25 07:49,2026-06-26 02:26,AD-09,IST_SHIFT,0,Y,Y,N
L102965,Meta,India,Asia/Kolkata,2026-07-23 19:04,2026-07-27 02:57,AD-01,US_SHIFT,2,Y,Y,N
L102966,Meta,Vietnam,Asia/Ho_Chi_Minh,2026-07-01 05:42,2026-07-03 21:55,AD-11,SEA_SHIFT,3,Y,Y,N
L102967,Referral,Vietnam,Asia/Ho_Chi_Minh,2026-06-03 09:53,2026-06-07 04:52,AD-09,IST_SHIFT,2,N,N,N
L102968,Meta,USA,America/New_York,2026-06-11 11:08,2026-06-12 10:10,AD-07,IST_SHIFT,0,N,N,N
L102969,Meta,India,Asia/Kolkata,2026-06-10 21:19,,AD-10,SEA_SHIFT,2,N,N,N
L102970,Google,Saudi Arabia,Asia/Riyadh,2026-06-14 20:13,2026-06-18 00:21,AD-06,IST_SHIFT,1,Y,Y,Y
L102971,Meta,Vietnam,Asia/Ho_Chi_Minh,2026-07-13 03:13,,AD-08,IST_SHIFT,2,N,N,N
L102972,Referral,Vietnam,Asia/Ho_Chi_Minh,2026-07-30 08:34,2026-07-31 20:32,AD-01,US_SHIFT,0,Y,Y,N
L102973,Referral,USA,America/New_York,2026-06-03 16:40,2026-06-07 17:51,AD-09,IST_SHIFT,3,N,N,N
L102974,Meta,UAE,Asia/Dubai,2026-07-20 18:47,2026-07-22 12:31,AD-06,IST_SHIFT,3,Y,Y,Y
L102975,Google,Singapore,Asia/Singapore,2026-07-01 12:42,2026-07-01 21:49,AD-02,US_SHIFT,1,Y,Y,N
L102977,Referral,Australia,Australia/Sydney,2026-07-06 16:39,2026-07-08 10:27,AD-01,US_SHIFT,3,N,N,N
L102978,Meta,UAE,Asia/Dubai,2026-06-18 00:21,,AD-07,IST_SHIFT,3,N,N,N
L102979,Meta,UAE,Asia/Dubai,2026-06-17 18:34,2026-06-21 13:24,AD-08,IST_SHIFT,1,Y,Y,Y
L102980,DSA,USA,America/New_York,2026-06-01 02:18,2026-06-01 06:23,AD-05,IST_SHIFT,1,Y,N,N
L102982,Meta,USA,America/New_York,2026-06-19 21:47,2026-06-23 12:48,AD-03,US_SHIFT,2,Y,Y,Y
L102983,Affiliate,Vietnam,Asia/Ho_Chi_Minh,2026-07-05 08:00,,AD-09,IST_SHIFT,3,N,N,N
L102984,Organic,USA,America/New_York,2026-06-08 05:53,2026-06-09 09:14,AD-07,IST_SHIFT,2,Y,Y,N
L102986,Meta,Vietnam,Asia/Ho_Chi_Minh,2026-06-26 10:52,2026-06-30 15:25,AD-06,IST_SHIFT,0,N,N,N
L102987,Meta,Vietnam,Asia/Ho_Chi_Minh,2026-06-09 14:54,2026-06-10 22:39,AD-01,US_SHIFT,2,Y,Y,Y
L102988,Google,Singapore,Asia/Singapore,2026-06-07 02:46,,AD-03,US_SHIFT,1,N,N,N
L102989,Organic,Australia,Australia/Sydney,2026-06-23 07:40,2026-06-24 05:26,AD-03,US_SHIFT,2,N,N,N
L102990,Google,UAE,Asia/Dubai,2026-06-19 06:09,2026-06-20 07:12,AD-07,IST_SHIFT,2,N,N,N
L102991,Google,USA,America/New_York,2026-07-14 06:21,2026-07-15 10:24,AD-11,SEA_SHIFT,3,Y,Y,N
L102992,Meta,India,Asia/Kolkata,2026-07-05 22:02,2026-07-07 23:14,AD-09,IST_SHIFT,2,N,N,N
L102993,Meta,Vietnam,Asia/Ho_Chi_Minh,2026-06-19 22:25,,AD-04,US_SHIFT,3,N,N,N
L102994,Affiliate,Vietnam,Asia/Ho_Chi_Minh,2026-06-28 15:00,2026-07-01 19:00,AD-03,US_SHIFT,2,N,N,N
L102995,Meta,UAE,Asia/Dubai,2026-07-16 15:48,2026-07-17 18:51,AD-08,IST_SHIFT,2,Y,Y,N
L102997,Meta,UAE,Asia/Dubai,2026-06-07 21:53,2026-06-09 09:43,AD-06,IST_SHIFT,3,Y,Y,N
L102998,Meta,Saudi Arabia,Asia/Riyadh,2026-07-03 18:20,,AD-08,IST_SHIFT,3,N,N,N
L102999,Organic,UAE,Asia/Dubai,2026-07-17 08:56,2026-07-19 06:36,AD-04,US_SHIFT,3,Y,Y,N
L103000,Meta,USA,America/New_York,2026-07-21 16:57,2026-07-21 21:52,AD-12,US_SHIFT,0,Y,Y,N
L103002,Meta,USA,America/New_York,2026-07-24 00:45,2026-07-24 05:14,AD-04,US_SHIFT,2,Y,Y,N
L103004,Google,Singapore,Asia/Singapore,2026-07-16 00:52,2026-07-20 23:47,AD-08,IST_SHIFT,3,Y,Y,N
L103005,Meta,USA,America/New_York,2026-06-07 23:01,2026-06-08 03:47,AD-06,IST_SHIFT,1,Y,Y,N
L103007,Meta,UK,Europe/London,2026-07-28 08:18,,AD-03,US_SHIFT,0,N,N,N
L103009,Meta,UK,Europe/London,2026-07-29 14:17,2026-08-02 06:21,AD-04,US_SHIFT,3,Y,N,N
L103010,Google,Australia,Australia/Sydney,2026-06-14 02:37,,AD-12,US_SHIFT,3,N,N,N
L103011,Google,USA,America/New_York,2026-07-24 10:48,2026-07-26 14:04,AD-10,SEA_SHIFT,0,N,N,N
L103012,Affiliate,Singapore,Asia/Singapore,2026-07-02 08:36,2026-07-03 11:38,AD-03,US_SHIFT,2,Y,Y,N
L103013,Google,USA,America/New_York,2026-07-25 04:44,,AD-10,SEA_SHIFT,3,N,N,N
L103014,Meta,UK,Europe/London,2026-06-03 20:52,,AD-09,IST_SHIFT,0,N,N,N
L103015,Affiliate,USA,America/New_York,2026-06-07 22:43,,AD-07,IST_SHIFT,1,N,N,N
L103016,Affiliate,India,Asia/Kolkata,2026-06-08 03:15,,AD-08,IST_SHIFT,0,N,N,N
L103017,Organic,USA,America/New_York,2026-06-15 17:41,,AD-09,IST_SHIFT,3,N,N,N
L103019,Affiliate,USA,America/New_York,2026-06-29 16:32,2026-07-02 21:30,AD-02,US_SHIFT,0,Y,Y,N
L103020,Google,USA,America/New_York,2026-07-23 04:36,2026-07-24 10:15,AD-05,IST_SHIFT,3,Y,Y,Y
L103022,Affiliate,UK,Europe/London,2026-06-18 17:20,,AD-02,US_SHIFT,2,N,N,N
L103023,Google,USA,America/New_York,2026-06-14 22:31,2026-06-16 14:56,AD-01,US_SHIFT,1,Y,N,N
L103024,Google,UK,Europe/London,2026-06-15 13:59,2026-06-18 14:41,AD-09,IST_SHIFT,2,Y,Y,N
L103026,Meta,USA,America/New_York,2026-06-28 08:25,,AD-01,US_SHIFT,0,N,N,N
L103027,Meta,Vietnam,Asia/Ho_Chi_Minh,2026-07-29 22:02,2026-07-31 01:38,AD-05,IST_SHIFT,0,Y,Y,Y
L103028,DSA,USA,America/New_York,2026-07-12 08:19,2026-07-13 22:37,AD-09,IST_SHIFT,2,Y,N,N
L103029,Affiliate,UK,Europe/London,2026-07-13 16:27,,AD-06,IST_SHIFT,3,N,N,N
L103030,Meta,Vietnam,Asia/Ho_Chi_Minh,2026-06-23 08:06,2026-06-24 15:17,AD-04,US_SHIFT,0,Y,Y,Y
L103031,Google,USA,America/New_York,2026-06-28 15:25,2026-06-30 06:04,AD-02,US_SHIFT,0,Y,Y,N
L103034,Meta,USA,America/New_York,2026-06-01 21:06,,AD-09,IST_SHIFT,2,N,N,N
L103035,DSA,USA,America/New_York,2026-07-28 17:34,2026-07-31 07:18,AD-05,IST_SHIFT,1,Y,Y,N
L103036,Affiliate,USA,America/New_York,2026-07-01 02:25,2026-07-01 06:03,AD-11,SEA_SHIFT,3,Y,Y,N
L103039,Google,Vietnam,Asia/Ho_Chi_Minh,2026-07-15 07:00,,AD-11,SEA_SHIFT,2,N,N,N
L103040,Google,Saudi Arabia,Asia/Riyadh,2026-06-24 21:43,2026-06-25 23:20,AD-09,IST_SHIFT,3,Y,Y,N
L103041,Meta,India,Asia/Kolkata,2026-06-25 06:54,2026-06-27 04:10,AD-12,US_SHIFT,2,Y,Y,N
L103042,Meta,Singapore,Asia/Singapore,2026-06-05 03:26,2026-06-06 22:02,AD-11,SEA_SHIFT,1,Y,Y,Y
L103043,Meta,UAE,Asia/Dubai,2026-07-19 23:32,,AD-02,US_SHIFT,3,N,N,N
L103044,Meta,UK,Europe/London,2026-07-19 14:05,,AD-11,SEA_SHIFT,1,N,N,N
L103045,Meta,India,Asia/Kolkata,2026-07-01 22:25,,AD-09,IST_SHIFT,0,N,N,N
L103046,Meta,Vietnam,Asia/Ho_Chi_Minh,2026-06-23 20:21,2026-06-24 02:15,AD-09,IST_SHIFT,0,N,N,N
L103047,Meta,India,Asia/Kolkata,2026-06-29 12:38,,AD-10,SEA_SHIFT,0,N,N,N
L103048,Google,Saudi Arabia,Asia/Riyadh,2026-06-07 02:00,,AD-02,US_SHIFT,2,N,N,N
L103049,Google,USA,America/New_York,2026-07-13 12:58,2026-07-13 21:02,AD-06,IST_SHIFT,2,Y,Y,Y
L103050,Meta,Australia,Australia/Sydney,2026-06-29 20:51,2026-06-30 06:32,AD-09,IST_SHIFT,0,Y,Y,Y
L103051,Google,India,Asia/Kolkata,2026-07-06 11:02,2026-07-11 05:03,AD-05,IST_SHIFT,1,Y,Y,N
L103053,Google,USA,America/New_York,2026-07-28 22:46,,AD-03,US_SHIFT,2,N,N,N
L103054,Meta,Australia,Australia/Sydney,2026-07-16 15:11,2026-07-17 08:44,AD-06,IST_SHIFT,3,N,N,N
L103055,Google,USA,America/New_York,2026-07-27 00:52,2026-07-27 21:16,AD-03,US_SHIFT,0,Y,Y,N
L103056,Google,USA,America/New_York,2026-06-26 19:55,,AD-11,SEA_SHIFT,1,N,N,N
L103057,Organic,UK,Europe/London,2026-06-08 13:19,,AD-06,IST_SHIFT,2,N,N,N
L103058,Meta,UK,Europe/London,2026-07-24 16:01,2026-07-25 12:05,AD-09,IST_SHIFT,3,N,N,N
L103059,Meta,USA,America/New_York,2026-07-28 14:32,,AD-06,IST_SHIFT,0,N,N,N
L103063,Affiliate,UAE,Asia/Dubai,2026-06-12 07:05,2026-06-14 09:01,AD-08,IST_SHIFT,3,Y,Y,N
L103064,Meta,Saudi Arabia,Asia/Riyadh,2026-06-04 19:36,2026-06-05 17:07,AD-05,IST_SHIFT,3,N,N,N
L103065,Google,UAE,Asia/Dubai,2026-06-27 01:26,2026-06-27 20:39,AD-04,US_SHIFT,2,Y,Y,N
L103066,Meta,USA,America/New_York,2026-06-26 01:23,2026-06-27 19:38,AD-03,US_SHIFT,0,Y,N,N
L103068,Google,Saudi Arabia,Asia/Riyadh,2026-07-26 16:01,,AD-02,US_SHIFT,1,N,N,N
L103069,Meta,India,Asia/Kolkata,2026-06-09 12:19,,AD-10,SEA_SHIFT,3,N,N,N
L103071,Google,Vietnam,Asia/Ho_Chi_Minh,2026-07-05 01:02,,AD-09,IST_SHIFT,2,N,N,N
L103072,DSA,UK,Europe/London,2026-07-20 14:43,,AD-07,IST_SHIFT,0,N,N,N
L103073,Google,India,Asia/Kolkata,2026-06-29 21:28,2026-07-01 00:11,AD-03,US_SHIFT,1,Y,N,N
L103074,Referral,India,Asia/Kolkata,2026-06-16 00:55,2026-06-18 11:44,AD-03,US_SHIFT,0,Y,Y,N
L103075,Affiliate,USA,America/New_York,2026-06-01 04:02,2026-06-03 21:57,AD-12,US_SHIFT,1,N,N,N
L103076,Organic,USA,America/New_York,2026-06-05 01:32,,AD-06,IST_SHIFT,3,N,N,N
L103077,DSA,USA,America/New_York,2026-06-27 06:18,,AD-03,US_SHIFT,3,N,N,N
L103078,Affiliate,USA,America/New_York,2026-07-02 07:00,2026-07-02 11:13,AD-01,US_SHIFT,0,N,N,N
L103079,Google,USA,America/New_York,2026-07-03 19:20,,AD-10,SEA_SHIFT,1,N,N,N
L103080,Affiliate,India,Asia/Kolkata,2026-07-05 11:36,2026-07-06 11:28,AD-02,US_SHIFT,1,N,N,N
L103081,Meta,Vietnam,Asia/Ho_Chi_Minh,2026-07-07 05:06,2026-07-08 04:11,AD-10,SEA_SHIFT,3,Y,Y,N
L103082,Meta,USA,America/New_York,2026-06-22 21:44,,AD-02,US_SHIFT,0,N,N,N
L103083,Meta,Vietnam,Asia/Ho_Chi_Minh,2026-07-17 19:38,,AD-07,IST_SHIFT,1,N,N,N
L103084,Organic,USA,America/New_York,2026-06-02 13:01,2026-06-04 02:13,AD-03,US_SHIFT,2,Y,Y,Y
L103085,Affiliate,Saudi Arabia,Asia/Riyadh,2026-06-03 16:19,,AD-09,IST_SHIFT,0,N,N,N
L103086,Meta,USA,America/New_York,2026-07-11 09:03,2026-07-12 21:57,AD-09,IST_SHIFT,2,Y,Y,N
L103088,DSA,UK,Europe/London,2026-07-26 13:49,,AD-05,IST_SHIFT,2,N,N,N
L103089,Meta,Australia,Australia/Sydney,2026-06-27 08:36,2026-06-27 21:23,AD-05,IST_SHIFT,1,Y,N,N
L103090,Meta,UK,Europe/London,2026-06-19 12:03,,AD-07,IST_SHIFT,1,N,N,N
L103091,Google,UAE,Asia/Dubai,2026-06-08 13:34,2026-06-12 17:28,AD-05,IST_SHIFT,2,N,N,N
L103093,Meta,India,Asia/Kolkata,2026-07-22 18:11,,AD-05,IST_SHIFT,0,N,N,N
L103094,Google,USA,America/New_York,2026-07-23 09:47,2026-07-25 07:55,AD-12,US_SHIFT,0,Y,Y,N
L103095,Referral,Australia,Australia/Sydney,2026-07-20 11:50,2026-07-24 03:12,AD-04,US_SHIFT,1,Y,Y,Y
L103096,Meta,USA,America/New_York,2026-06-25 07:27,2026-06-27 01:54,AD-10,SEA_SHIFT,1,Y,Y,Y
L103097,Organic,UAE,Asia/Dubai,2026-07-22 12:39,2026-07-26 08:13,AD-07,IST_SHIFT,2,N,N,N
L103098,DSA,USA,America/New_York,2026-06-23 11:07,2026-06-26 04:29,AD-04,US_SHIFT,0,N,N,N
L103099,Affiliate,USA,America/New_York,2026-07-03 09:33,2026-07-04 03:27,AD-05,IST_SHIFT,3,Y,Y,N
L103100,Meta,UK,Europe/London,2026-07-02 22:01,,AD-02,US_SHIFT,2,N,N,N
L103101,Google,Vietnam,Asia/Ho_Chi_Minh,2026-07-13 03:34,2026-07-16 11:19,AD-06,IST_SHIFT,2,N,N,N
L103102,Google,Vietnam,Asia/Ho_Chi_Minh,2026-06-22 11:51,2026-06-25 22:57,AD-05,IST_SHIFT,1,Y,Y,N
L103103,Meta,UAE,Asia/Dubai,2026-06-06 20:18,,AD-04,US_SHIFT,3,N,N,N
L103104,Organic,Australia,Australia/Sydney,2026-06-06 14:19,2026-06-08 04:25,AD-08,IST_SHIFT,0,Y,Y,N
L103106,Meta,UK,Europe/London,2026-07-05 00:11,2026-07-06 20:17,AD-03,US_SHIFT,2,Y,Y,N
L103107,Affiliate,Saudi Arabia,Asia/Riyadh,2026-06-06 10:57,,AD-06,IST_SHIFT,3,N,N,N
L103108,Google,USA,America/New_York,2026-06-21 08:15,,AD-11,SEA_SHIFT,3,N,N,N
L103109,Organic,USA,America/New_York,2026-06-07 20:24,,AD-10,SEA_SHIFT,3,N,N,N
L103110,Meta,Vietnam,Asia/Ho_Chi_Minh,2026-07-27 10:48,,AD-01,US_SHIFT,0,N,N,N
L103111,Organic,USA,America/New_York,2026-07-09 04:31,,AD-02,US_SHIFT,1,N,N,N
L103112,Meta,UK,Europe/London,2026-07-26 13:27,2026-07-30 13:05,AD-09,IST_SHIFT,1,N,N,N
L103113,DSA,Vietnam,Asia/Ho_Chi_Minh,2026-06-30 21:28,2026-07-04 01:27,AD-07,IST_SHIFT,0,Y,N,N
L103114,Affiliate,India,Asia/Kolkata,2026-06-25 04:50,,AD-05,IST_SHIFT,2,N,N,N
L103115,Google,UAE,Asia/Dubai,2026-07-24 05:32,,AD-10,SEA_SHIFT,3,N,N,N
L103116,Google,India,Asia/Kolkata,2026-07-17 02:45,2026-07-18 13:57,AD-03,US_SHIFT,1,Y,Y,Y
L103118,Meta,USA,America/New_York,2026-07-20 20:12,2026-07-21 03:48,AD-02,US_SHIFT,2,Y,Y,N
L103119,Meta,USA,America/New_York,2026-06-30 03:33,2026-07-01 19:02,AD-01,US_SHIFT,3,Y,Y,Y
L103120,Meta,UK,Europe/London,2026-07-21 21:28,2026-07-23 18:57,AD-02,US_SHIFT,0,Y,N,N
L103121,Meta,UAE,Asia/Dubai,2026-06-05 20:26,2026-06-08 13:18,AD-10,SEA_SHIFT,0,Y,Y,N
L103122,Meta,Vietnam,Asia/Ho_Chi_Minh,2026-06-22 22:27,2026-06-23 11:17,AD-12,US_SHIFT,0,N,N,N
L103124,Google,USA,America/New_York,2026-07-26 02:29,2026-07-27 03:00,AD-05,IST_SHIFT,0,N,N,N
L103127,Meta,India,Asia/Kolkata,2026-06-04 20:19,,AD-12,US_SHIFT,0,N,N,N
L103128,Meta,USA,America/New_York,2026-06-06 11:43,,AD-10,SEA_SHIFT,3,N,N,N
L103133,Meta,Singapore,Asia/Singapore,2026-07-15 06:56,2026-07-15 17:02,AD-04,US_SHIFT,0,N,N,N
L103136,Meta,USA,America/New_York,2026-06-14 15:10,2026-06-19 08:49,AD-03,US_SHIFT,0,Y,Y,N
L103137,Organic,Saudi Arabia,Asia/Riyadh,2026-06-24 22:02,2026-06-25 06:42,AD-02,US_SHIFT,2,Y,Y,N
L103139,Affiliate,USA,America/New_York,2026-07-11 15:02,2026-07-12 02:22,AD-12,US_SHIFT,1,Y,Y,N
L103140,Meta,India,Asia/Kolkata,2026-07-27 04:26,2026-07-31 09:18,AD-06,IST_SHIFT,3,Y,Y,N
L103141,Organic,India,Asia/Kolkata,2026-07-19 11:51,2026-07-23 18:30,AD-03,US_SHIFT,1,Y,Y,N
L103142,Meta,Saudi Arabia,Asia/Riyadh,2026-06-15 13:06,2026-06-16 11:05,AD-05,IST_SHIFT,3,Y,Y,N
L103143,Google,USA,America/New_York,2026-06-15 12:19,2026-06-15 20:41,AD-02,US_SHIFT,1,Y,Y,Y
L103144,Google,UK,Europe/London,2026-06-17 04:38,2026-06-17 17:25,AD-06,IST_SHIFT,0,N,N,N
L103145,Google,UK,Europe/London,2026-07-14 11:14,2026-07-15 13:46,AD-10,SEA_SHIFT,3,Y,Y,N
L103146,Meta,Singapore,Asia/Singapore,2026-06-28 18:44,2026-07-01 08:55,AD-07,IST_SHIFT,2,N,N,N
L103147,DSA,Vietnam,Asia/Ho_Chi_Minh,2026-07-28 06:25,,AD-08,IST_SHIFT,1,N,N,N
L103148,Google,Vietnam,Asia/Ho_Chi_Minh,2026-06-15 13:05,2026-06-16 11:51,AD-02,US_SHIFT,0,Y,Y,N
L103149,Google,UAE,Asia/Dubai,2026-06-16 09:39,,AD-09,IST_SHIFT,2,N,N,N
L103150,Meta,USA,America/New_York,2026-06-16 22:23,,AD-07,IST_SHIFT,2,N,N,N
L103151,Meta,UK,Europe/London,2026-07-03 17:56,2026-07-06 08:33,AD-03,US_SHIFT,2,Y,Y,Y
L103152,Referral,India,Asia/Kolkata,2026-07-03 17:47,,AD-08,IST_SHIFT,2,N,N,N
L103153,Meta,USA,America/New_York,2026-07-06 15:54,,AD-09,IST_SHIFT,0,N,N,N
L103154,Meta,USA,America/New_York,2026-06-14 07:09,2026-06-14 17:42,AD-01,US_SHIFT,2,Y,N,N
L103155,Organic,UAE,Asia/Dubai,2026-06-15 17:18,2026-06-18 07:03,AD-11,SEA_SHIFT,3,Y,Y,N
L103156,Meta,USA,America/New_York,2026-06-22 12:24,2026-06-24 09:13,AD-08,IST_SHIFT,1,Y,Y,N
L103157,Google,UAE,Asia/Dubai,2026-07-14 16:39,2026-07-17 10:03,AD-08,IST_SHIFT,0,Y,Y,N
L103158,Google,USA,America/New_York,2026-06-08 12:50,,AD-10,SEA_SHIFT,2,N,N,N
L103160,Meta,UAE,Asia/Dubai,2026-07-05 20:11,2026-07-06 12:48,AD-04,US_SHIFT,3,N,N,N
L103161,Affiliate,USA,America/New_York,2026-07-30 08:10,,AD-02,US_SHIFT,3,N,N,N
L103162,Meta,USA,America/New_York,2026-07-04 09:12,2026-07-05 19:51,AD-04,US_SHIFT,3,Y,Y,Y
L103163,Meta,Vietnam,Asia/Ho_Chi_Minh,2026-06-21 19:46,2026-06-22 00:26,AD-08,IST_SHIFT,1,Y,Y,N
L103164,Google,Singapore,Asia/Singapore,2026-06-21 15:33,,AD-06,IST_SHIFT,0,N,N,N
L103165,Affiliate,USA,America/New_York,2026-06-18 14:31,2026-06-22 11:38,AD-01,US_SHIFT,3,N,N,N
L103166,Meta,UAE,Asia/Dubai,2026-07-04 07:15,2026-07-08 06:23,AD-01,US_SHIFT,1,Y,Y,N
L103167,Meta,Saudi Arabia,Asia/Riyadh,2026-07-05 06:50,,AD-05,IST_SHIFT,3,N,N,N
L103168,Meta,Vietnam,Asia/Ho_Chi_Minh,2026-07-26 02:09,,AD-02,US_SHIFT,3,N,N,N
L103169,Google,Vietnam,Asia/Ho_Chi_Minh,2026-07-08 08:59,2026-07-11 02:05,AD-08,IST_SHIFT,2,Y,Y,N
L103170,Meta,Vietnam,Asia/Ho_Chi_Minh,2026-07-01 23:17,2026-07-02 10:25,AD-01,US_SHIFT,1,N,N,N
L103171,Meta,Singapore,Asia/Singapore,2026-07-07 01:30,2026-07-11 04:20,AD-12,US_SHIFT,3,Y,Y,N
L103172,Meta,India,Asia/Kolkata,2026-07-28 01:25,,AD-05,IST_SHIFT,1,N,N,N
L103173,DSA,Vietnam,Asia/Ho_Chi_Minh,2026-07-13 14:01,2026-07-14 14:22,AD-04,US_SHIFT,1,Y,Y,N
L103176,Meta,USA,America/New_York,2026-07-10 14:19,,AD-08,IST_SHIFT,1,N,N,N
L103177,Affiliate,USA,America/New_York,2026-07-16 16:26,2026-07-18 14:31,AD-11,SEA_SHIFT,0,Y,Y,Y
L103178,Meta,Vietnam,Asia/Ho_Chi_Minh,2026-07-19 07:43,,AD-12,US_SHIFT,0,N,N,N
L103181,Meta,Vietnam,Asia/Ho_Chi_Minh,2026-06-24 16:47,,AD-07,IST_SHIFT,0,N,N,N
L103182,Affiliate,Singapore,Asia/Singapore,2026-07-05 00:54,2026-07-06 13:16,AD-01,US_SHIFT,2,N,N,N
L103183,Meta,USA,America/New_York,2026-07-21 15:16,2026-07-23 17:43,AD-05,IST_SHIFT,2,N,N,N
L103184,Meta,India,Asia/Kolkata,2026-06-09 11:30,,AD-12,US_SHIFT,0,N,N,N
L103185,DSA,Saudi Arabia,Asia/Riyadh,2026-07-23 01:20,,AD-04,US_SHIFT,0,N,N,N
L103186,DSA,India,Asia/Kolkata,2026-07-01 20:48,,AD-06,IST_SHIFT,1,N,N,N
L103187,Google,Australia,Australia/Sydney,2026-07-08 16:57,2026-07-08 19:52,AD-02,US_SHIFT,0,Y,Y,N
L103188,Google,USA,America/New_York,2026-06-25 20:08,2026-06-26 10:02,AD-05,IST_SHIFT,2,Y,N,N
L103189,Google,Vietnam,Asia/Ho_Chi_Minh,2026-07-12 11:48,2026-07-13 05:28,AD-08,IST_SHIFT,1,N,N,N
L103191,Google,USA,America/New_York,2026-07-24 22:37,2026-07-26 09:32,AD-10,SEA_SHIFT,0,N,N,N
L103192,Referral,Vietnam,Asia/Ho_Chi_Minh,2026-07-14 16:14,,AD-01,US_SHIFT,3,N,N,N
L103193,Meta,USA,America/New_York,2026-06-30 16:05,2026-07-02 00:58,AD-05,IST_SHIFT,2,Y,Y,N
L103195,Affiliate,USA,America/New_York,2026-07-02 12:15,2026-07-06 13:45,AD-08,IST_SHIFT,2,N,N,N
L103196,Google,Vietnam,Asia/Ho_Chi_Minh,2026-06-21 01:20,2026-06-22 14:48,AD-06,IST_SHIFT,1,Y,Y,N
L103198,Meta,USA,America/New_York,2026-06-28 17:40,,AD-03,US_SHIFT,3,N,N,N
L103200,Google,USA,America/New_York,2026-07-18 02:29,,AD-09,IST_SHIFT,1,N,N,N
L103201,DSA,Vietnam,Asia/Ho_Chi_Minh,2026-07-14 02:30,,AD-01,US_SHIFT,0,N,N,N
L103202,Referral,USA,America/New_York,2026-07-02 09:53,2026-07-05 01:47,AD-12,US_SHIFT,2,Y,N,N
L103203,Google,Saudi Arabia,Asia/Riyadh,2026-07-24 00:56,2026-07-26 12:53,AD-10,SEA_SHIFT,2,Y,Y,N
L103204,DSA,USA,America/New_York,2026-07-26 15:59,2026-07-28 14:42,AD-06,IST_SHIFT,2,N,N,N
L103205,Organic,UK,Europe/London,2026-07-05 20:04,,AD-03,US_SHIFT,2,N,N,N
L103206,Referral,Vietnam,Asia/Ho_Chi_Minh,2026-06-03 04:47,2026-06-06 12:50,AD-07,IST_SHIFT,1,Y,Y,N
L103207,Google,USA,America/New_York,2026-07-20 17:12,2026-07-22 22:48,AD-04,US_SHIFT,0,Y,Y,N
L103208,Meta,Saudi Arabia,Asia/Riyadh,2026-07-20 22:12,,AD-12,US_SHIFT,0,N,N,N
L103209,Affiliate,USA,America/New_York,2026-06-18 09:03,2026-06-22 19:33,AD-07,IST_SHIFT,3,N,N,N
L103210,Google,Vietnam,Asia/Ho_Chi_Minh,2026-06-03 10:45,2026-06-05 06:12,AD-11,SEA_SHIFT,1,Y,Y,N
L103211,Referral,India,Asia/Kolkata,2026-07-19 05:08,,AD-07,IST_SHIFT,0,N,N,N
L103212,Affiliate,UK,Europe/London,2026-06-12 20:12,,AD-07,IST_SHIFT,1,N,N,N
L103213,Meta,India,Asia/Kolkata,2026-07-28 17:54,2026-07-31 02:39,AD-04,US_SHIFT,0,N,N,N
L103214,Google,USA,America/New_York,2026-07-11 02:16,2026-07-13 09:24,AD-12,US_SHIFT,2,Y,Y,N
L103216,Meta,UAE,Asia/Dubai,2026-07-17 01:00,2026-07-18 17:33,AD-10,SEA_SHIFT,1,Y,N,N
L103217,Meta,UAE,Asia/Dubai,2026-06-08 10:51,2026-06-10 02:10,AD-09,IST_SHIFT,1,Y,Y,N
L103218,Meta,Vietnam,Asia/Ho_Chi_Minh,2026-07-21 05:43,2026-07-22 01:39,AD-03,US_SHIFT,1,Y,Y,Y
L103219,Meta,USA,America/New_York,2026-07-18 11:25,2026-07-19 05:30,AD-03,US_SHIFT,0,Y,Y,N
L103220,Meta,USA,America/New_York,2026-06-20 23:16,2026-06-21 17:21,AD-12,US_SHIFT,3,N,N,N
L103221,Google,USA,America/New_York,2026-06-30 22:35,2026-07-02 01:41,AD-03,US_SHIFT,3,N,N,N
L103222,Affiliate,Singapore,Asia/Singapore,2026-07-17 08:33,,AD-08,IST_SHIFT,3,N,N,N
L103223,Meta,UAE,Asia/Dubai,2026-07-18 08:30,2026-07-18 13:45,AD-02,US_SHIFT,1,Y,Y,N
L103225,Meta,USA,America/New_York,2026-06-05 09:40,2026-06-05 13:24,AD-04,US_SHIFT,1,Y,Y,N
L103226,Meta,UAE,Asia/Dubai,2026-06-03 07:16,2026-06-07 15:00,AD-07,IST_SHIFT,0,Y,Y,N
L103228,Meta,Vietnam,Asia/Ho_Chi_Minh,2026-06-12 22:11,,AD-09,IST_SHIFT,0,N,N,N
L103229,DSA,USA,America/New_York,2026-07-28 04:40,2026-07-29 09:46,AD-01,US_SHIFT,0,Y,Y,Y
L103230,DSA,UAE,Asia/Dubai,2026-07-18 11:29,2026-07-22 19:52,AD-02,US_SHIFT,2,Y,Y,Y
L103231,Affiliate,UK,Europe/London,2026-06-27 15:41,2026-06-29 22:36,AD-07,IST_SHIFT,2,Y,Y,N
L103232,Referral,Australia,Australia/Sydney,2026-07-17 14:04,2026-07-20 21:20,AD-09,IST_SHIFT,1,Y,Y,N
L103233,Organic,USA,America/New_York,2026-06-14 21:26,2026-06-16 02:34,AD-05,IST_SHIFT,2,Y,Y,N
L103234,Google,Vietnam,Asia/Ho_Chi_Minh,2026-07-03 09:03,2026-07-04 07:40,AD-11,SEA_SHIFT,0,N,N,N
L103236,Meta,USA,America/New_York,2026-07-03 05:44,2026-07-03 22:52,AD-01,US_SHIFT,3,N,N,N
L103237,Affiliate,Vietnam,Asia/Ho_Chi_Minh,2026-06-06 20:47,2026-06-07 01:14,AD-03,US_SHIFT,3,Y,Y,Y
L103238,Meta,USA,America/New_York,2026-06-30 23:18,2026-07-02 06:37,AD-01,US_SHIFT,2,N,N,N
L103239,Meta,Saudi Arabia,Asia/Riyadh,2026-07-17 00:58,2026-07-17 16:50,AD-04,US_SHIFT,3,N,N,N
L103240,Meta,Vietnam,Asia/Ho_Chi_Minh,2026-06-26 17:25,,AD-03,US_SHIFT,0,N,N,N
L103241,Meta,India,Asia/Kolkata,2026-07-21 12:10,2026-07-23 09:58,AD-08,IST_SHIFT,3,Y,Y,N
L103242,Meta,USA,America/New_York,2026-06-20 04:38,2026-06-24 17:32,AD-05,IST_SHIFT,2,N,N,N
L103243,Google,India,Asia/Kolkata,2026-06-07 11:27,2026-06-08 18:15,AD-02,US_SHIFT,2,N,N,N
L103245,Meta,UK,Europe/London,2026-07-05 18:54,2026-07-09 09:59,AD-02,US_SHIFT,1,Y,Y,Y
L103246,Referral,USA,America/New_York,2026-07-24 06:53,2026-07-25 06:59,AD-01,US_SHIFT,0,N,N,N
L103247,Referral,UAE,Asia/Dubai,2026-07-15 15:26,,AD-07,IST_SHIFT,0,N,N,N
L103248,Meta,UAE,Asia/Dubai,2026-07-26 14:48,2026-07-27 04:08,AD-01,US_SHIFT,1,Y,Y,N
L103249,Meta,USA,America/New_York,2026-06-30 11:43,2026-07-05 09:19,AD-02,US_SHIFT,1,Y,Y,N
L103250,Meta,Singapore,Asia/Singapore,2026-07-03 01:41,2026-07-03 07:45,AD-06,IST_SHIFT,2,Y,Y,N
L103251,Google,USA,America/New_York,2026-07-02 22:48,2026-07-05 02:27,AD-12,US_SHIFT,0,N,N,N
L103252,Referral,Singapore,Asia/Singapore,2026-06-08 09:34,2026-06-11 05:57,AD-03,US_SHIFT,0,Y,Y,N
L103253,Meta,Saudi Arabia,Asia/Riyadh,2026-07-27 17:42,2026-07-31 13:17,AD-10,SEA_SHIFT,2,N,N,N
L103254,Meta,UK,Europe/London,2026-07-09 01:23,2026-07-10 20:03,AD-11,SEA_SHIFT,3,Y,Y,Y
L103256,Google,UK,Europe/London,2026-06-30 06:55,,AD-04,US_SHIFT,0,N,N,N
L103257,Meta,India,Asia/Kolkata,2026-06-18 17:13,2026-06-18 20:15,AD-06,IST_SHIFT,2,Y,Y,N
L103258,Meta,USA,America/New_York,2026-07-02 06:42,2026-07-04 09:47,AD-08,IST_SHIFT,1,Y,Y,N
L103259,Meta,Vietnam,Asia/Ho_Chi_Minh,2026-06-01 14:03,2026-06-02 06:48,AD-05,IST_SHIFT,2,N,N,N
L103260,Organic,USA,America/New_York,2026-07-04 08:27,,AD-06,IST_SHIFT,2,N,N,N
L103261,DSA,Vietnam,Asia/Ho_Chi_Minh,2026-06-24 21:21,2026-06-26 14:12,AD-06,IST_SHIFT,1,Y,Y,N
L103263,Meta,Saudi Arabia,Asia/Riyadh,2026-06-24 20:21,2026-06-26 00:35,AD-08,IST_SHIFT,3,Y,Y,N
L103264,Meta,Saudi Arabia,Asia/Riyadh,2026-07-08 10:43,2026-07-09 23:28,AD-12,US_SHIFT,1,Y,Y,N
L103265,Referral,UAE,Asia/Dubai,2026-06-26 12:12,2026-06-30 23:19,AD-09,IST_SHIFT,2,Y,Y,Y
L103266,Google,Vietnam,Asia/Ho_Chi_Minh,2026-07-25 08:40,2026-07-27 23:15,AD-04,US_SHIFT,2,Y,Y,N
L103267,DSA,USA,America/New_York,2026-06-13 00:05,2026-06-13 16:35,AD-05,IST_SHIFT,1,Y,N,N
L103268,Meta,USA,America/New_York,2026-07-07 15:09,2026-07-09 05:08,AD-01,US_SHIFT,2,Y,N,N
L103269,Meta,Saudi Arabia,Asia/Riyadh,2026-07-11 02:22,2026-07-13 15:31,AD-09,IST_SHIFT,1,N,N,N
L103270,Meta,Saudi Arabia,Asia/Riyadh,2026-06-22 16:57,,AD-01,US_SHIFT,3,N,N,N
L103271,Meta,USA,America/New_York,2026-06-19 22:20,2026-06-22 18:08,AD-03,US_SHIFT,3,N,N,N
L103272,Google,Australia,Australia/Sydney,2026-07-15 15:52,,AD-07,IST_SHIFT,0,N,N,N
L103273,Google,Singapore,Asia/Singapore,2026-07-22 13:40,2026-07-25 15:55,AD-04,US_SHIFT,2,N,N,N
L103274,Referral,UAE,Asia/Dubai,2026-06-12 08:09,2026-06-14 21:34,AD-07,IST_SHIFT,2,N,N,N
L103275,Meta,USA,America/New_York,2026-07-22 04:22,2026-07-23 04:47,AD-12,US_SHIFT,0,N,N,N
L103277,Meta,USA,America/New_York,2026-06-06 00:28,,AD-01,US_SHIFT,1,N,N,N
L103278,Meta,Vietnam,Asia/Ho_Chi_Minh,2026-07-06 02:09,,AD-02,US_SHIFT,0,N,N,N
L103279,Meta,Vietnam,Asia/Ho_Chi_Minh,2026-06-18 12:46,2026-06-19 03:31,AD-12,US_SHIFT,0,Y,Y,Y
L103280,Organic,UK,Europe/London,2026-07-11 06:58,2026-07-12 22:16,AD-07,IST_SHIFT,3,N,N,N
L103281,Organic,UAE,Asia/Dubai,2026-06-06 23:17,2026-06-07 02:43,AD-07,IST_SHIFT,2,N,N,N
L103282,Meta,USA,America/New_York,2026-06-25 22:10,,AD-08,IST_SHIFT,1,N,N,N
L103284,Meta,Singapore,Asia/Singapore,2026-07-11 13:14,2026-07-14 23:43,AD-02,US_SHIFT,0,Y,Y,N
L103285,Google,USA,America/New_York,2026-06-27 05:40,,AD-03,US_SHIFT,1,N,N,N
L103286,Google,USA,America/New_York,2026-06-17 10:24,2026-06-18 20:45,AD-02,US_SHIFT,1,Y,Y,N
L103287,Meta,USA,America/New_York,2026-06-16 19:14,2026-06-18 10:59,AD-11,SEA_SHIFT,1,Y,Y,N
L103288,Google,Australia,Australia/Sydney,2026-06-04 17:42,2026-06-06 03:50,AD-10,SEA_SHIFT,3,Y,Y,N
L103289,Meta,USA,America/New_York,2026-07-28 19:23,2026-07-29 23:30,AD-01,US_SHIFT,3,N,N,N
L103290,Organic,UAE,Asia/Dubai,2026-07-14 12:44,2026-07-15 15:22,AD-01,US_SHIFT,1,Y,Y,N
L103291,Affiliate,USA,America/New_York,2026-07-08 19:54,2026-07-09 11:57,AD-12,US_SHIFT,1,Y,N,N
L103292,Meta,USA,America/New_York,2026-06-11 08:15,2026-06-12 00:57,AD-09,IST_SHIFT,1,Y,N,N
L103293,Meta,UAE,Asia/Dubai,2026-06-24 12:02,2026-06-28 07:16,AD-03,US_SHIFT,2,Y,Y,N
L103294,Meta,USA,America/New_York,2026-06-06 06:11,,AD-03,US_SHIFT,0,N,N,N
L103295,Meta,UAE,Asia/Dubai,2026-06-10 11:49,2026-06-12 17:06,AD-09,IST_SHIFT,2,Y,Y,N
L103296,Google,UK,Europe/London,2026-07-19 04:26,2026-07-20 16:51,AD-08,IST_SHIFT,2,Y,N,N
L103297,Organic,Australia,Australia/Sydney,2026-07-11 13:16,,AD-09,IST_SHIFT,3,N,N,N
L103298,Google,Saudi Arabia,Asia/Riyadh,2026-06-03 19:01,2026-06-06 12:48,AD-04,US_SHIFT,2,N,N,N
L103299,Affiliate,Vietnam,Asia/Ho_Chi_Minh,2026-06-25 17:12,,AD-12,US_SHIFT,3,N,N,N
L103300,Meta,USA,America/New_York,2026-06-29 14:46,,AD-03,US_SHIFT,1,N,N,N
L103301,Meta,USA,America/New_York,2026-07-03 15:43,2026-07-04 01:07,AD-11,SEA_SHIFT,2,N,N,N
L103302,Google,UK,Europe/London,2026-07-14 01:56,2026-07-18 17:09,AD-10,SEA_SHIFT,1,Y,Y,N
L103304,Affiliate,USA,America/New_York,2026-07-16 03:04,,AD-12,US_SHIFT,3,N,N,N
L103305,Organic,UAE,Asia/Dubai,2026-07-09 02:25,2026-07-13 18:23,AD-07,IST_SHIFT,2,N,N,N
L103306,Affiliate,USA,America/New_York,2026-07-15 22:43,,AD-06,IST_SHIFT,0,N,N,N
L103307,Organic,USA,America/New_York,2026-06-29 05:37,,AD-04,US_SHIFT,1,N,N,N
L103308,Google,USA,America/New_York,2026-06-13 09:50,2026-06-16 18:17,AD-03,US_SHIFT,1,Y,Y,N
L103310,Meta,USA,America/New_York,2026-07-14 08:26,,AD-02,US_SHIFT,2,N,N,N
L103311,Affiliate,Vietnam,Asia/Ho_Chi_Minh,2026-07-02 17:47,2026-07-04 13:41,AD-09,IST_SHIFT,0,Y,Y,Y
L103312,Google,USA,America/New_York,2026-07-01 11:04,2026-07-05 03:50,AD-07,IST_SHIFT,0,Y,Y,N
L103314,Organic,Singapore,Asia/Singapore,2026-06-09 06:33,2026-06-09 19:59,AD-12,US_SHIFT,3,Y,Y,N
L103316,Meta,UK,Europe/London,2026-07-28 01:07,2026-07-28 05:10,AD-08,IST_SHIFT,1,Y,Y,N
L103317,Meta,UK,Europe/London,2026-07-01 23:12,2026-07-04 03:49,AD-03,US_SHIFT,2,Y,N,N
L103318,DSA,USA,America/New_York,2026-06-05 13:19,2026-06-06 09:16,AD-09,IST_SHIFT,2,N,N,N
L103319,Google,USA,America/New_York,2026-07-12 01:48,,AD-03,US_SHIFT,1,N,N,N
L103320,Google,UAE,Asia/Dubai,2026-07-14 15:51,,AD-05,IST_SHIFT,0,N,N,N
L103321,Affiliate,Singapore,Asia/Singapore,2026-06-23 19:23,2026-06-27 11:36,AD-10,SEA_SHIFT,0,N,N,N
L103322,Meta,Vietnam,Asia/Ho_Chi_Minh,2026-07-14 22:22,,AD-07,IST_SHIFT,3,N,N,N
L103323,Affiliate,UAE,Asia/Dubai,2026-06-08 14:17,,AD-12,US_SHIFT,3,N,N,N
L103325,Meta,USA,America/New_York,2026-07-23 16:00,,AD-02,US_SHIFT,2,N,N,N
L103327,Meta,UK,Europe/London,2026-07-04 11:43,2026-07-05 08:31,AD-04,US_SHIFT,0,Y,Y,N
L103330,Meta,Vietnam,Asia/Ho_Chi_Minh,2026-07-17 13:36,2026-07-18 01:53,AD-09,IST_SHIFT,1,Y,N,N
L103331,Meta,Saudi Arabia,Asia/Riyadh,2026-06-23 19:54,2026-06-25 10:09,AD-11,SEA_SHIFT,0,Y,N,N
L103332,Meta,Vietnam,Asia/Ho_Chi_Minh,2026-06-07 10:35,2026-06-07 20:45,AD-08,IST_SHIFT,0,Y,Y,N
L103333,DSA,Australia,Australia/Sydney,2026-07-21 05:36,,AD-05,IST_SHIFT,2,N,N,N
L103334,Meta,Singapore,Asia/Singapore,2026-07-15 12:54,2026-07-19 02:17,AD-07,IST_SHIFT,2,N,N,N
L103336,Organic,Vietnam,Asia/Ho_Chi_Minh,2026-06-11 17:12,,AD-12,US_SHIFT,0,N,N,N
L103337,Meta,UK,Europe/London,2026-07-12 18:48,2026-07-16 02:45,AD-03,US_SHIFT,0,N,N,N
L103338,Meta,USA,America/New_York,2026-07-03 13:27,2026-07-07 20:01,AD-02,US_SHIFT,3,N,N,N
L103339,Referral,UK,Europe/London,2026-06-30 09:18,2026-06-30 16:48,AD-01,US_SHIFT,3,Y,Y,N
L103341,Referral,USA,America/New_York,2026-07-16 09:15,2026-07-19 10:32,AD-05,IST_SHIFT,2,Y,Y,Y
L103342,Google,USA,America/New_York,2026-07-27 22:26,2026-07-28 18:00,AD-09,IST_SHIFT,0,Y,Y,N
L103343,Meta,Australia,Australia/Sydney,2026-06-29 03:48,2026-07-02 18:36,AD-08,IST_SHIFT,0,Y,Y,N
L103344,Google,UK,Europe/London,2026-07-16 19:19,2026-07-16 21:39,AD-11,SEA_SHIFT,1,Y,N,N
L103345,Google,UAE,Asia/Dubai,2026-07-28 06:13,2026-07-30 20:14,AD-06,IST_SHIFT,2,Y,Y,N
L103346,Meta,USA,America/New_York,2026-07-02 08:58,2026-07-02 17:12,AD-07,IST_SHIFT,0,Y,Y,N
L103347,Google,USA,America/New_York,2026-07-28 16:16,2026-07-30 10:29,AD-02,US_SHIFT,3,N,N,N
L103348,Meta,India,Asia/Kolkata,2026-07-07 15:46,,AD-08,IST_SHIFT,2,N,N,N
L103349,DSA,India,Asia/Kolkata,2026-06-19 19:36,,AD-06,IST_SHIFT,2,N,N,N
L103350,Organic,Vietnam,Asia/Ho_Chi_Minh,2026-06-29 02:19,,AD-07,IST_SHIFT,3,N,N,N
L103351,Meta,Australia,Australia/Sydney,2026-06-09 10:52,,AD-10,SEA_SHIFT,1,N,N,N
L103352,Google,India,Asia/Kolkata,2026-06-21 17:05,2026-06-22 12:37,AD-10,SEA_SHIFT,0,Y,N,N
L103353,Meta,Vietnam,Asia/Ho_Chi_Minh,2026-06-10 04:11,2026-06-10 06:39,AD-12,US_SHIFT,3,N,N,N
L103354,Affiliate,USA,America/New_York,2026-07-25 20:15,,AD-08,IST_SHIFT,1,N,N,N
L103355,Affiliate,USA,America/New_York,2026-06-24 23:49,2026-06-26 09:16,AD-09,IST_SHIFT,0,Y,Y,N
L103356,DSA,Vietnam,Asia/Ho_Chi_Minh,2026-07-24 06:59,,AD-02,US_SHIFT,3,N,N,N
L103357,Referral,UK,Europe/London,2026-07-20 18:30,2026-07-21 02:08,AD-05,IST_SHIFT,3,N,N,N
L103358,Meta,USA,America/New_York,2026-07-24 22:44,2026-07-25 04:32,AD-11,SEA_SHIFT,0,Y,Y,Y
L103359,Affiliate,UK,Europe/London,2026-07-20 17:22,,AD-06,IST_SHIFT,1,N,N,N
L103361,Meta,Singapore,Asia/Singapore,2026-06-13 02:20,2026-06-17 19:39,AD-01,US_SHIFT,0,N,N,N
L103363,Meta,USA,America/New_York,2026-06-14 18:12,2026-06-15 10:22,AD-12,US_SHIFT,0,Y,Y,N
L103364,DSA,India,Asia/Kolkata,2026-06-20 10:24,,AD-03,US_SHIFT,0,N,N,N
L103365,Referral,Vietnam,Asia/Ho_Chi_Minh,2026-07-02 11:09,2026-07-03 21:09,AD-04,US_SHIFT,2,Y,Y,N
L103366,Google,USA,America/New_York,2026-06-25 09:23,2026-06-27 06:24,AD-12,US_SHIFT,3,Y,Y,N
L103367,Meta,UK,Europe/London,2026-06-02 10:27,2026-06-03 12:45,AD-10,SEA_SHIFT,0,Y,Y,N
L103369,Meta,USA,America/New_York,2026-07-22 20:18,,AD-10,SEA_SHIFT,1,N,N,N
L103370,Meta,USA,America/New_York,2026-07-06 15:54,2026-07-10 05:54,AD-07,IST_SHIFT,0,Y,Y,N
L103372,Google,Vietnam,Asia/Ho_Chi_Minh,2026-06-08 21:17,,AD-11,SEA_SHIFT,1,N,N,N
L103373,DSA,USA,America/New_York,2026-06-12 05:09,2026-06-17 02:49,AD-07,IST_SHIFT,2,N,N,N
L103374,Google,USA,America/New_York,2026-07-07 11:00,2026-07-08 08:30,AD-01,US_SHIFT,3,Y,Y,N
L103376,Google,Australia,Australia/Sydney,2026-07-03 02:08,2026-07-06 12:20,AD-08,IST_SHIFT,1,N,N,N
L103378,Google,Vietnam,Asia/Ho_Chi_Minh,2026-07-22 10:51,2026-07-24 22:06,AD-08,IST_SHIFT,2,Y,Y,N
L103379,DSA,UK,Europe/London,2026-07-05 18:56,2026-07-08 12:31,AD-01,US_SHIFT,1,Y,Y,N
L103380,Google,USA,America/New_York,2026-07-26 02:12,2026-07-27 04:31,AD-10,SEA_SHIFT,1,Y,Y,Y
L103381,Google,USA,America/New_York,2026-07-24 23:34,,AD-08,IST_SHIFT,2,N,N,N
L103382,Meta,Australia,Australia/Sydney,2026-07-19 13:45,,AD-01,US_SHIFT,1,N,N,N
L103385,Google,UK,Europe/London,2026-06-28 16:14,2026-07-01 02:31,AD-10,SEA_SHIFT,0,Y,Y,Y
L103386,Meta,USA,America/New_York,2026-07-21 06:09,,AD-03,US_SHIFT,3,N,N,N
L103387,Referral,UK,Europe/London,2026-07-24 04:00,,AD-02,US_SHIFT,2,N,N,N
L103388,Affiliate,USA,America/New_York,2026-07-09 06:22,2026-07-11 03:47,AD-04,US_SHIFT,0,N,N,N
L103389,Google,Vietnam,Asia/Ho_Chi_Minh,2026-06-18 00:01,2026-06-21 15:50,AD-09,IST_SHIFT,3,N,N,N
L103391,Affiliate,Vietnam,Asia/Ho_Chi_Minh,2026-06-03 16:44,2026-06-05 15:28,AD-04,US_SHIFT,1,Y,Y,N
L103392,Meta,India,Asia/Kolkata,2026-06-08 13:18,,AD-08,IST_SHIFT,3,N,N,N
L103393,Google,UAE,Asia/Dubai,2026-06-04 07:51,2026-06-08 06:51,AD-08,IST_SHIFT,1,N,N,N
L103394,Referral,UAE,Asia/Dubai,2026-07-02 17:36,,AD-05,IST_SHIFT,1,N,N,N
L103396,Meta,USA,America/New_York,2026-06-24 18:13,2026-06-29 11:16,AD-01,US_SHIFT,3,N,N,N
L103397,Meta,Singapore,Asia/Singapore,2026-06-04 19:21,2026-06-05 12:24,AD-11,SEA_SHIFT,0,N,N,N
L103398,Affiliate,Saudi Arabia,Asia/Riyadh,2026-07-07 15:08,,AD-05,IST_SHIFT,3,N,N,N
L103399,Meta,UAE,Asia/Dubai,2026-07-07 18:09,2026-07-10 04:38,AD-08,IST_SHIFT,0,Y,Y,N
L103400,Affiliate,USA,America/New_York,2026-07-16 02:31,,AD-02,US_SHIFT,0,N,N,N
L103401,Meta,USA,America/New_York,2026-06-19 07:15,2026-06-19 10:45,AD-12,US_SHIFT,2,N,N,N
L103402,Meta,UAE,Asia/Dubai,2026-07-28 05:58,2026-08-02 03:39,AD-03,US_SHIFT,1,Y,Y,N
L103403,Organic,Australia,Australia/Sydney,2026-07-15 22:16,2026-07-17 10:35,AD-11,SEA_SHIFT,1,N,N,N
L103404,Meta,USA,America/New_York,2026-07-05 05:23,,AD-09,IST_SHIFT,2,N,N,N
L103407,Organic,USA,America/New_York,2026-06-10 06:47,2026-06-14 17:21,AD-12,US_SHIFT,3,Y,Y,N
L103408,Meta,USA,America/New_York,2026-07-12 12:09,2026-07-14 01:53,AD-02,US_SHIFT,1,Y,Y,N
L103409,Meta,Vietnam,Asia/Ho_Chi_Minh,2026-07-06 08:45,2026-07-07 20:44,AD-05,IST_SHIFT,2,Y,Y,N
L103410,Meta,Australia,Australia/Sydney,2026-07-22 08:39,2026-07-27 05:07,AD-03,US_SHIFT,2,Y,Y,N
L103411,Affiliate,Saudi Arabia,Asia/Riyadh,2026-06-29 08:41,2026-06-29 23:35,AD-09,IST_SHIFT,3,Y,Y,N
L103412,DSA,Vietnam,Asia/Ho_Chi_Minh,2026-07-29 03:40,,AD-03,US_SHIFT,3,N,N,N
L103413,Meta,India,Asia/Kolkata,2026-07-29 21:06,2026-07-31 18:48,AD-04,US_SHIFT,1,N,N,N
L103414,Meta,UAE,Asia/Dubai,2026-06-28 23:13,,AD-08,IST_SHIFT,0,N,N,N
L103415,Google,India,Asia/Kolkata,2026-07-06 05:18,2026-07-08 22:31,AD-11,SEA_SHIFT,0,N,N,N
L103416,Google,India,Asia/Kolkata,2026-07-03 04:46,,AD-09,IST_SHIFT,2,N,N,N
L103417,Meta,USA,America/New_York,2026-06-28 08:20,2026-06-28 11:53,AD-05,IST_SHIFT,3,Y,Y,Y
L103418,Meta,Vietnam,Asia/Ho_Chi_Minh,2026-07-09 04:33,2026-07-11 22:22,AD-12,US_SHIFT,1,Y,Y,N
L103419,Meta,UAE,Asia/Dubai,2026-07-11 00:50,2026-07-11 17:41,AD-09,IST_SHIFT,0,Y,N,N
L103420,Google,India,Asia/Kolkata,2026-06-28 13:57,2026-06-30 11:06,AD-03,US_SHIFT,0,Y,Y,N
L103421,Google,Saudi Arabia,Asia/Riyadh,2026-06-03 03:13,2026-06-03 09:45,AD-10,SEA_SHIFT,2,Y,Y,N
L103422,Organic,USA,America/New_York,2026-07-22 11:07,,AD-02,US_SHIFT,3,N,N,N
L103423,DSA,India,Asia/Kolkata,2026-06-15 02:27,,AD-11,SEA_SHIFT,0,N,N,N
L103424,Meta,UK,Europe/London,2026-06-14 21:46,2026-06-15 02:01,AD-08,IST_SHIFT,0,Y,Y,N
L103425,Meta,USA,America/New_York,2026-06-26 08:10,2026-06-27 01:22,AD-02,US_SHIFT,2,Y,Y,N
L103426,Meta,USA,America/New_York,2026-06-23 17:11,2026-06-23 22:37,AD-08,IST_SHIFT,3,Y,Y,Y
L103427,Meta,USA,America/New_York,2026-06-19 20:40,2026-06-23 04:55,AD-01,US_SHIFT,0,Y,Y,N
L103428,Meta,USA,America/New_York,2026-07-06 19:40,2026-07-08 05:49,AD-09,IST_SHIFT,2,Y,Y,N
L103429,Organic,USA,America/New_York,2026-07-23 20:56,,AD-11,SEA_SHIFT,2,N,N,N
L103430,Meta,USA,America/New_York,2026-06-22 02:15,2026-06-22 20:48,AD-06,IST_SHIFT,0,N,N,N
L103431,Meta,USA,America/New_York,2026-07-27 22:51,,AD-02,US_SHIFT,2,N,N,N
L103432,Google,UAE,Asia/Dubai,2026-06-12 00:00,,AD-08,IST_SHIFT,2,N,N,N
L103433,Meta,India,Asia/Kolkata,2026-07-24 16:09,,AD-03,US_SHIFT,0,N,N,N
L103434,Referral,Vietnam,Asia/Ho_Chi_Minh,2026-06-08 02:39,2026-06-08 08:01,AD-07,IST_SHIFT,3,Y,Y,N
L103435,Meta,India,Asia/Kolkata,2026-07-01 00:42,2026-07-01 18:08,AD-12,US_SHIFT,3,N,N,N
L103436,Meta,USA,America/New_York,2026-07-21 21:16,,AD-11,SEA_SHIFT,0,N,N,N
L103437,DSA,UK,Europe/London,2026-07-20 16:53,2026-07-22 13:40,AD-10,SEA_SHIFT,2,N,N,N
L103438,Meta,USA,America/New_York,2026-06-05 03:32,2026-06-07 23:32,AD-10,SEA_SHIFT,3,N,N,N
L103440,DSA,Singapore,Asia/Singapore,2026-06-15 20:12,2026-06-18 05:50,AD-03,US_SHIFT,1,Y,Y,N
L103441,Meta,UK,Europe/London,2026-06-25 15:37,2026-06-26 13:13,AD-11,SEA_SHIFT,0,Y,Y,N
L103442,Google,Vietnam,Asia/Ho_Chi_Minh,2026-06-06 12:08,,AD-01,US_SHIFT,2,N,N,N
L103443,Meta,Vietnam,Asia/Ho_Chi_Minh,2026-06-25 19:00,2026-06-27 00:45,AD-08,IST_SHIFT,1,Y,N,N
L103444,Meta,Saudi Arabia,Asia/Riyadh,2026-07-26 01:09,2026-07-27 17:19,AD-11,SEA_SHIFT,1,Y,Y,N
L103446,Google,Australia,Australia/Sydney,2026-06-08 21:02,,AD-03,US_SHIFT,1,N,N,N
L103447,Organic,Singapore,Asia/Singapore,2026-06-17 13:06,2026-06-22 00:52,AD-03,US_SHIFT,0,Y,Y,Y
L103448,Google,USA,America/New_York,2026-07-23 15:12,2026-07-24 18:08,AD-09,IST_SHIFT,3,Y,Y,N
L103450,Affiliate,USA,America/New_York,2026-06-26 01:24,,AD-01,US_SHIFT,2,N,N,N
L103451,DSA,USA,America/New_York,2026-07-28 00:05,,AD-01,US_SHIFT,1,N,N,N
L103452,Meta,UK,Europe/London,2026-06-10 11:44,2026-06-12 18:21,AD-09,IST_SHIFT,3,Y,Y,Y
L103453,Affiliate,USA,America/New_York,2026-07-18 14:25,2026-07-23 07:27,AD-11,SEA_SHIFT,1,N,N,N
L103454,Google,UAE,Asia/Dubai,2026-07-22 15:39,,AD-03,US_SHIFT,2,N,N,N
L103455,Meta,Saudi Arabia,Asia/Riyadh,2026-07-14 08:05,,AD-03,US_SHIFT,1,N,N,N
L103456,Referral,Australia,Australia/Sydney,2026-06-19 12:00,2026-06-20 06:46,AD-12,US_SHIFT,0,Y,N,N
L103458,DSA,UK,Europe/London,2026-06-17 16:16,2026-06-20 19:04,AD-09,IST_SHIFT,3,Y,Y,N
L103459,Organic,USA,America/New_York,2026-07-04 12:42,,AD-12,US_SHIFT,3,N,N,N
L103460,Google,Saudi Arabia,Asia/Riyadh,2026-06-04 13:17,,AD-10,SEA_SHIFT,0,N,N,N
L103461,Organic,UK,Europe/London,2026-07-24 06:40,,AD-04,US_SHIFT,0,N,N,N
L103462,DSA,UAE,Asia/Dubai,2026-06-23 04:36,2026-06-24 03:16,AD-07,IST_SHIFT,1,Y,Y,N
L103463,Google,UK,Europe/London,2026-07-10 00:11,,AD-07,IST_SHIFT,1,N,N,N
L103465,Affiliate,UK,Europe/London,2026-07-26 22:35,,AD-12,US_SHIFT,0,N,N,N
L103466,Meta,Vietnam,Asia/Ho_Chi_Minh,2026-06-14 02:01,2026-06-18 10:30,AD-09,IST_SHIFT,3,Y,Y,N
L103467,Affiliate,USA,America/New_York,2026-06-08 20:58,,AD-06,IST_SHIFT,3,N,N,N
L103468,Organic,USA,America/New_York,2026-07-02 08:20,2026-07-05 00:29,AD-05,IST_SHIFT,1,Y,Y,Y
L103469,Meta,USA,America/New_York,2026-07-13 04:02,2026-07-17 01:33,AD-05,IST_SHIFT,3,N,N,N
L103471,Meta,India,Asia/Kolkata,2026-07-25 05:10,,AD-09,IST_SHIFT,3,N,N,N
L103472,Affiliate,USA,America/New_York,2026-06-14 12:10,2026-06-15 10:59,AD-02,US_SHIFT,0,Y,Y,Y
L103473,Affiliate,USA,America/New_York,2026-06-03 05:03,2026-06-03 16:55,AD-10,SEA_SHIFT,3,Y,Y,Y
L103474,Meta,UAE,Asia/Dubai,2026-06-28 03:22,,AD-08,IST_SHIFT,3,N,N,N
L103475,Referral,Singapore,Asia/Singapore,2026-06-04 19:27,2026-06-06 22:51,AD-02,US_SHIFT,1,Y,Y,N
L103476,Affiliate,USA,America/New_York,2026-06-21 06:17,,AD-10,SEA_SHIFT,2,N,N,N
L103477,Meta,USA,America/New_York,2026-07-04 20:24,,AD-04,US_SHIFT,2,N,N,N
L103478,Google,Vietnam,Asia/Ho_Chi_Minh,2026-07-26 01:17,,AD-03,US_SHIFT,1,N,N,N
L103479,Google,India,Asia/Kolkata,2026-06-02 21:41,2026-06-03 00:27,AD-10,SEA_SHIFT,3,Y,Y,N
L103480,Meta,Vietnam,Asia/Ho_Chi_Minh,2026-07-15 09:13,2026-07-16 12:18,AD-02,US_SHIFT,3,Y,Y,N
L103481,Meta,Saudi Arabia,Asia/Riyadh,2026-07-02 19:49,2026-07-05 12:55,AD-10,SEA_SHIFT,1,Y,N,N
L103482,Affiliate,India,Asia/Kolkata,2026-07-29 18:09,2026-07-30 07:49,AD-07,IST_SHIFT,3,Y,Y,N
L103483,Meta,Vietnam,Asia/Ho_Chi_Minh,2026-06-22 08:06,2026-06-22 18:21,AD-09,IST_SHIFT,3,Y,Y,Y
L103485,Referral,UK,Europe/London,2026-07-20 05:49,,AD-07,IST_SHIFT,3,N,N,N
L103486,Google,USA,America/New_York,2026-06-10 03:01,2026-06-11 22:44,AD-08,IST_SHIFT,3,Y,Y,N
L103487,Referral,Australia,Australia/Sydney,2026-07-15 12:34,,AD-02,US_SHIFT,3,N,N,N
L103488,DSA,USA,America/New_York,2026-06-21 16:47,2026-06-22 21:36,AD-03,US_SHIFT,1,Y,Y,N
L103489,DSA,India,Asia/Kolkata,2026-07-20 01:58,2026-07-24 04:44,AD-04,US_SHIFT,1,Y,Y,N
L103491,Meta,Australia,Australia/Sydney,2026-07-05 14:25,,AD-05,IST_SHIFT,2,N,N,N
L103493,DSA,Saudi Arabia,Asia/Riyadh,2026-06-10 18:53,,AD-02,US_SHIFT,2,N,N,N
L103494,Google,UAE,Asia/Dubai,2026-07-27 07:31,2026-07-28 07:38,AD-09,IST_SHIFT,2,Y,Y,N
L103495,Meta,Singapore,Asia/Singapore,2026-06-17 14:05,,AD-02,US_SHIFT,2,N,N,N
L103496,Organic,India,Asia/Kolkata,2026-07-20 18:50,2026-07-25 17:44,AD-04,US_SHIFT,1,N,N,N
L103498,Meta,UK,Europe/London,2026-07-20 06:01,2026-07-25 04:15,AD-04,US_SHIFT,0,Y,Y,N
L103499,Meta,India,Asia/Kolkata,2026-06-29 05:16,,AD-01,US_SHIFT,0,N,N,N
L103500,Affiliate,Saudi Arabia,Asia/Riyadh,2026-07-02 09:43,2026-07-02 20:21,AD-04,US_SHIFT,0,N,N,N
L103501,Affiliate,USA,America/New_York,2026-06-23 05:57,2026-06-26 03:20,AD-04,US_SHIFT,1,Y,Y,N
L103502,Organic,Australia,Australia/Sydney,2026-07-11 22:34,,AD-02,US_SHIFT,2,N,N,N
L103504,Google,Vietnam,Asia/Ho_Chi_Minh,2026-07-25 19:20,,AD-05,IST_SHIFT,0,N,N,N
L103507,Affiliate,Vietnam,Asia/Ho_Chi_Minh,2026-07-01 16:20,2026-07-02 08:25,AD-09,IST_SHIFT,1,Y,Y,N
L103508,Meta,UK,Europe/London,2026-06-27 18:52,,AD-08,IST_SHIFT,3,N,N,N
L103509,Affiliate,USA,America/New_York,2026-07-12 19:27,2026-07-13 06:53,AD-12,US_SHIFT,1,N,N,N
L103510,Google,UK,Europe/London,2026-06-02 22:53,,AD-02,US_SHIFT,3,N,N,N
L103511,Google,Singapore,Asia/Singapore,2026-07-02 09:57,2026-07-03 05:18,AD-02,US_SHIFT,3,Y,Y,N
L103512,Meta,Vietnam,Asia/Ho_Chi_Minh,2026-06-13 13:55,2026-06-14 12:38,AD-04,US_SHIFT,1,N,N,N
L103513,Meta,UAE,Asia/Dubai,2026-06-02 12:29,,AD-06,IST_SHIFT,2,N,N,N
L103514,Meta,USA,America/New_York,2026-07-05 00:29,2026-07-05 16:55,AD-12,US_SHIFT,3,Y,Y,N
L103515,Organic,USA,America/New_York,2026-07-07 03:40,,AD-04,US_SHIFT,0,N,N,N
L103516,Google,India,Asia/Kolkata,2026-07-05 21:58,2026-07-06 21:28,AD-10,SEA_SHIFT,1,N,N,N
L103518,Affiliate,Vietnam,Asia/Ho_Chi_Minh,2026-07-27 07:49,,AD-01,US_SHIFT,1,N,N,N
L103519,Meta,UK,Europe/London,2026-06-06 03:49,2026-06-09 02:48,AD-01,US_SHIFT,0,Y,N,N
L103520,Affiliate,Saudi Arabia,Asia/Riyadh,2026-07-04 11:41,2026-07-05 04:28,AD-11,SEA_SHIFT,0,Y,N,N
L103521,Referral,Vietnam,Asia/Ho_Chi_Minh,2026-06-25 19:30,,AD-08,IST_SHIFT,2,N,N,N
L103522,Affiliate,UK,Europe/London,2026-06-09 23:03,2026-06-10 03:33,AD-03,US_SHIFT,2,Y,N,N
L103523,Meta,UAE,Asia/Dubai,2026-07-18 13:31,2026-07-22 12:45,AD-10,SEA_SHIFT,0,N,N,N
L103524,DSA,India,Asia/Kolkata,2026-07-05 09:21,,AD-10,SEA_SHIFT,3,N,N,N
L103525,Google,UAE,Asia/Dubai,2026-06-22 07:04,,AD-05,IST_SHIFT,3,N,N,N
L103526,Google,UAE,Asia/Dubai,2026-07-09 03:52,,AD-02,US_SHIFT,0,N,N,N
L103528,Google,USA,America/New_York,2026-07-26 09:31,2026-07-27 13:28,AD-05,IST_SHIFT,0,Y,Y,N
L103529,Organic,USA,America/New_York,2026-07-01 22:45,2026-07-02 13:57,AD-10,SEA_SHIFT,1,Y,N,N
L103530,Organic,India,Asia/Kolkata,2026-07-21 07:30,2026-07-23 03:12,AD-12,US_SHIFT,0,Y,Y,N
L103531,Meta,Vietnam,Asia/Ho_Chi_Minh,2026-06-09 02:46,2026-06-10 04:52,AD-10,SEA_SHIFT,3,Y,Y,N
L103532,Meta,UAE,Asia/Dubai,2026-06-22 04:37,,AD-02,US_SHIFT,2,N,N,N
L103533,Google,Singapore,Asia/Singapore,2026-07-28 18:22,2026-08-02 12:28,AD-02,US_SHIFT,1,Y,N,N
L103534,Google,USA,America/New_York,2026-07-16 01:09,,AD-02,US_SHIFT,2,N,N,N
L103535,Meta,Saudi Arabia,Asia/Riyadh,2026-07-21 11:08,,AD-08,IST_SHIFT,3,N,N,N
L103536,Organic,USA,America/New_York,2026-06-23 14:06,,AD-09,IST_SHIFT,1,N,N,N
L103537,Google,UK,Europe/London,2026-06-29 12:57,2026-07-03 00:10,AD-12,US_SHIFT,3,N,N,N
L103539,Meta,Singapore,Asia/Singapore,2026-07-20 19:28,2026-07-24 00:13,AD-05,IST_SHIFT,3,N,N,N
L103540,Meta,UK,Europe/London,2026-06-21 22:45,2026-06-22 12:31,AD-10,SEA_SHIFT,0,Y,N,N
L103541,Affiliate,UK,Europe/London,2026-06-17 14:52,2026-06-20 10:06,AD-01,US_SHIFT,1,Y,Y,Y
L103542,Affiliate,Saudi Arabia,Asia/Riyadh,2026-07-19 05:17,2026-07-19 22:51,AD-09,IST_SHIFT,3,Y,Y,Y
L103543,Meta,USA,America/New_York,2026-06-13 18:30,2026-06-14 07:59,AD-09,IST_SHIFT,1,Y,Y,N
L103544,Organic,Australia,Australia/Sydney,2026-07-11 21:34,,AD-08,IST_SHIFT,0,N,N,N
L103545,Meta,Australia,Australia/Sydney,2026-07-27 12:54,2026-07-28 18:28,AD-07,IST_SHIFT,0,Y,Y,N
L103546,Referral,USA,America/New_York,2026-06-21 19:23,,AD-05,IST_SHIFT,3,N,N,N
L103547,Meta,Saudi Arabia,Asia/Riyadh,2026-06-09 10:17,2026-06-11 00:56,AD-06,IST_SHIFT,1,Y,Y,Y
L103548,Google,Saudi Arabia,Asia/Riyadh,2026-06-03 21:07,2026-06-05 08:39,AD-06,IST_SHIFT,0,Y,Y,N
L103549,Meta,UK,Europe/London,2026-06-21 03:44,2026-06-22 12:03,AD-02,US_SHIFT,1,Y,Y,N
L103550,Google,USA,America/New_York,2026-06-09 19:49,2026-06-10 19:03,AD-06,IST_SHIFT,1,Y,Y,N
L103551,Meta,USA,America/New_York,2026-07-15 03:42,,AD-06,IST_SHIFT,3,N,N,N
L103552,Google,UK,Europe/London,2026-06-21 13:18,2026-06-22 19:57,AD-09,IST_SHIFT,1,Y,Y,N
L103553,Affiliate,India,Asia/Kolkata,2026-07-23 18:12,2026-07-28 11:27,AD-06,IST_SHIFT,1,N,N,N
L103554,Organic,USA,America/New_York,2026-06-05 15:49,2026-06-08 17:14,AD-12,US_SHIFT,1,N,N,N
L103555,Google,Vietnam,Asia/Ho_Chi_Minh,2026-06-08 23:21,,AD-03,US_SHIFT,0,N,N,N
L103556,Meta,UAE,Asia/Dubai,2026-07-12 10:46,2026-07-14 12:41,AD-01,US_SHIFT,2,N,N,N
L103558,Meta,Vietnam,Asia/Ho_Chi_Minh,2026-06-06 23:13,2026-06-11 13:23,AD-10,SEA_SHIFT,3,Y,Y,N
L103559,Google,India,Asia/Kolkata,2026-06-07 00:19,2026-06-07 10:08,AD-11,SEA_SHIFT,1,Y,Y,N
L103560,DSA,Singapore,Asia/Singapore,2026-06-20 22:51,,AD-11,SEA_SHIFT,2,N,N,N
L103561,Affiliate,USA,America/New_York,2026-06-28 06:02,2026-06-30 04:38,AD-03,US_SHIFT,0,Y,Y,N
L103562,Organic,Saudi Arabia,Asia/Riyadh,2026-06-26 02:43,2026-06-27 21:55,AD-03,US_SHIFT,2,Y,N,N
L103563,Organic,UAE,Asia/Dubai,2026-07-17 09:51,,AD-12,US_SHIFT,1,N,N,N
L103565,Organic,UK,Europe/London,2026-06-26 13:03,,AD-11,SEA_SHIFT,0,N,N,N
L103566,Google,Australia,Australia/Sydney,2026-07-28 15:06,2026-07-29 07:10,AD-04,US_SHIFT,2,Y,Y,N
L103567,Affiliate,Saudi Arabia,Asia/Riyadh,2026-06-23 18:03,,AD-04,US_SHIFT,2,N,N,N
L103568,Meta,UAE,Asia/Dubai,2026-07-03 16:48,,AD-07,IST_SHIFT,0,N,N,N
L103569,Google,USA,America/New_York,2026-07-24 01:24,,AD-01,US_SHIFT,1,N,N,N
L103570,Google,Saudi Arabia,Asia/Riyadh,2026-07-20 00:41,2026-07-21 00:57,AD-02,US_SHIFT,2,N,N,N
L103572,Meta,Saudi Arabia,Asia/Riyadh,2026-07-22 23:47,2026-07-23 03:49,AD-02,US_SHIFT,3,Y,Y,N
L103573,DSA,Vietnam,Asia/Ho_Chi_Minh,2026-07-20 02:55,2026-07-21 05:32,AD-02,US_SHIFT,3,Y,Y,Y
L103574,Google,UAE,Asia/Dubai,2026-07-10 16:14,2026-07-10 23:50,AD-10,SEA_SHIFT,0,N,N,N
L103575,Google,UAE,Asia/Dubai,2026-07-10 01:59,2026-07-11 05:18,AD-10,SEA_SHIFT,3,N,N,N
L103576,Google,UAE,Asia/Dubai,2026-07-12 17:13,,AD-11,SEA_SHIFT,0,N,N,N
L103577,Google,USA,America/New_York,2026-07-23 16:47,2026-07-25 02:43,AD-07,IST_SHIFT,1,Y,Y,N
L103578,Affiliate,UAE,Asia/Dubai,2026-06-12 19:46,2026-06-16 18:02,AD-06,IST_SHIFT,0,Y,N,N
L103579,DSA,Australia,Australia/Sydney,2026-07-27 04:20,2026-07-28 07:41,AD-01,US_SHIFT,2,N,N,N
L103580,Meta,USA,America/New_York,2026-07-05 15:57,,AD-10,SEA_SHIFT,2,N,N,N
L103581,Meta,Saudi Arabia,Asia/Riyadh,2026-06-22 10:01,2026-06-27 05:18,AD-07,IST_SHIFT,2,Y,Y,N
L103582,Google,Vietnam,Asia/Ho_Chi_Minh,2026-06-06 19:28,2026-06-08 13:10,AD-02,US_SHIFT,1,Y,Y,N
L103583,Meta,UAE,Asia/Dubai,2026-07-23 14:19,2026-07-25 12:51,AD-03,US_SHIFT,2,Y,Y,N
L103584,Meta,USA,America/New_York,2026-06-15 19:57,2026-06-17 14:04,AD-02,US_SHIFT,0,N,N,N
L103585,Meta,Singapore,Asia/Singapore,2026-07-09 20:40,2026-07-10 16:18,AD-03,US_SHIFT,0,Y,Y,Y
L103586,Meta,UAE,Asia/Dubai,2026-06-16 17:25,2026-06-17 11:57,AD-08,IST_SHIFT,3,Y,Y,N
L103587,Meta,USA,America/New_York,2026-06-19 21:22,2026-06-23 09:14,AD-09,IST_SHIFT,0,Y,Y,Y
L103588,Affiliate,Singapore,Asia/Singapore,2026-07-30 11:02,2026-07-31 05:55,AD-03,US_SHIFT,2,Y,Y,N
L103589,Meta,USA,America/New_York,2026-07-13 20:56,2026-07-15 04:15,AD-05,IST_SHIFT,2,N,N,N
L103590,Organic,UAE,Asia/Dubai,2026-07-19 03:56,,AD-01,US_SHIFT,3,N,N,N
L103591,Meta,Vietnam,Asia/Ho_Chi_Minh,2026-06-07 08:46,2026-06-09 07:19,AD-08,IST_SHIFT,2,N,N,N
L103592,Google,India,Asia/Kolkata,2026-06-02 14:59,,AD-05,IST_SHIFT,0,N,N,N
L103593,Google,USA,America/New_York,2026-06-24 22:30,2026-06-26 19:55,AD-04,US_SHIFT,2,Y,Y,N
L103594,Meta,USA,America/New_York,2026-06-30 16:24,2026-07-04 20:51,AD-10,SEA_SHIFT,2,Y,Y,Y
L103595,Google,Vietnam,Asia/Ho_Chi_Minh,2026-07-19 15:11,2026-07-22 00:15,AD-01,US_SHIFT,2,Y,Y,N
L103596,Google,Singapore,Asia/Singapore,2026-07-18 16:33,2026-07-22 00:15,AD-09,IST_SHIFT,3,N,N,N
L103597,Google,Saudi Arabia,Asia/Riyadh,2026-06-09 14:13,2026-06-09 21:19,AD-06,IST_SHIFT,3,Y,Y,N
L103599,Meta,USA,America/New_York,2026-06-16 00:43,2026-06-16 22:18,AD-03,US_SHIFT,0,N,N,N
L103600,Meta,USA,America/New_York,2026-07-02 16:32,,AD-05,IST_SHIFT,3,N,N,N
L103601,Organic,UK,Europe/London,2026-07-15 14:17,2026-07-16 19:40,AD-08,IST_SHIFT,2,N,N,N
L103602,Meta,Singapore,Asia/Singapore,2026-06-29 03:38,,AD-08,IST_SHIFT,0,N,N,N
L103603,Google,USA,America/New_York,2026-07-26 16:37,2026-07-29 05:54,AD-04,US_SHIFT,1,N,N,N
L103604,Meta,USA,America/New_York,2026-06-03 00:49,,AD-02,US_SHIFT,0,N,N,N
L103605,Meta,USA,America/New_York,2026-07-15 06:56,,AD-04,US_SHIFT,3,N,N,N
L103606,Google,Australia,Australia/Sydney,2026-06-26 23:52,,AD-11,SEA_SHIFT,1,N,N,N
L103607,Google,Vietnam,Asia/Ho_Chi_Minh,2026-06-09 13:17,,AD-06,IST_SHIFT,2,N,N,N
L103608,DSA,Vietnam,Asia/Ho_Chi_Minh,2026-06-20 16:59,2026-06-21 12:23,AD-07,IST_SHIFT,2,Y,Y,Y
L103610,Meta,USA,America/New_York,2026-06-22 14:48,2026-06-24 03:39,AD-01,US_SHIFT,0,N,N,N
L103611,Meta,USA,America/New_York,2026-06-09 17:25,2026-06-10 00:27,AD-02,US_SHIFT,3,N,N,N
L103614,DSA,Saudi Arabia,Asia/Riyadh,2026-07-14 22:53,2026-07-17 17:12,AD-02,US_SHIFT,1,Y,Y,N
L103615,Meta,USA,America/New_York,2026-07-16 02:58,2026-07-19 12:46,AD-01,US_SHIFT,2,N,N,N
L103616,Google,UAE,Asia/Dubai,2026-07-11 01:44,2026-07-15 21:16,AD-11,SEA_SHIFT,0,N,N,N
L103617,Meta,USA,America/New_York,2026-06-19 17:45,,AD-12,US_SHIFT,1,N,N,N
L103618,Meta,India,Asia/Kolkata,2026-07-08 02:04,,AD-08,IST_SHIFT,3,N,N,N
L103619,Organic,Saudi Arabia,Asia/Riyadh,2026-07-18 12:59,2026-07-20 09:27,AD-06,IST_SHIFT,0,Y,Y,N
L103620,Meta,UK,Europe/London,2026-07-03 20:07,2026-07-05 05:08,AD-08,IST_SHIFT,0,Y,Y,N
L103622,Meta,India,Asia/Kolkata,2026-06-21 09:11,,AD-05,IST_SHIFT,2,N,N,N
L103623,Meta,Saudi Arabia,Asia/Riyadh,2026-06-21 01:43,2026-06-22 17:11,AD-05,IST_SHIFT,0,Y,N,N
L103625,Google,UAE,Asia/Dubai,2026-06-20 23:50,,AD-12,US_SHIFT,3,N,N,N
L103626,Organic,USA,America/New_York,2026-06-17 07:35,2026-06-17 16:02,AD-12,US_SHIFT,2,Y,Y,N
L103627,Meta,Saudi Arabia,Asia/Riyadh,2026-07-18 00:01,,AD-07,IST_SHIFT,0,N,N,N
L103628,Meta,UK,Europe/London,2026-07-12 10:15,2026-07-15 13:13,AD-12,US_SHIFT,0,N,N,N
L103629,Google,USA,America/New_York,2026-07-27 00:52,2026-07-30 23:23,AD-12,US_SHIFT,3,Y,Y,N
L103630,Google,Saudi Arabia,Asia/Riyadh,2026-07-11 18:58,2026-07-13 11:37,AD-09,IST_SHIFT,1,Y,Y,N
L103631,Meta,India,Asia/Kolkata,2026-06-25 22:03,,AD-12,US_SHIFT,0,N,N,N
L103632,Google,USA,America/New_York,2026-06-21 06:45,,AD-05,IST_SHIFT,0,N,N,N
L103633,Organic,USA,America/New_York,2026-07-25 17:21,,AD-11,SEA_SHIFT,1,N,N,N
L103634,Meta,Vietnam,Asia/Ho_Chi_Minh,2026-07-18 07:16,,AD-04,US_SHIFT,2,N,N,N
L103635,Meta,Vietnam,Asia/Ho_Chi_Minh,2026-06-26 12:24,,AD-03,US_SHIFT,0,N,N,N
L103636,Meta,India,Asia/Kolkata,2026-07-13 10:34,2026-07-15 06:23,AD-07,IST_SHIFT,3,Y,Y,Y
L103637,Meta,Australia,Australia/Sydney,2026-06-07 19:10,2026-06-08 20:55,AD-10,SEA_SHIFT,3,Y,Y,N
L103638,Referral,UAE,Asia/Dubai,2026-07-06 09:35,,AD-05,IST_SHIFT,3,N,N,N
L103639,Google,Vietnam,Asia/Ho_Chi_Minh,2026-06-26 06:02,2026-06-26 12:02,AD-10,SEA_SHIFT,2,Y,Y,Y
L103640,Organic,Singapore,Asia/Singapore,2026-06-27 08:01,2026-06-29 01:11,AD-04,US_SHIFT,3,Y,Y,Y
L103641,Google,USA,America/New_York,2026-06-03 13:11,2026-06-04 09:42,AD-12,US_SHIFT,1,Y,Y,N
L103642,Meta,Vietnam,Asia/Ho_Chi_Minh,2026-07-12 19:51,2026-07-14 03:45,AD-06,IST_SHIFT,3,Y,Y,Y
L103643,Meta,USA,America/New_York,2026-06-10 21:21,2026-06-11 17:02,AD-09,IST_SHIFT,2,Y,Y,N
L103644,Meta,USA,America/New_York,2026-06-01 03:18,2026-06-01 11:15,AD-12,US_SHIFT,1,Y,Y,N
L103645,Organic,USA,America/New_York,2026-06-15 18:05,2026-06-20 06:10,AD-02,US_SHIFT,1,N,N,N
L103646,DSA,Singapore,Asia/Singapore,2026-06-07 12:26,2026-06-08 02:16,AD-04,US_SHIFT,3,Y,Y,N
L103647,Google,UK,Europe/London,2026-06-11 15:20,2026-06-14 14:51,AD-11,SEA_SHIFT,2,N,N,N
L103648,Google,Vietnam,Asia/Ho_Chi_Minh,2026-06-23 00:01,2026-06-23 14:17,AD-02,US_SHIFT,2,Y,Y,N
L103650,DSA,UAE,Asia/Dubai,2026-06-05 02:02,2026-06-06 13:13,AD-01,US_SHIFT,1,N,N,N
L103651,Meta,Vietnam,Asia/Ho_Chi_Minh,2026-07-27 04:21,,AD-12,US_SHIFT,0,N,N,N
L103652,Affiliate,Singapore,Asia/Singapore,2026-07-05 23:46,2026-07-07 18:30,AD-10,SEA_SHIFT,1,Y,Y,N
L103653,DSA,Vietnam,Asia/Ho_Chi_Minh,2026-07-01 08:41,,AD-07,IST_SHIFT,1,N,N,N
L103654,Organic,India,Asia/Kolkata,2026-07-11 05:26,,AD-09,IST_SHIFT,0,N,N,N
L103655,Meta,UAE,Asia/Dubai,2026-06-22 20:49,,AD-01,US_SHIFT,0,N,N,N
L103656,Meta,Saudi Arabia,Asia/Riyadh,2026-07-19 10:13,2026-07-22 06:46,AD-01,US_SHIFT,0,N,N,N
L103657,Meta,USA,America/New_York,2026-07-19 16:56,2026-07-24 08:51,AD-06,IST_SHIFT,1,N,N,N
L103658,Google,Singapore,Asia/Singapore,2026-07-02 12:09,,AD-02,US_SHIFT,3,N,N,N
L103659,Google,India,Asia/Kolkata,2026-06-18 15:36,,AD-06,IST_SHIFT,3,N,N,N
L103661,Meta,USA,America/New_York,2026-06-08 10:36,2026-06-09 13:37,AD-11,SEA_SHIFT,2,Y,Y,N
L103662,Google,USA,America/New_York,2026-07-26 07:08,2026-07-27 23:50,AD-09,IST_SHIFT,3,Y,Y,N
L103663,Meta,Australia,Australia/Sydney,2026-06-29 00:24,,AD-07,IST_SHIFT,3,N,N,N
L103664,Affiliate,USA,America/New_York,2026-06-10 10:06,2026-06-11 05:19,AD-12,US_SHIFT,2,Y,N,N
L103665,Organic,USA,America/New_York,2026-07-11 08:16,,AD-04,US_SHIFT,1,N,N,N
L103668,Affiliate,Vietnam,Asia/Ho_Chi_Minh,2026-07-29 12:44,2026-07-30 03:21,AD-01,US_SHIFT,1,Y,N,N
L103669,Google,UAE,Asia/Dubai,2026-07-22 15:12,,AD-02,US_SHIFT,1,N,N,N
L103670,Meta,Vietnam,Asia/Ho_Chi_Minh,2026-07-12 20:44,,AD-11,SEA_SHIFT,0,N,N,N
L103671,Meta,USA,America/New_York,2026-06-14 21:24,2026-06-16 16:06,AD-05,IST_SHIFT,3,Y,N,N
L103672,Meta,USA,America/New_York,2026-07-05 11:26,,AD-06,IST_SHIFT,1,N,N,N
L103673,Meta,USA,America/New_York,2026-06-10 14:44,2026-06-13 18:38,AD-02,US_SHIFT,1,Y,Y,N
L103674,Google,Vietnam,Asia/Ho_Chi_Minh,2026-07-01 08:01,2026-07-02 18:30,AD-03,US_SHIFT,0,Y,Y,Y
L103675,Meta,Saudi Arabia,Asia/Riyadh,2026-06-03 06:15,2026-06-04 09:53,AD-09,IST_SHIFT,1,Y,Y,Y
L103676,DSA,UK,Europe/London,2026-06-27 12:31,2026-07-02 10:12,AD-12,US_SHIFT,3,N,N,N
L103678,Organic,Saudi Arabia,Asia/Riyadh,2026-07-26 14:07,2026-07-27 19:47,AD-09,IST_SHIFT,0,N,N,N
L103679,Meta,UK,Europe/London,2026-07-17 22:23,2026-07-18 10:21,AD-03,US_SHIFT,1,Y,Y,N
L103680,Google,USA,America/New_York,2026-06-26 13:02,2026-06-27 01:48,AD-07,IST_SHIFT,1,Y,Y,N
L103681,Meta,UAE,Asia/Dubai,2026-06-15 06:21,,AD-07,IST_SHIFT,2,N,N,N
L103682,Meta,Australia,Australia/Sydney,2026-06-28 13:41,,AD-04,US_SHIFT,3,N,N,N
L103683,Meta,Vietnam,Asia/Ho_Chi_Minh,2026-07-06 06:29,2026-07-06 18:11,AD-04,US_SHIFT,2,Y,Y,N
L103684,Organic,USA,America/New_York,2026-06-16 10:19,,AD-02,US_SHIFT,3,N,N,N
L103685,Meta,UK,Europe/London,2026-06-23 23:17,2026-06-26 05:24,AD-03,US_SHIFT,1,N,N,N
L103686,Google,UAE,Asia/Dubai,2026-07-20 08:06,,AD-12,US_SHIFT,3,N,N,N
L103687,Meta,India,Asia/Kolkata,2026-06-03 03:43,2026-06-04 00:41,AD-03,US_SHIFT,0,Y,N,N
L103688,Affiliate,India,Asia/Kolkata,2026-07-05 11:16,,AD-05,IST_SHIFT,2,N,N,N
L103689,Google,USA,America/New_York,2026-07-11 23:04,2026-07-13 21:57,AD-12,US_SHIFT,3,Y,Y,N
L103692,Meta,USA,America/New_York,2026-07-13 01:23,2026-07-13 04:42,AD-05,IST_SHIFT,2,Y,Y,N
L103693,Google,Saudi Arabia,Asia/Riyadh,2026-07-22 09:41,2026-07-26 14:56,AD-02,US_SHIFT,0,N,N,N
L103694,Affiliate,India,Asia/Kolkata,2026-07-18 17:47,2026-07-19 00:16,AD-10,SEA_SHIFT,1,Y,Y,N
L103695,Affiliate,UAE,Asia/Dubai,2026-06-13 21:06,2026-06-15 19:24,AD-01,US_SHIFT,2,Y,Y,N
L103696,Organic,Vietnam,Asia/Ho_Chi_Minh,2026-06-16 03:25,2026-06-17 06:49,AD-12,US_SHIFT,2,N,N,N
L103697,DSA,Saudi Arabia,Asia/Riyadh,2026-06-14 22:13,2026-06-17 13:54,AD-09,IST_SHIFT,0,Y,Y,N
L103698,Affiliate,India,Asia/Kolkata,2026-06-14 22:58,,AD-06,IST_SHIFT,2,N,N,N
L103700,DSA,Singapore,Asia/Singapore,2026-07-24 09:47,,AD-08,IST_SHIFT,1,N,N,N
L103701,Meta,USA,America/New_York,2026-07-08 20:27,,AD-02,US_SHIFT,1,N,N,N
L103703,Meta,Australia,Australia/Sydney,2026-07-02 19:29,2026-07-03 23:29,AD-07,IST_SHIFT,3,Y,Y,N
L103704,Meta,USA,America/New_York,2026-07-26 23:24,2026-07-31 04:54,AD-01,US_SHIFT,2,Y,Y,N
L103705,Google,USA,America/New_York,2026-06-12 20:44,2026-06-15 09:39,AD-01,US_SHIFT,3,Y,Y,N
L103706,Google,UAE,Asia/Dubai,2026-07-11 11:13,,AD-10,SEA_SHIFT,1,N,N,N
L103707,Meta,UK,Europe/London,2026-06-06 07:18,,AD-03,US_SHIFT,2,N,N,N
L103709,DSA,India,Asia/Kolkata,2026-07-10 03:30,2026-07-12 13:10,AD-09,IST_SHIFT,0,N,N,N
L103710,Meta,Vietnam,Asia/Ho_Chi_Minh,2026-06-05 12:30,,AD-09,IST_SHIFT,2,N,N,N
L103711,Organic,India,Asia/Kolkata,2026-07-03 21:51,2026-07-08 16:18,AD-06,IST_SHIFT,2,Y,N,N
L103712,Meta,UK,Europe/London,2026-07-09 23:48,,AD-03,US_SHIFT,1,N,N,N
L103713,Meta,USA,America/New_York,2026-06-03 20:26,,AD-02,US_SHIFT,2,N,N,N
L103714,Meta,India,Asia/Kolkata,2026-07-10 12:20,2026-07-15 08:21,AD-04,US_SHIFT,3,Y,Y,Y
L103715,Google,Australia,Australia/Sydney,2026-06-16 11:44,2026-06-17 02:21,AD-06,IST_SHIFT,1,Y,Y,N
L103716,Meta,USA,America/New_York,2026-07-22 00:27,2026-07-22 13:07,AD-12,US_SHIFT,1,Y,Y,N
L103717,Google,Saudi Arabia,Asia/Riyadh,2026-06-19 02:56,,AD-03,US_SHIFT,0,N,N,N
L103718,Meta,USA,America/New_York,2026-06-24 23:05,2026-06-29 21:45,AD-08,IST_SHIFT,2,Y,Y,N
L103719,Meta,Saudi Arabia,Asia/Riyadh,2026-07-05 23:41,2026-07-07 20:52,AD-06,IST_SHIFT,3,Y,Y,N
L103720,Referral,USA,America/New_York,2026-07-27 08:13,2026-07-29 04:38,AD-07,IST_SHIFT,1,Y,Y,N
L103721,Google,Singapore,Asia/Singapore,2026-07-09 15:47,,AD-05,IST_SHIFT,1,N,N,N
L103722,Meta,USA,America/New_York,2026-06-21 03:50,2026-06-24 07:46,AD-02,US_SHIFT,2,Y,Y,N
L103723,Affiliate,UAE,Asia/Dubai,2026-06-14 19:03,2026-06-16 22:41,AD-06,IST_SHIFT,0,N,N,N
L103724,Organic,Australia,Australia/Sydney,2026-06-06 03:36,,AD-02,US_SHIFT,0,N,N,N
L103725,Meta,Vietnam,Asia/Ho_Chi_Minh,2026-07-19 08:18,2026-07-19 10:36,AD-10,SEA_SHIFT,0,Y,Y,Y
L103726,Google,Singapore,Asia/Singapore,2026-06-04 06:53,2026-06-08 23:53,AD-11,SEA_SHIFT,1,Y,Y,N
L103727,Organic,USA,America/New_York,2026-06-10 12:53,,AD-11,SEA_SHIFT,2,N,N,N
L103728,Google,Singapore,Asia/Singapore,2026-06-08 08:18,,AD-05,IST_SHIFT,0,N,N,N
L103729,Google,USA,America/New_York,2026-06-25 08:35,2026-06-26 20:38,AD-02,US_SHIFT,1,N,N,N
L103732,Google,USA,America/New_York,2026-06-27 19:03,,AD-12,US_SHIFT,2,N,N,N
L103733,Affiliate,Australia,Australia/Sydney,2026-06-15 08:38,2026-06-15 18:56,AD-09,IST_SHIFT,3,Y,Y,N
L103734,Meta,Saudi Arabia,Asia/Riyadh,2026-06-10 15:43,2026-06-11 07:08,AD-03,US_SHIFT,3,Y,Y,N
L103736,Affiliate,Saudi Arabia,Asia/Riyadh,2026-07-25 17:27,,AD-09,IST_SHIFT,1,N,N,N
L103737,Affiliate,India,Asia/Kolkata,2026-06-27 09:14,,AD-08,IST_SHIFT,3,N,N,N
L103738,Organic,Vietnam,Asia/Ho_Chi_Minh,2026-06-23 05:23,2026-06-27 11:58,AD-02,US_SHIFT,1,Y,Y,N
L103739,Organic,USA,America/New_York,2026-06-07 13:33,,AD-12,US_SHIFT,0,N,N,N
L103740,Google,USA,America/New_York,2026-07-16 18:47,2026-07-17 09:35,AD-10,SEA_SHIFT,1,Y,Y,N
L103741,Google,UK,Europe/London,2026-06-28 14:15,,AD-08,IST_SHIFT,3,N,N,N
L103742,Meta,UAE,Asia/Dubai,2026-07-10 03:47,2026-07-11 07:05,AD-07,IST_SHIFT,1,Y,Y,N
L103743,Affiliate,USA,America/New_York,2026-06-12 08:21,,AD-11,SEA_SHIFT,0,N,N,N
L103744,Meta,UAE,Asia/Dubai,2026-07-02 08:41,,AD-05,IST_SHIFT,3,N,N,N
L103745,DSA,Vietnam,Asia/Ho_Chi_Minh,2026-06-05 17:13,2026-06-09 01:59,AD-06,IST_SHIFT,3,N,N,N
L103746,Meta,UK,Europe/London,2026-07-27 22:04,2026-07-29 03:52,AD-02,US_SHIFT,1,N,N,N
L103747,Referral,Singapore,Asia/Singapore,2026-06-11 17:06,2026-06-16 00:50,AD-07,IST_SHIFT,3,Y,Y,N
L103748,Meta,USA,America/New_York,2026-07-25 14:50,2026-07-26 20:06,AD-07,IST_SHIFT,0,Y,Y,N
L103749,Referral,Vietnam,Asia/Ho_Chi_Minh,2026-06-06 18:42,,AD-03,US_SHIFT,1,N,N,N
L103750,DSA,UK,Europe/London,2026-07-13 14:03,,AD-06,IST_SHIFT,1,N,N,N
L103751,Meta,USA,America/New_York,2026-06-17 18:19,2026-06-18 17:03,AD-02,US_SHIFT,3,Y,Y,N
L103752,Meta,UK,Europe/London,2026-07-04 17:18,2026-07-05 00:24,AD-01,US_SHIFT,0,Y,Y,Y
L103753,Google,UK,Europe/London,2026-07-30 07:56,,AD-07,IST_SHIFT,3,N,N,N
L103754,Google,India,Asia/Kolkata,2026-07-08 06:07,,AD-08,IST_SHIFT,3,N,N,N
L103755,Meta,USA,America/New_York,2026-06-16 20:03,2026-06-20 10:19,AD-12,US_SHIFT,0,Y,Y,N
L103758,DSA,USA,America/New_York,2026-06-18 02:51,2026-06-22 05:55,AD-03,US_SHIFT,2,N,N,N
L103760,Meta,USA,America/New_York,2026-06-20 17:59,,AD-12,US_SHIFT,3,N,N,N
L103761,Google,USA,America/New_York,2026-07-25 23:40,2026-07-28 10:58,AD-11,SEA_SHIFT,2,Y,Y,N
L103762,Affiliate,Singapore,Asia/Singapore,2026-07-02 02:18,,AD-02,US_SHIFT,2,N,N,N
L103763,Organic,India,Asia/Kolkata,2026-06-25 04:33,2026-06-26 19:41,AD-07,IST_SHIFT,2,N,N,N
L103764,Google,UK,Europe/London,2026-07-01 16:34,2026-07-01 20:37,AD-07,IST_SHIFT,0,Y,Y,N
L103766,Google,USA,America/New_York,2026-07-19 23:41,2026-07-20 09:26,AD-02,US_SHIFT,0,Y,Y,Y
L103767,Google,Saudi Arabia,Asia/Riyadh,2026-06-25 13:49,,AD-06,IST_SHIFT,3,N,N,N
L103768,Referral,Australia,Australia/Sydney,2026-06-13 12:56,2026-06-15 01:52,AD-06,IST_SHIFT,3,N,N,N
L103770,Organic,USA,America/New_York,2026-07-27 04:52,2026-07-29 17:08,AD-06,IST_SHIFT,0,N,N,N
L103771,Affiliate,Singapore,Asia/Singapore,2026-06-27 15:34,2026-07-01 20:16,AD-04,US_SHIFT,0,N,N,N
L103773,Google,USA,America/New_York,2026-06-19 00:05,2026-06-21 06:16,AD-05,IST_SHIFT,3,N,N,N
L103774,Meta,Vietnam,Asia/Ho_Chi_Minh,2026-06-17 14:26,2026-06-18 00:09,AD-12,US_SHIFT,1,Y,Y,N
L103775,Meta,USA,America/New_York,2026-06-22 09:35,2026-06-25 00:35,AD-08,IST_SHIFT,3,N,N,N
L103776,DSA,USA,America/New_York,2026-06-03 14:50,2026-06-05 00:50,AD-11,SEA_SHIFT,2,Y,N,N
L103777,Google,Vietnam,Asia/Ho_Chi_Minh,2026-07-01 22:26,2026-07-06 12:53,AD-11,SEA_SHIFT,2,Y,Y,N
L103779,Google,UAE,Asia/Dubai,2026-07-23 13:01,2026-07-24 22:03,AD-01,US_SHIFT,0,Y,Y,N
L103780,Organic,USA,America/New_York,2026-06-30 10:22,,AD-11,SEA_SHIFT,1,N,N,N
L103781,Meta,Vietnam,Asia/Ho_Chi_Minh,2026-06-15 03:51,,AD-08,IST_SHIFT,1,N,N,N
L103782,Referral,UAE,Asia/Dubai,2026-07-03 06:50,2026-07-05 14:37,AD-06,IST_SHIFT,0,N,N,N
L103783,Meta,UAE,Asia/Dubai,2026-07-06 01:08,2026-07-10 08:10,AD-05,IST_SHIFT,2,N,N,N
L103784,Organic,USA,America/New_York,2026-07-21 03:22,2026-07-23 06:47,AD-04,US_SHIFT,2,Y,Y,Y
L103785,Google,Vietnam,Asia/Ho_Chi_Minh,2026-07-24 22:13,,AD-08,IST_SHIFT,3,N,N,N
L103786,DSA,UK,Europe/London,2026-06-02 17:16,2026-06-03 23:27,AD-02,US_SHIFT,3,Y,Y,N
L103789,Meta,UAE,Asia/Dubai,2026-06-19 17:37,2026-06-24 14:59,AD-03,US_SHIFT,0,N,N,N
L103790,Meta,Australia,Australia/Sydney,2026-07-06 13:41,2026-07-08 05:36,AD-05,IST_SHIFT,1,Y,Y,N
L103791,Referral,UK,Europe/London,2026-06-04 05:45,2026-06-05 08:38,AD-12,US_SHIFT,1,Y,Y,N
L103792,Organic,USA,America/New_York,2026-06-30 00:33,,AD-09,IST_SHIFT,3,N,N,N
L103793,Google,Vietnam,Asia/Ho_Chi_Minh,2026-07-28 21:23,2026-07-30 05:59,AD-04,US_SHIFT,0,Y,Y,N
L103794,Meta,USA,America/New_York,2026-07-28 07:56,,AD-04,US_SHIFT,2,N,N,N
L103796,Meta,UAE,Asia/Dubai,2026-06-13 00:07,2026-06-17 16:23,AD-04,US_SHIFT,0,N,N,N
L103797,Google,USA,America/New_York,2026-06-04 11:57,2026-06-06 08:30,AD-03,US_SHIFT,3,Y,Y,N
L103798,Affiliate,USA,America/New_York,2026-06-03 12:51,2026-06-05 02:33,AD-07,IST_SHIFT,3,N,N,N
L103799,Affiliate,Vietnam,Asia/Ho_Chi_Minh,2026-06-09 10:39,,AD-11,SEA_SHIFT,3,N,N,N
L103800,Organic,USA,America/New_York,2026-06-24 02:08,2026-06-24 19:38,AD-10,SEA_SHIFT,0,Y,Y,N
L103801,Google,Vietnam,Asia/Ho_Chi_Minh,2026-07-25 20:53,2026-07-26 16:23,AD-10,SEA_SHIFT,1,Y,Y,N
L103802,Google,India,Asia/Kolkata,2026-07-27 21:15,2026-07-28 12:53,AD-11,SEA_SHIFT,3,Y,Y,N
L103803,Meta,USA,America/New_York,2026-07-18 05:22,2026-07-22 17:53,AD-05,IST_SHIFT,0,N,N,N
L103804,Meta,UAE,Asia/Dubai,2026-06-22 21:53,,AD-03,US_SHIFT,2,N,N,N
L103805,Google,USA,America/New_York,2026-07-01 10:57,2026-07-05 17:43,AD-01,US_SHIFT,1,N,N,N
L103806,Organic,USA,America/New_York,2026-06-27 11:23,2026-06-30 11:57,AD-05,IST_SHIFT,1,Y,Y,Y
L103807,Referral,USA,America/New_York,2026-06-19 18:24,2026-06-20 09:47,AD-10,SEA_SHIFT,2,N,N,N
L103808,Referral,UAE,Asia/Dubai,2026-06-15 18:47,,AD-09,IST_SHIFT,0,N,N,N
L103809,Organic,USA,America/New_York,2026-06-08 04:21,2026-06-09 06:30,AD-06,IST_SHIFT,3,Y,Y,N
L103810,Google,UK,Europe/London,2026-07-29 06:00,,AD-04,US_SHIFT,1,N,N,N
L103812,Meta,USA,America/New_York,2026-07-11 11:37,2026-07-13 04:45,AD-02,US_SHIFT,2,N,N,N
L103813,Google,Saudi Arabia,Asia/Riyadh,2026-06-27 00:44,2026-07-01 22:37,AD-07,IST_SHIFT,0,N,N,N
L103817,DSA,USA,America/New_York,2026-07-18 15:20,2026-07-19 11:52,AD-05,IST_SHIFT,1,N,N,N
L103818,Meta,USA,America/New_York,2026-07-03 21:54,2026-07-04 04:55,AD-01,US_SHIFT,3,N,N,N
L103819,DSA,USA,America/New_York,2026-07-11 17:14,,AD-05,IST_SHIFT,3,N,N,N
L103820,Meta,UAE,Asia/Dubai,2026-06-02 13:52,2026-06-04 04:33,AD-07,IST_SHIFT,0,N,N,N
L103821,Meta,Saudi Arabia,Asia/Riyadh,2026-07-07 18:28,2026-07-10 11:00,AD-02,US_SHIFT,3,N,N,N
L103822,Google,USA,America/New_York,2026-06-21 16:40,2026-06-21 19:53,AD-11,SEA_SHIFT,1,Y,Y,N
L103824,Meta,USA,America/New_York,2026-07-17 03:16,2026-07-20 18:40,AD-04,US_SHIFT,1,Y,Y,N
L103825,Google,UK,Europe/London,2026-07-02 20:25,2026-07-05 19:33,AD-07,IST_SHIFT,2,Y,Y,N
L103826,Meta,Singapore,Asia/Singapore,2026-06-10 13:26,2026-06-14 22:50,AD-09,IST_SHIFT,2,Y,Y,Y
L103827,Meta,UK,Europe/London,2026-06-19 23:32,2026-06-24 20:42,AD-12,US_SHIFT,2,Y,Y,N
L103828,Meta,USA,America/New_York,2026-07-26 21:42,,AD-12,US_SHIFT,1,N,N,N
L103829,Google,USA,America/New_York,2026-07-09 14:47,,AD-06,IST_SHIFT,1,N,N,N
L103831,Meta,USA,America/New_York,2026-07-14 07:26,2026-07-16 06:25,AD-05,IST_SHIFT,3,Y,N,N
L103833,Meta,UK,Europe/London,2026-07-01 21:34,2026-07-02 07:57,AD-05,IST_SHIFT,1,N,N,N
L103834,Meta,Vietnam,Asia/Ho_Chi_Minh,2026-07-05 13:46,,AD-02,US_SHIFT,2,N,N,N
L103835,Google,USA,America/New_York,2026-07-16 15:42,2026-07-18 07:43,AD-05,IST_SHIFT,3,Y,Y,N
L103836,Meta,Singapore,Asia/Singapore,2026-07-24 04:44,2026-07-25 23:11,AD-02,US_SHIFT,1,N,N,N
L103837,Meta,USA,America/New_York,2026-07-25 17:05,2026-07-26 20:47,AD-01,US_SHIFT,0,Y,Y,N
L103838,Google,Australia,Australia/Sydney,2026-07-18 20:57,2026-07-23 18:36,AD-12,US_SHIFT,0,N,N,N
L103840,Meta,Vietnam,Asia/Ho_Chi_Minh,2026-07-20 18:15,2026-07-24 19:34,AD-03,US_SHIFT,0,N,N,N
L103841,Meta,USA,America/New_York,2026-07-09 16:58,2026-07-13 14:46,AD-10,SEA_SHIFT,0,N,N,N
L103842,Meta,USA,America/New_York,2026-06-29 07:39,,AD-10,SEA_SHIFT,1,N,N,N
L103843,Meta,USA,America/New_York,2026-07-21 19:37,2026-07-23 16:40,AD-08,IST_SHIFT,0,N,N,N
L103844,Google,India,Asia/Kolkata,2026-07-08 15:11,,AD-11,SEA_SHIFT,0,N,N,N
L103845,Affiliate,India,Asia/Kolkata,2026-06-11 22:56,,AD-08,IST_SHIFT,1,N,N,N
L103846,Meta,USA,America/New_York,2026-07-12 17:26,2026-07-13 12:31,AD-08,IST_SHIFT,3,Y,Y,N
L103847,Meta,UAE,Asia/Dubai,2026-06-10 04:45,2026-06-10 19:10,AD-05,IST_SHIFT,3,Y,N,N
L103849,Referral,India,Asia/Kolkata,2026-06-07 14:02,2026-06-11 14:18,AD-04,US_SHIFT,0,Y,Y,N
L103850,Google,India,Asia/Kolkata,2026-06-10 15:32,,AD-04,US_SHIFT,2,N,N,N
L103851,Meta,India,Asia/Kolkata,2026-06-12 09:02,2026-06-13 06:41,AD-11,SEA_SHIFT,3,Y,Y,N
L103852,Meta,UK,Europe/London,2026-06-26 06:36,,AD-04,US_SHIFT,3,N,N,N
L103853,Organic,India,Asia/Kolkata,2026-07-27 23:05,2026-07-29 08:57,AD-01,US_SHIFT,1,Y,Y,N
L103854,Meta,UAE,Asia/Dubai,2026-07-24 12:06,2026-07-26 05:42,AD-07,IST_SHIFT,2,Y,Y,N
L103855,Meta,Saudi Arabia,Asia/Riyadh,2026-06-08 03:29,2026-06-12 02:28,AD-11,SEA_SHIFT,1,N,N,N
L103856,Meta,UAE,Asia/Dubai,2026-06-18 05:04,,AD-01,US_SHIFT,3,N,N,N
L103857,Google,Saudi Arabia,Asia/Riyadh,2026-07-03 04:33,2026-07-03 17:42,AD-06,IST_SHIFT,3,N,N,N
L103860,Meta,India,Asia/Kolkata,2026-07-28 02:39,2026-07-30 03:52,AD-10,SEA_SHIFT,1,N,N,N
L103861,Meta,UAE,Asia/Dubai,2026-07-08 13:08,,AD-01,US_SHIFT,0,N,N,N
L103862,Affiliate,USA,America/New_York,2026-06-08 14:58,,AD-03,US_SHIFT,2,N,N,N
L103863,Organic,Australia,Australia/Sydney,2026-06-05 14:05,,AD-06,IST_SHIFT,0,N,N,N
L103864,Affiliate,USA,America/New_York,2026-07-24 18:46,2026-07-25 04:28,AD-09,IST_SHIFT,0,Y,Y,N
L103865,Meta,Australia,Australia/Sydney,2026-07-07 19:12,2026-07-09 20:31,AD-11,SEA_SHIFT,0,N,N,N
L103866,Google,UK,Europe/London,2026-06-08 11:59,2026-06-10 03:16,AD-06,IST_SHIFT,3,Y,Y,N
L103867,Meta,USA,America/New_York,2026-07-27 22:21,,AD-12,US_SHIFT,3,N,N,N
L103868,Meta,USA,America/New_York,2026-07-20 09:44,2026-07-22 00:32,AD-07,IST_SHIFT,0,Y,Y,N
L103869,Meta,USA,America/New_York,2026-06-06 03:20,2026-06-07 03:55,AD-11,SEA_SHIFT,1,Y,Y,Y
L103870,Meta,Vietnam,Asia/Ho_Chi_Minh,2026-07-22 08:51,2026-07-26 19:41,AD-06,IST_SHIFT,3,N,N,N
L103871,Organic,Singapore,Asia/Singapore,2026-07-16 23:26,2026-07-19 17:15,AD-08,IST_SHIFT,1,N,N,N
L103872,Google,USA,America/New_York,2026-07-17 13:09,,AD-01,US_SHIFT,2,N,N,N
L103873,Meta,Vietnam,Asia/Ho_Chi_Minh,2026-06-11 19:58,2026-06-15 20:33,AD-04,US_SHIFT,2,Y,Y,Y
L103875,Google,Saudi Arabia,Asia/Riyadh,2026-06-01 23:11,2026-06-02 12:52,AD-03,US_SHIFT,1,Y,Y,N
L103876,Meta,UAE,Asia/Dubai,2026-07-14 20:19,2026-07-16 23:35,AD-09,IST_SHIFT,0,Y,Y,N
L103877,Meta,USA,America/New_York,2026-06-16 23:48,2026-06-18 13:20,AD-10,SEA_SHIFT,1,N,N,N
L103878,Google,UK,Europe/London,2026-06-28 06:18,,AD-09,IST_SHIFT,0,N,N,N
L103879,Google,Australia,Australia/Sydney,2026-06-23 23:26,2026-06-24 18:15,AD-03,US_SHIFT,3,N,N,N
L103880,Meta,UK,Europe/London,2026-07-28 14:16,2026-07-30 00:56,AD-11,SEA_SHIFT,1,Y,N,N
L103881,Referral,Saudi Arabia,Asia/Riyadh,2026-06-13 21:35,,AD-08,IST_SHIFT,2,N,N,N
L103882,Google,USA,America/New_York,2026-07-29 12:53,2026-07-30 15:08,AD-07,IST_SHIFT,2,Y,Y,N
L103883,DSA,USA,America/New_York,2026-06-07 04:09,,AD-06,IST_SHIFT,1,N,N,N
L103884,Meta,Vietnam,Asia/Ho_Chi_Minh,2026-07-18 11:06,2026-07-21 06:45,AD-08,IST_SHIFT,0,Y,Y,N
L103885,Meta,UAE,Asia/Dubai,2026-07-30 00:47,2026-08-02 12:57,AD-05,IST_SHIFT,3,Y,Y,N
L103886,Meta,India,Asia/Kolkata,2026-06-29 12:27,2026-06-30 22:09,AD-07,IST_SHIFT,3,Y,Y,N
L103887,Meta,Vietnam,Asia/Ho_Chi_Minh,2026-06-11 13:47,,AD-07,IST_SHIFT,1,N,N,N
L103888,Meta,USA,America/New_York,2026-07-05 14:16,,AD-07,IST_SHIFT,2,N,N,N
L103889,DSA,USA,America/New_York,2026-06-08 17:31,2026-06-09 08:50,AD-02,US_SHIFT,2,Y,Y,Y
L103890,Google,Australia,Australia/Sydney,2026-06-26 09:03,2026-06-27 11:40,AD-07,IST_SHIFT,3,Y,Y,N
L103891,Affiliate,India,Asia/Kolkata,2026-07-26 01:34,2026-07-29 06:13,AD-10,SEA_SHIFT,1,Y,Y,N
L103892,Organic,Vietnam,Asia/Ho_Chi_Minh,2026-06-17 01:25,,AD-01,US_SHIFT,1,N,N,N
L103894,Google,Singapore,Asia/Singapore,2026-06-16 04:56,2026-06-17 05:15,AD-09,IST_SHIFT,2,N,N,N
L103895,Google,Vietnam,Asia/Ho_Chi_Minh,2026-07-07 22:18,2026-07-12 15:16,AD-08,IST_SHIFT,0,Y,Y,N
L103896,Google,USA,America/New_York,2026-06-24 07:52,,AD-11,SEA_SHIFT,3,N,N,N
L103900,Google,USA,America/New_York,2026-07-22 07:08,,AD-07,IST_SHIFT,3,N,N,N
L103901,Meta,India,Asia/Kolkata,2026-07-24 12:26,,AD-03,US_SHIFT,3,N,N,N
L103902,Google,Australia,Australia/Sydney,2026-07-19 13:49,2026-07-23 18:37,AD-09,IST_SHIFT,0,Y,Y,N
L103903,Meta,Vietnam,Asia/Ho_Chi_Minh,2026-07-07 13:40,2026-07-10 19:39,AD-02,US_SHIFT,3,Y,Y,Y
L103904,Meta,Vietnam,Asia/Ho_Chi_Minh,2026-07-25 01:33,2026-07-25 22:54,AD-10,SEA_SHIFT,3,Y,Y,N
L103905,DSA,UK,Europe/London,2026-07-14 17:19,2026-07-15 13:54,AD-02,US_SHIFT,0,Y,Y,N
L103907,Meta,Saudi Arabia,Asia/Riyadh,2026-06-22 15:46,,AD-05,IST_SHIFT,3,N,N,N
L103909,Organic,UK,Europe/London,2026-07-23 09:03,2026-07-28 07:56,AD-04,US_SHIFT,3,Y,Y,N
L103910,Referral,Vietnam,Asia/Ho_Chi_Minh,2026-07-03 13:10,,AD-05,IST_SHIFT,2,N,N,N
L103911,Affiliate,UAE,Asia/Dubai,2026-06-25 14:07,2026-06-26 20:14,AD-04,US_SHIFT,1,Y,N,N
L103912,Google,USA,America/New_York,2026-06-20 15:28,2026-06-21 03:23,AD-07,IST_SHIFT,1,Y,Y,N
L103913,Referral,Singapore,Asia/Singapore,2026-07-15 19:24,2026-07-17 08:20,AD-02,US_SHIFT,2,N,N,N
L103914,Google,Vietnam,Asia/Ho_Chi_Minh,2026-06-30 23:35,2026-07-01 18:26,AD-01,US_SHIFT,1,Y,Y,N
L103915,Meta,Saudi Arabia,Asia/Riyadh,2026-06-14 00:05,2026-06-15 23:02,AD-11,SEA_SHIFT,2,Y,Y,N
L103916,Organic,Saudi Arabia,Asia/Riyadh,2026-07-04 15:42,,AD-07,IST_SHIFT,1,N,N,N
L103917,Meta,Singapore,Asia/Singapore,2026-06-02 20:47,2026-06-04 17:13,AD-06,IST_SHIFT,2,Y,Y,Y
L103919,Meta,Saudi Arabia,Asia/Riyadh,2026-07-23 08:05,,AD-06,IST_SHIFT,3,N,N,N
L103920,Meta,Vietnam,Asia/Ho_Chi_Minh,2026-07-12 23:04,2026-07-16 02:19,AD-03,US_SHIFT,2,Y,Y,N
L103921,Meta,Singapore,Asia/Singapore,2026-07-24 01:13,2026-07-28 15:20,AD-11,SEA_SHIFT,3,Y,Y,N
L103922,Meta,UK,Europe/London,2026-07-03 03:02,2026-07-03 10:46,AD-01,US_SHIFT,3,Y,Y,N
L103923,Meta,Vietnam,Asia/Ho_Chi_Minh,2026-07-21 16:57,2026-07-21 20:40,AD-05,IST_SHIFT,1,Y,Y,N
L103925,Meta,UK,Europe/London,2026-06-14 08:59,2026-06-15 16:46,AD-10,SEA_SHIFT,2,Y,Y,N
L103926,Meta,USA,America/New_York,2026-07-16 15:58,,AD-11,SEA_SHIFT,1,N,N,N
L103927,Meta,UAE,Asia/Dubai,2026-07-14 05:39,2026-07-15 17:51,AD-06,IST_SHIFT,3,Y,Y,N
L103928,Meta,UAE,Asia/Dubai,2026-07-01 20:58,,AD-01,US_SHIFT,2,N,N,N
L103929,Meta,India,Asia/Kolkata,2026-07-14 00:32,,AD-09,IST_SHIFT,1,N,N,N
L103930,Organic,UK,Europe/London,2026-06-26 13:32,2026-06-30 09:57,AD-07,IST_SHIFT,3,Y,Y,N
L103931,Meta,India,Asia/Kolkata,2026-07-08 10:34,,AD-07,IST_SHIFT,0,N,N,N
L103932,Google,USA,America/New_York,2026-06-10 19:55,2026-06-14 15:03,AD-07,IST_SHIFT,1,Y,Y,N
L103933,Meta,USA,America/New_York,2026-07-27 01:09,2026-07-27 21:13,AD-12,US_SHIFT,2,N,N,N
L103934,Meta,UK,Europe/London,2026-07-07 13:38,2026-07-07 19:21,AD-09,IST_SHIFT,3,Y,Y,N
L103935,Meta,Saudi Arabia,Asia/Riyadh,2026-07-13 00:29,,AD-12,US_SHIFT,2,N,N,N
L103936,Google,USA,America/New_York,2026-06-12 14:42,,AD-04,US_SHIFT,1,N,N,N
L103937,Organic,USA,America/New_York,2026-06-08 11:59,,AD-06,IST_SHIFT,1,N,N,N
L103940,Meta,USA,America/New_York,2026-07-04 00:01,2026-07-04 07:35,AD-09,IST_SHIFT,0,Y,Y,N
L103941,Affiliate,Vietnam,Asia/Ho_Chi_Minh,2026-07-03 21:04,2026-07-04 08:50,AD-10,SEA_SHIFT,0,Y,N,N
L103943,Meta,Vietnam,Asia/Ho_Chi_Minh,2026-07-17 13:22,,AD-02,US_SHIFT,1,N,N,N
L103946,Meta,Vietnam,Asia/Ho_Chi_Minh,2026-06-15 18:13,2026-06-18 00:40,AD-02,US_SHIFT,1,Y,Y,N
L103947,Google,Singapore,Asia/Singapore,2026-07-11 23:26,2026-07-12 14:02,AD-04,US_SHIFT,2,N,N,N
L103948,Referral,Vietnam,Asia/Ho_Chi_Minh,2026-07-15 00:33,,AD-05,IST_SHIFT,1,N,N,N
L103949,Organic,India,Asia/Kolkata,2026-07-07 08:17,,AD-08,IST_SHIFT,2,N,N,N
L103950,Meta,USA,America/New_York,2026-06-05 20:29,2026-06-06 12:30,AD-04,US_SHIFT,3,Y,Y,N
L103951,Affiliate,USA,America/New_York,2026-06-28 10:21,2026-06-29 08:11,AD-04,US_SHIFT,3,N,N,N
L103953,Google,Vietnam,Asia/Ho_Chi_Minh,2026-07-01 15:39,2026-07-02 18:44,AD-09,IST_SHIFT,0,N,N,N
L103955,Meta,USA,America/New_York,2026-06-14 20:09,,AD-11,SEA_SHIFT,0,N,N,N
L103956,Affiliate,Vietnam,Asia/Ho_Chi_Minh,2026-07-07 19:09,2026-07-12 04:59,AD-01,US_SHIFT,1,Y,Y,N
L103958,Google,Vietnam,Asia/Ho_Chi_Minh,2026-06-24 19:34,2026-06-26 06:23,AD-06,IST_SHIFT,0,Y,Y,N
L103959,Meta,Vietnam,Asia/Ho_Chi_Minh,2026-06-28 17:32,2026-06-30 10:15,AD-03,US_SHIFT,0,Y,N,N
L103960,Google,Singapore,Asia/Singapore,2026-06-22 02:30,2026-06-24 05:23,AD-10,SEA_SHIFT,3,N,N,N
L103962,Meta,Saudi Arabia,Asia/Riyadh,2026-06-06 09:08,2026-06-06 16:03,AD-12,US_SHIFT,2,N,N,N
L103963,Meta,UAE,Asia/Dubai,2026-06-15 14:56,2026-06-17 04:55,AD-05,IST_SHIFT,3,Y,Y,N
L103964,Google,USA,America/New_York,2026-07-28 19:08,,AD-05,IST_SHIFT,2,N,N,N
L103965,Meta,Vietnam,Asia/Ho_Chi_Minh,2026-06-20 16:10,2026-06-22 18:59,AD-01,US_SHIFT,2,N,N,N
L103966,Affiliate,Vietnam,Asia/Ho_Chi_Minh,2026-07-24 20:25,2026-07-29 16:14,AD-06,IST_SHIFT,2,Y,N,N
L103967,Organic,USA,America/New_York,2026-06-27 21:59,,AD-03,US_SHIFT,1,N,N,N
L103968,Referral,Vietnam,Asia/Ho_Chi_Minh,2026-07-01 00:15,2026-07-04 18:51,AD-06,IST_SHIFT,0,N,N,N
L103969,Meta,Australia,Australia/Sydney,2026-06-06 14:11,,AD-02,US_SHIFT,3,N,N,N
L103970,Meta,USA,America/New_York,2026-07-16 16:17,2026-07-20 06:00,AD-09,IST_SHIFT,0,Y,Y,N
L103971,Meta,USA,America/New_York,2026-06-29 08:20,2026-06-29 21:26,AD-09,IST_SHIFT,3,Y,N,N
L103972,Affiliate,UK,Europe/London,2026-07-11 06:49,2026-07-13 00:04,AD-04,US_SHIFT,3,N,N,N
L103973,Organic,Saudi Arabia,Asia/Riyadh,2026-06-26 07:33,2026-06-30 06:40,AD-02,US_SHIFT,3,Y,N,N
L103975,Organic,Singapore,Asia/Singapore,2026-06-10 13:22,,AD-10,SEA_SHIFT,3,N,N,N
L103976,Google,Australia,Australia/Sydney,2026-06-03 06:51,,AD-09,IST_SHIFT,2,N,N,N
L103977,Affiliate,UK,Europe/London,2026-07-06 01:02,2026-07-07 20:30,AD-08,IST_SHIFT,3,Y,Y,N
L103979,DSA,USA,America/New_York,2026-07-15 11:01,2026-07-16 19:14,AD-07,IST_SHIFT,2,Y,Y,Y
L103980,Referral,USA,America/New_York,2026-06-24 12:48,2026-06-24 17:11,AD-02,US_SHIFT,0,Y,Y,Y
L103981,Organic,Australia,Australia/Sydney,2026-06-26 20:58,,AD-12,US_SHIFT,0,N,N,N
L103982,Meta,UAE,Asia/Dubai,2026-06-04 19:04,,AD-12,US_SHIFT,2,N,N,N
L103984,Affiliate,USA,America/New_York,2026-07-26 20:28,2026-07-28 22:39,AD-07,IST_SHIFT,0,N,N,N
L103985,Google,Vietnam,Asia/Ho_Chi_Minh,2026-07-10 07:28,,AD-01,US_SHIFT,3,N,N,N
L103988,Meta,USA,America/New_York,2026-06-17 13:46,2026-06-20 04:54,AD-02,US_SHIFT,3,N,N,N
L103990,Referral,Singapore,Asia/Singapore,2026-06-16 02:15,2026-06-16 10:00,AD-05,IST_SHIFT,1,Y,Y,N
L103992,Meta,UK,Europe/London,2026-07-16 08:05,2026-07-16 11:37,AD-05,IST_SHIFT,0,Y,Y,N
L103993,Meta,Vietnam,Asia/Ho_Chi_Minh,2026-07-07 07:30,2026-07-08 03:20,AD-12,US_SHIFT,1,Y,Y,Y
L103994,Meta,USA,America/New_York,2026-07-28 13:23,2026-07-28 20:22,AD-12,US_SHIFT,3,Y,Y,N
L103996,DSA,India,Asia/Kolkata,2026-06-13 09:10,,AD-01,US_SHIFT,0,N,N,N
L103997,Meta,Vietnam,Asia/Ho_Chi_Minh,2026-06-11 05:45,,AD-10,SEA_SHIFT,1,N,N,N
L103998,Google,Saudi Arabia,Asia/Riyadh,2026-07-10 17:00,2026-07-13 04:06,AD-01,US_SHIFT,0,N,N,N
L103999,Organic,UAE,Asia/Dubai,2026-07-05 00:52,2026-07-07 20:01,AD-12,US_SHIFT,1,N,N,N
L104000,Meta,Vietnam,Asia/Ho_Chi_Minh,2026-06-04 03:27,2026-06-09 00:17,AD-08,IST_SHIFT,3,Y,Y,N
L104001,Meta,Vietnam,Asia/Ho_Chi_Minh,2026-06-08 09:41,2026-06-12 06:03,AD-06,IST_SHIFT,0,Y,Y,N
L104002,Affiliate,USA,America/New_York,2026-07-20 04:48,,AD-04,US_SHIFT,1,N,N,N
L104003,Meta,UAE,Asia/Dubai,2026-07-06 23:39,,AD-02,US_SHIFT,1,N,N,N
L104004,Meta,UK,Europe/London,2026-06-16 18:30,,AD-12,US_SHIFT,0,N,N,N
L104005,Organic,UK,Europe/London,2026-06-25 04:52,2026-06-29 18:45,AD-04,US_SHIFT,0,N,N,N
L104006,Affiliate,Vietnam,Asia/Ho_Chi_Minh,2026-07-18 03:49,2026-07-18 17:03,AD-01,US_SHIFT,3,Y,Y,N
L104007,Meta,Australia,Australia/Sydney,2026-07-26 07:14,2026-07-26 16:28,AD-01,US_SHIFT,1,N,N,N
L104008,DSA,USA,America/New_York,2026-07-02 22:26,2026-07-05 20:33,AD-07,IST_SHIFT,2,Y,N,N
L104009,Meta,Vietnam,Asia/Ho_Chi_Minh,2026-06-10 10:54,2026-06-13 06:03,AD-03,US_SHIFT,3,N,N,N
L104011,Meta,Vietnam,Asia/Ho_Chi_Minh,2026-06-12 01:29,2026-06-12 03:40,AD-12,US_SHIFT,2,N,N,N
L104012,Google,UAE,Asia/Dubai,2026-07-23 19:49,2026-07-24 01:22,AD-07,IST_SHIFT,3,N,N,N
L104013,Meta,USA,America/New_York,2026-06-24 07:32,2026-06-27 21:49,AD-05,IST_SHIFT,0,N,N,N
L104014,Google,Vietnam,Asia/Ho_Chi_Minh,2026-07-11 19:41,,AD-02,US_SHIFT,3,N,N,N
L104015,Google,UAE,Asia/Dubai,2026-07-05 14:13,,AD-10,SEA_SHIFT,1,N,N,N
L104016,Meta,Singapore,Asia/Singapore,2026-07-25 17:00,2026-07-28 00:42,AD-07,IST_SHIFT,1,Y,N,N
L104017,DSA,USA,America/New_York,2026-06-18 10:28,2026-06-22 19:57,AD-11,SEA_SHIFT,0,Y,Y,N
L104018,Meta,UAE,Asia/Dubai,2026-07-04 19:20,2026-07-08 20:13,AD-07,IST_SHIFT,0,N,N,N
L104019,Meta,USA,America/New_York,2026-07-17 21:13,2026-07-22 19:26,AD-09,IST_SHIFT,1,Y,N,N
L104020,Meta,Saudi Arabia,Asia/Riyadh,2026-06-29 05:25,,AD-06,IST_SHIFT,0,N,N,N
L104021,Google,Australia,Australia/Sydney,2026-07-03 07:57,,AD-02,US_SHIFT,3,N,N,N
L104023,Google,USA,America/New_York,2026-06-29 03:56,2026-07-02 16:15,AD-06,IST_SHIFT,2,N,N,N
L104024,Affiliate,UAE,Asia/Dubai,2026-06-22 07:53,2026-06-24 05:11,AD-04,US_SHIFT,1,Y,Y,N
L104025,Meta,Saudi Arabia,Asia/Riyadh,2026-07-14 11:49,2026-07-15 07:02,AD-06,IST_SHIFT,2,Y,Y,N
L104026,Meta,Vietnam,Asia/Ho_Chi_Minh,2026-07-17 05:23,,AD-02,US_SHIFT,0,N,N,N
L104027,Affiliate,USA,America/New_York,2026-07-07 10:11,2026-07-11 06:09,AD-09,IST_SHIFT,0,N,N,N
L104028,Meta,USA,America/New_York,2026-06-28 23:56,,AD-10,SEA_SHIFT,2,N,N,N
L104029,Google,USA,America/New_York,2026-07-12 05:48,,AD-01,US_SHIFT,3,N,N,N
L104031,Meta,Vietnam,Asia/Ho_Chi_Minh,2026-07-08 10:36,,AD-04,US_SHIFT,3,N,N,N
L104032,Meta,USA,America/New_York,2026-07-02 22:31,,AD-11,SEA_SHIFT,1,N,N,N
L104035,Affiliate,Saudi Arabia,Asia/Riyadh,2026-06-26 00:00,2026-06-27 00:15,AD-01,US_SHIFT,2,N,N,N
L104037,Meta,USA,America/New_York,2026-07-15 18:22,,AD-03,US_SHIFT,1,N,N,N
L104038,Affiliate,Australia,Australia/Sydney,2026-07-19 12:35,,AD-11,SEA_SHIFT,3,N,N,N
L104040,Organic,Vietnam,Asia/Ho_Chi_Minh,2026-07-24 18:22,,AD-05,IST_SHIFT,2,N,N,N
L104041,Referral,Singapore,Asia/Singapore,2026-07-10 22:14,,AD-05,IST_SHIFT,2,N,N,N
L104042,Meta,USA,America/New_York,2026-06-13 23:35,2026-06-15 12:22,AD-12,US_SHIFT,0,Y,Y,N
L104045,Meta,USA,America/New_York,2026-06-18 22:21,2026-06-20 12:04,AD-10,SEA_SHIFT,3,N,N,N
L104046,Meta,Australia,Australia/Sydney,2026-06-18 09:16,2026-06-20 06:33,AD-09,IST_SHIFT,1,Y,Y,Y
L104048,Google,India,Asia/Kolkata,2026-07-29 03:48,,AD-03,US_SHIFT,3,N,N,N
L104049,Referral,UK,Europe/London,2026-07-15 13:01,2026-07-16 18:11,AD-01,US_SHIFT,3,Y,Y,N
L104051,Meta,UAE,Asia/Dubai,2026-07-10 11:27,2026-07-13 13:45,AD-10,SEA_SHIFT,0,N,N,N
L104052,Google,UK,Europe/London,2026-07-16 07:44,,AD-05,IST_SHIFT,1,N,N,N
L104053,Google,USA,America/New_York,2026-07-16 03:19,2026-07-17 16:03,AD-04,US_SHIFT,0,Y,Y,N
L104054,Google,India,Asia/Kolkata,2026-07-08 00:10,2026-07-10 05:48,AD-09,IST_SHIFT,2,Y,N,N
L104055,Meta,Vietnam,Asia/Ho_Chi_Minh,2026-07-30 04:30,2026-07-31 19:29,AD-01,US_SHIFT,3,Y,Y,N
L104056,Affiliate,Saudi Arabia,Asia/Riyadh,2026-07-08 08:43,2026-07-08 10:47,AD-09,IST_SHIFT,3,Y,N,N
L104057,Google,Vietnam,Asia/Ho_Chi_Minh,2026-07-20 19:51,,AD-10,SEA_SHIFT,3,N,N,N
L104058,Google,Saudi Arabia,Asia/Riyadh,2026-07-10 12:53,2026-07-11 05:36,AD-07,IST_SHIFT,0,Y,N,N
L104060,Meta,USA,America/New_York,2026-07-11 14:08,2026-07-11 22:06,AD-06,IST_SHIFT,1,Y,Y,N
L104061,DSA,Vietnam,Asia/Ho_Chi_Minh,2026-07-03 12:25,,AD-04,US_SHIFT,2,N,N,N
L104062,Referral,Australia,Australia/Sydney,2026-07-20 07:21,2026-07-23 22:57,AD-03,US_SHIFT,1,N,N,N
L104063,Organic,Vietnam,Asia/Ho_Chi_Minh,2026-07-16 16:05,2026-07-16 18:15,AD-04,US_SHIFT,2,N,N,N
L104065,Meta,Saudi Arabia,Asia/Riyadh,2026-07-03 05:26,2026-07-06 03:44,AD-08,IST_SHIFT,0,N,N,N
L104066,Meta,USA,America/New_York,2026-07-26 00:45,2026-07-27 22:01,AD-02,US_SHIFT,1,Y,Y,N
L104067,Meta,USA,America/New_York,2026-07-17 20:24,2026-07-22 05:00,AD-11,SEA_SHIFT,1,Y,Y,N
L104068,Meta,Vietnam,Asia/Ho_Chi_Minh,2026-06-02 00:48,2026-06-06 15:07,AD-03,US_SHIFT,3,N,N,N
L104069,DSA,USA,America/New_York,2026-06-26 17:12,2026-06-30 14:02,AD-03,US_SHIFT,3,Y,Y,N
L104070,Meta,UK,Europe/London,2026-06-04 01:55,2026-06-08 18:18,AD-03,US_SHIFT,1,N,N,N
L104072,Affiliate,UK,Europe/London,2026-06-19 17:26,2026-06-19 21:58,AD-01,US_SHIFT,1,Y,Y,N
L104073,Google,Saudi Arabia,Asia/Riyadh,2026-06-15 13:02,2026-06-17 21:41,AD-10,SEA_SHIFT,1,N,N,N
L104074,DSA,Australia,Australia/Sydney,2026-06-20 05:32,2026-06-23 01:37,AD-03,US_SHIFT,0,Y,Y,N
L104076,Meta,UK,Europe/London,2026-07-25 22:08,2026-07-26 10:10,AD-12,US_SHIFT,2,Y,N,N
L104077,Google,India,Asia/Kolkata,2026-07-15 17:45,2026-07-16 19:59,AD-11,SEA_SHIFT,1,Y,Y,N
L104078,Meta,USA,America/New_York,2026-07-29 21:55,,AD-02,US_SHIFT,1,N,N,N
L104080,Google,USA,America/New_York,2026-06-16 14:57,2026-06-17 21:41,AD-12,US_SHIFT,3,N,N,N
L104082,Meta,USA,America/New_York,2026-06-15 21:09,2026-06-16 20:08,AD-07,IST_SHIFT,0,Y,Y,Y
L104083,Meta,USA,America/New_York,2026-07-01 12:05,2026-07-02 05:15,AD-07,IST_SHIFT,3,Y,Y,N
L104087,Affiliate,UK,Europe/London,2026-07-11 20:48,,AD-08,IST_SHIFT,0,N,N,N
L104088,Meta,UAE,Asia/Dubai,2026-06-27 06:19,,AD-12,US_SHIFT,3,N,N,N
L104089,Google,USA,America/New_York,2026-06-02 04:24,,AD-01,US_SHIFT,0,N,N,N
L104090,Organic,UAE,Asia/Dubai,2026-07-21 10:47,2026-07-25 16:59,AD-02,US_SHIFT,1,N,N,N
L104092,Meta,USA,America/New_York,2026-06-13 23:02,2026-06-14 19:20,AD-11,SEA_SHIFT,2,N,N,N
L104093,Google,Singapore,Asia/Singapore,2026-07-03 08:04,2026-07-04 13:38,AD-03,US_SHIFT,1,Y,Y,Y
L104094,Google,USA,America/New_York,2026-07-01 18:00,2026-07-05 00:30,AD-03,US_SHIFT,0,N,N,N
L104095,Google,UK,Europe/London,2026-07-27 02:19,2026-07-29 01:04,AD-12,US_SHIFT,3,Y,Y,N
L104096,Affiliate,UAE,Asia/Dubai,2026-07-21 06:03,2026-07-24 17:48,AD-11,SEA_SHIFT,1,N,N,N
L104097,Meta,UAE,Asia/Dubai,2026-07-11 12:03,2026-07-15 12:12,AD-08,IST_SHIFT,3,Y,N,N
L104098,Meta,UK,Europe/London,2026-07-06 18:04,2026-07-07 13:06,AD-04,US_SHIFT,1,Y,Y,N
L104099,Google,UAE,Asia/Dubai,2026-06-21 03:11,2026-06-21 21:49,AD-06,IST_SHIFT,3,Y,Y,N
L104101,Google,UAE,Asia/Dubai,2026-07-04 19:52,2026-07-06 15:17,AD-08,IST_SHIFT,3,N,N,N
L104102,Meta,Vietnam,Asia/Ho_Chi_Minh,2026-06-24 04:23,2026-06-26 19:14,AD-09,IST_SHIFT,2,Y,Y,N
L104103,Meta,UAE,Asia/Dubai,2026-07-02 09:23,2026-07-03 08:43,AD-02,US_SHIFT,3,Y,Y,N
L104104,Meta,UAE,Asia/Dubai,2026-06-30 06:20,,AD-12,US_SHIFT,1,N,N,N
L104106,Google,UAE,Asia/Dubai,2026-07-04 07:09,2026-07-09 00:13,AD-11,SEA_SHIFT,2,N,N,N
L104107,Meta,USA,America/New_York,2026-06-03 05:33,2026-06-06 18:19,AD-12,US_SHIFT,2,Y,Y,N
L104108,Meta,USA,America/New_York,2026-06-06 10:44,2026-06-06 18:27,AD-06,IST_SHIFT,2,Y,Y,N
L104109,Meta,Vietnam,Asia/Ho_Chi_Minh,2026-07-16 00:38,2026-07-17 01:25,AD-11,SEA_SHIFT,3,Y,Y,N
L104110,DSA,Saudi Arabia,Asia/Riyadh,2026-06-03 18:25,2026-06-06 14:29,AD-04,US_SHIFT,1,Y,Y,N
L104112,Google,Singapore,Asia/Singapore,2026-06-16 15:03,2026-06-18 01:14,AD-10,SEA_SHIFT,1,Y,Y,N
L104113,Google,UK,Europe/London,2026-06-04 22:24,2026-06-08 06:38,AD-11,SEA_SHIFT,3,Y,Y,N
L104114,Organic,Vietnam,Asia/Ho_Chi_Minh,2026-06-16 00:47,2026-06-17 07:38,AD-10,SEA_SHIFT,2,N,N,N
L104115,Meta,Saudi Arabia,Asia/Riyadh,2026-07-16 09:30,2026-07-18 07:06,AD-08,IST_SHIFT,1,Y,Y,N
L104116,Google,UAE,Asia/Dubai,2026-07-09 04:08,,AD-06,IST_SHIFT,0,N,N,N
L104117,DSA,Australia,Australia/Sydney,2026-06-20 08:35,2026-06-21 17:47,AD-07,IST_SHIFT,3,Y,Y,Y
L104120,DSA,Singapore,Asia/Singapore,2026-07-28 01:30,2026-07-31 04:19,AD-02,US_SHIFT,0,Y,Y,N
L104121,Meta,UK,Europe/London,2026-07-02 12:23,,AD-10,SEA_SHIFT,0,N,N,N
L104122,Affiliate,UK,Europe/London,2026-06-12 10:05,2026-06-12 14:50,AD-01,US_SHIFT,2,Y,Y,N
L104123,Meta,USA,America/New_York,2026-07-13 03:23,,AD-04,US_SHIFT,2,N,N,N
L104124,DSA,UAE,Asia/Dubai,2026-06-13 20:16,2026-06-17 13:31,AD-12,US_SHIFT,1,N,N,N
L104125,Google,USA,America/New_York,2026-06-05 13:45,2026-06-06 21:07,AD-02,US_SHIFT,3,Y,Y,N
L104127,Google,USA,America/New_York,2026-07-05 16:25,,AD-05,IST_SHIFT,3,N,N,N
L104128,Meta,USA,America/New_York,2026-07-11 19:02,,AD-05,IST_SHIFT,2,N,N,N
L104130,DSA,Vietnam,Asia/Ho_Chi_Minh,2026-07-21 08:57,2026-07-25 10:43,AD-11,SEA_SHIFT,3,Y,Y,N
L104132,Google,USA,America/New_York,2026-06-10 12:24,2026-06-12 15:07,AD-04,US_SHIFT,3,Y,N,N
L104134,Meta,USA,America/New_York,2026-07-16 15:40,,AD-08,IST_SHIFT,1,N,N,N
L104135,Organic,Australia,Australia/Sydney,2026-06-01 10:55,2026-06-02 14:29,AD-10,SEA_SHIFT,2,N,N,N
L104136,Meta,UK,Europe/London,2026-06-02 04:02,,AD-01,US_SHIFT,2,N,N,N
L104137,Meta,USA,America/New_York,2026-07-05 18:35,2026-07-07 03:04,AD-09,IST_SHIFT,3,N,N,N
L104139,Organic,Vietnam,Asia/Ho_Chi_Minh,2026-06-11 19:16,2026-06-12 11:09,AD-09,IST_SHIFT,2,Y,Y,N
L104140,Meta,UK,Europe/London,2026-07-17 17:25,2026-07-19 03:10,AD-09,IST_SHIFT,0,N,N,N
L104141,Meta,Vietnam,Asia/Ho_Chi_Minh,2026-06-26 03:10,,AD-04,US_SHIFT,1,N,N,N
L104142,DSA,Australia,Australia/Sydney,2026-07-27 08:09,,AD-03,US_SHIFT,1,N,N,N
L104143,Meta,Saudi Arabia,Asia/Riyadh,2026-06-18 14:42,,AD-05,IST_SHIFT,2,N,N,N
L104144,Meta,USA,America/New_York,2026-06-23 12:26,2026-06-25 05:58,AD-08,IST_SHIFT,0,N,N,N
L104145,DSA,Vietnam,Asia/Ho_Chi_Minh,2026-06-05 11:21,2026-06-06 15:14,AD-12,US_SHIFT,0,Y,Y,N
L104147,Meta,India,Asia/Kolkata,2026-07-15 07:35,2026-07-19 20:32,AD-10,SEA_SHIFT,3,N,N,N
L104148,Meta,Vietnam,Asia/Ho_Chi_Minh,2026-06-20 09:08,2026-06-23 05:13,AD-09,IST_SHIFT,3,Y,Y,Y
L104150,Google,USA,America/New_York,2026-06-10 04:08,2026-06-10 23:15,AD-03,US_SHIFT,3,Y,Y,N
L104152,Meta,India,Asia/Kolkata,2026-07-18 13:54,2026-07-19 21:16,AD-09,IST_SHIFT,1,Y,Y,N
L104153,Meta,USA,America/New_York,2026-06-20 18:04,2026-06-21 07:58,AD-05,IST_SHIFT,2,Y,N,N
L104156,Meta,Singapore,Asia/Singapore,2026-07-19 23:09,2026-07-22 23:06,AD-01,US_SHIFT,3,N,N,N
L104157,Meta,USA,America/New_York,2026-06-22 15:10,2026-06-26 02:10,AD-06,IST_SHIFT,0,Y,Y,N
L104158,Affiliate,USA,America/New_York,2026-07-27 17:43,2026-07-29 04:42,AD-12,US_SHIFT,0,Y,Y,N
L104159,Meta,UAE,Asia/Dubai,2026-06-22 16:19,2026-06-23 20:38,AD-07,IST_SHIFT,1,N,N,N
L104160,Google,USA,America/New_York,2026-06-08 23:54,2026-06-13 07:25,AD-08,IST_SHIFT,3,Y,N,N
L104161,Meta,UAE,Asia/Dubai,2026-06-21 00:15,2026-06-21 08:33,AD-06,IST_SHIFT,2,Y,Y,N
L104162,Organic,Saudi Arabia,Asia/Riyadh,2026-07-21 02:56,2026-07-24 09:09,AD-04,US_SHIFT,3,N,N,N
L104163,Affiliate,Vietnam,Asia/Ho_Chi_Minh,2026-06-21 03:03,,AD-02,US_SHIFT,0,N,N,N
L104164,Affiliate,UAE,Asia/Dubai,2026-07-15 20:11,2026-07-17 04:46,AD-09,IST_SHIFT,0,Y,Y,N
L104165,Affiliate,USA,America/New_York,2026-06-17 05:51,2026-06-21 13:43,AD-10,SEA_SHIFT,1,Y,N,N
L104166,Organic,USA,America/New_York,2026-06-29 16:14,,AD-08,IST_SHIFT,3,N,N,N
L104167,Organic,India,Asia/Kolkata,2026-06-10 23:52,,AD-12,US_SHIFT,1,N,N,N
L104168,Meta,Vietnam,Asia/Ho_Chi_Minh,2026-07-21 13:49,2026-07-25 00:09,AD-04,US_SHIFT,3,N,N,N
L104170,Meta,Australia,Australia/Sydney,2026-06-04 21:13,2026-06-06 12:23,AD-01,US_SHIFT,3,Y,Y,N
L104172,Meta,UAE,Asia/Dubai,2026-06-13 11:31,,AD-04,US_SHIFT,3,N,N,N
L104173,Referral,USA,America/New_York,2026-07-21 08:31,2026-07-23 02:55,AD-06,IST_SHIFT,3,N,N,N
L104174,Meta,Australia,Australia/Sydney,2026-06-20 16:55,2026-06-21 13:13,AD-06,IST_SHIFT,0,Y,Y,N
L104176,Meta,UK,Europe/London,2026-07-19 14:41,2026-07-22 12:32,AD-08,IST_SHIFT,0,Y,Y,N
L104178,DSA,USA,America/New_York,2026-07-12 19:00,2026-07-15 13:38,AD-12,US_SHIFT,2,N,N,N
L104179,Meta,USA,America/New_York,2026-06-26 01:29,2026-06-29 02:22,AD-03,US_SHIFT,1,N,N,N
L104180,Google,USA,America/New_York,2026-06-04 16:49,,AD-11,SEA_SHIFT,0,N,N,N
L104181,Google,USA,America/New_York,2026-07-10 18:34,2026-07-12 13:32,AD-04,US_SHIFT,3,Y,Y,N
L104182,Meta,Singapore,Asia/Singapore,2026-06-03 18:48,,AD-09,IST_SHIFT,0,N,N,N
L104183,Organic,Singapore,Asia/Singapore,2026-06-12 09:25,,AD-08,IST_SHIFT,1,N,N,N
L104184,Google,UK,Europe/London,2026-07-05 03:47,,AD-06,IST_SHIFT,0,N,N,N
L104185,Meta,USA,America/New_York,2026-06-05 20:47,,AD-06,IST_SHIFT,1,N,N,N
L104186,Referral,UAE,Asia/Dubai,2026-06-03 21:15,2026-06-07 03:22,AD-09,IST_SHIFT,1,Y,Y,Y
L104187,Meta,USA,America/New_York,2026-07-25 03:52,2026-07-26 03:04,AD-07,IST_SHIFT,2,Y,Y,Y
L104188,Meta,Vietnam,Asia/Ho_Chi_Minh,2026-07-25 08:53,,AD-04,US_SHIFT,1,N,N,N
L104189,Meta,UK,Europe/London,2026-07-05 21:34,2026-07-08 20:26,AD-09,IST_SHIFT,1,N,N,N
L104190,Affiliate,UAE,Asia/Dubai,2026-07-19 05:34,,AD-11,SEA_SHIFT,3,N,N,N
L104191,Meta,USA,America/New_York,2026-07-20 04:23,2026-07-22 09:20,AD-02,US_SHIFT,3,N,N,N
L104192,Organic,UAE,Asia/Dubai,2026-07-12 12:00,2026-07-16 23:00,AD-03,US_SHIFT,1,Y,N,N
L104193,Meta,USA,America/New_York,2026-06-28 11:30,2026-06-30 01:03,AD-05,IST_SHIFT,2,Y,Y,Y
L104194,Affiliate,USA,America/New_York,2026-06-17 23:08,,AD-08,IST_SHIFT,2,N,N,N
L104195,DSA,Saudi Arabia,Asia/Riyadh,2026-07-25 14:22,2026-07-27 06:04,AD-07,IST_SHIFT,3,Y,Y,N
L104196,Google,Vietnam,Asia/Ho_Chi_Minh,2026-06-01 16:09,2026-06-03 02:50,AD-10,SEA_SHIFT,3,N,N,N
L104197,Meta,Singapore,Asia/Singapore,2026-07-26 20:29,2026-07-31 08:38,AD-08,IST_SHIFT,1,Y,Y,N
L104198,Referral,USA,America/New_York,2026-07-28 12:17,2026-08-01 09:14,AD-10,SEA_SHIFT,1,N,N,N
L104199,Affiliate,USA,America/New_York,2026-06-28 02:44,,AD-07,IST_SHIFT,0,N,N,N
L104200,Google,USA,America/New_York,2026-07-18 13:50,2026-07-20 10:28,AD-10,SEA_SHIFT,3,Y,Y,Y
L104201,Meta,Australia,Australia/Sydney,2026-06-14 13:23,,AD-12,US_SHIFT,3,N,N,N
L104203,Meta,Singapore,Asia/Singapore,2026-07-22 02:57,2026-07-24 14:14,AD-05,IST_SHIFT,1,N,N,N
L104204,Meta,UK,Europe/London,2026-07-26 19:34,2026-07-27 04:48,AD-04,US_SHIFT,3,Y,Y,N
L104205,Organic,Australia,Australia/Sydney,2026-07-19 00:36,,AD-06,IST_SHIFT,2,N,N,N
L104206,Meta,USA,America/New_York,2026-06-05 11:29,2026-06-06 15:45,AD-06,IST_SHIFT,2,Y,Y,Y
L104208,Google,USA,America/New_York,2026-06-23 02:07,,AD-10,SEA_SHIFT,0,N,N,N
L104209,Meta,Vietnam,Asia/Ho_Chi_Minh,2026-07-09 23:16,2026-07-10 14:43,AD-01,US_SHIFT,0,Y,Y,N
L104210,Meta,Saudi Arabia,Asia/Riyadh,2026-07-07 20:20,,AD-11,SEA_SHIFT,3,N,N,N
L104212,Organic,USA,America/New_York,2026-07-27 12:22,2026-07-28 10:03,AD-10,SEA_SHIFT,0,Y,Y,Y
L104213,Google,UK,Europe/London,2026-06-25 06:07,2026-06-25 20:19,AD-12,US_SHIFT,2,Y,Y,N
L104214,Meta,Singapore,Asia/Singapore,2026-06-07 02:08,2026-06-10 19:20,AD-12,US_SHIFT,2,N,N,N
L104215,Meta,Vietnam,Asia/Ho_Chi_Minh,2026-07-19 03:24,,AD-01,US_SHIFT,0,N,N,N
L104216,Meta,USA,America/New_York,2026-07-16 07:22,2026-07-17 00:32,AD-02,US_SHIFT,3,Y,Y,N
L104217,Meta,Vietnam,Asia/Ho_Chi_Minh,2026-06-30 09:47,2026-07-01 15:24,AD-08,IST_SHIFT,2,Y,Y,N
L104218,Meta,India,Asia/Kolkata,2026-07-06 06:29,2026-07-07 13:58,AD-01,US_SHIFT,2,N,N,N
L104219,Meta,India,Asia/Kolkata,2026-06-04 04:37,,AD-01,US_SHIFT,1,N,N,N
L104220,Google,UK,Europe/London,2026-07-15 06:59,,AD-10,SEA_SHIFT,3,N,N,N
L104221,Affiliate,Singapore,Asia/Singapore,2026-07-10 11:07,,AD-09,IST_SHIFT,1,N,N,N
L104222,Meta,Vietnam,Asia/Ho_Chi_Minh,2026-06-01 03:27,2026-06-02 04:51,AD-01,US_SHIFT,3,Y,Y,N
L104223,Meta,India,Asia/Kolkata,2026-07-12 00:11,2026-07-12 17:01,AD-08,IST_SHIFT,2,N,N,N
L104226,Meta,Saudi Arabia,Asia/Riyadh,2026-07-28 18:56,,AD-06,IST_SHIFT,1,N,N,N
L104227,Meta,Saudi Arabia,Asia/Riyadh,2026-07-19 12:52,2026-07-22 15:08,AD-01,US_SHIFT,2,Y,N,N
L104228,Meta,UK,Europe/London,2026-07-09 23:43,,AD-02,US_SHIFT,0,N,N,N
L104229,Google,India,Asia/Kolkata,2026-07-02 20:51,2026-07-03 18:15,AD-03,US_SHIFT,3,N,N,N
L104230,Referral,USA,America/New_York,2026-06-30 20:02,,AD-03,US_SHIFT,0,N,N,N
L104231,Affiliate,USA,America/New_York,2026-07-13 08:42,,AD-08,IST_SHIFT,2,N,N,N
L104232,DSA,USA,America/New_York,2026-07-11 02:12,2026-07-14 03:33,AD-08,IST_SHIFT,1,Y,Y,N
L104233,Organic,USA,America/New_York,2026-06-08 02:38,2026-06-12 15:08,AD-01,US_SHIFT,0,Y,Y,N
L104234,Organic,USA,America/New_York,2026-06-16 17:28,,AD-09,IST_SHIFT,0,N,N,N
L104235,Meta,India,Asia/Kolkata,2026-06-30 07:39,2026-07-01 18:28,AD-10,SEA_SHIFT,0,N,N,N
L104236,Meta,UK,Europe/London,2026-07-08 10:20,2026-07-10 05:47,AD-09,IST_SHIFT,2,Y,Y,N
L104237,Google,USA,America/New_York,2026-07-22 11:20,,AD-01,US_SHIFT,2,N,N,N
L104238,Organic,Vietnam,Asia/Ho_Chi_Minh,2026-06-28 20:20,2026-06-28 23:47,AD-06,IST_SHIFT,3,N,N,N
L104239,Organic,India,Asia/Kolkata,2026-06-24 13:23,2026-06-27 18:11,AD-11,SEA_SHIFT,3,N,N,N
L104240,Meta,Australia,Australia/Sydney,2026-06-18 03:53,,AD-03,US_SHIFT,3,N,N,N
L104241,Google,UAE,Asia/Dubai,2026-07-22 19:19,,AD-09,IST_SHIFT,0,N,N,N
L104242,Meta,USA,America/New_York,2026-07-08 03:37,,AD-07,IST_SHIFT,3,N,N,N
L104243,Meta,UK,Europe/London,2026-07-10 20:32,2026-07-12 12:16,AD-11,SEA_SHIFT,3,Y,N,N
L104244,Affiliate,Vietnam,Asia/Ho_Chi_Minh,2026-06-09 12:25,2026-06-11 15:01,AD-06,IST_SHIFT,2,N,N,N
L104245,Affiliate,Saudi Arabia,Asia/Riyadh,2026-07-24 15:22,2026-07-25 03:49,AD-12,US_SHIFT,1,N,N,N
L104246,DSA,Saudi Arabia,Asia/Riyadh,2026-07-23 09:21,,AD-03,US_SHIFT,2,N,N,N
L104247,Google,USA,America/New_York,2026-07-12 11:14,,AD-04,US_SHIFT,0,N,N,N
L104248,Organic,UAE,Asia/Dubai,2026-07-10 22:35,2026-07-12 19:02,AD-12,US_SHIFT,2,Y,Y,N
L104250,Organic,USA,America/New_York,2026-06-14 18:14,2026-06-19 15:56,AD-08,IST_SHIFT,0,Y,Y,N
L104251,Meta,USA,America/New_York,2026-07-10 17:04,2026-07-11 14:50,AD-12,US_SHIFT,2,Y,Y,N
L104252,Organic,USA,America/New_York,2026-07-28 16:25,,AD-06,IST_SHIFT,1,N,N,N
L104253,Affiliate,India,Asia/Kolkata,2026-07-03 21:45,2026-07-05 13:27,AD-09,IST_SHIFT,2,Y,Y,N
L104254,Meta,UAE,Asia/Dubai,2026-06-08 04:06,2026-06-09 18:11,AD-07,IST_SHIFT,3,Y,Y,Y
L104255,Affiliate,USA,America/New_York,2026-07-02 10:12,2026-07-03 21:35,AD-10,SEA_SHIFT,3,Y,N,N
L104256,Google,USA,America/New_York,2026-07-26 16:51,2026-07-27 12:25,AD-04,US_SHIFT,3,Y,N,N
L104257,Google,USA,America/New_York,2026-06-07 00:05,2026-06-10 15:28,AD-02,US_SHIFT,2,N,N,N
L104258,Meta,USA,America/New_York,2026-06-09 12:30,,AD-05,IST_SHIFT,3,N,N,N
L104259,Meta,UAE,Asia/Dubai,2026-06-29 14:02,2026-07-01 20:48,AD-11,SEA_SHIFT,0,Y,Y,N
L104260,Google,USA,America/New_York,2026-07-29 22:10,2026-07-30 00:18,AD-07,IST_SHIFT,2,N,N,N
L104261,Organic,USA,America/New_York,2026-07-29 17:26,2026-07-30 22:46,AD-07,IST_SHIFT,2,Y,Y,N
L104263,Meta,Vietnam,Asia/Ho_Chi_Minh,2026-06-08 15:35,,AD-09,IST_SHIFT,3,N,N,N
L104264,Organic,USA,America/New_York,2026-07-08 11:07,2026-07-09 03:43,AD-08,IST_SHIFT,2,Y,Y,N
L104267,Meta,Singapore,Asia/Singapore,2026-07-03 16:36,2026-07-06 17:01,AD-09,IST_SHIFT,0,N,N,N
L104270,Google,India,Asia/Kolkata,2026-06-03 13:55,,AD-07,IST_SHIFT,3,N,N,N
L104272,Meta,Singapore,Asia/Singapore,2026-06-03 02:07,,AD-06,IST_SHIFT,2,N,N,N
L104273,Meta,USA,America/New_York,2026-06-07 17:06,,AD-07,IST_SHIFT,1,N,N,N
L104275,Meta,Saudi Arabia,Asia/Riyadh,2026-07-06 00:02,,AD-09,IST_SHIFT,0,N,N,N
L104276,Organic,India,Asia/Kolkata,2026-06-16 13:19,2026-06-19 13:20,AD-01,US_SHIFT,2,N,N,N
L104280,Meta,Vietnam,Asia/Ho_Chi_Minh,2026-07-12 14:55,2026-07-13 01:41,AD-10,SEA_SHIFT,1,N,N,N
L104281,Google,Singapore,Asia/Singapore,2026-07-07 17:56,2026-07-10 02:01,AD-07,IST_SHIFT,1,Y,Y,N
L104282,Meta,Australia,Australia/Sydney,2026-07-01 09:20,2026-07-01 20:53,AD-03,US_SHIFT,2,Y,Y,Y
L104283,Meta,UAE,Asia/Dubai,2026-07-21 06:13,,AD-11,SEA_SHIFT,0,N,N,N
L104284,Meta,Vietnam,Asia/Ho_Chi_Minh,2026-07-07 13:30,2026-07-11 18:57,AD-08,IST_SHIFT,3,N,N,N
L104287,Google,Singapore,Asia/Singapore,2026-06-13 11:41,2026-06-18 00:38,AD-05,IST_SHIFT,1,N,N,N
L104288,Meta,Vietnam,Asia/Ho_Chi_Minh,2026-07-05 04:00,2026-07-10 02:07,AD-08,IST_SHIFT,3,N,N,N
L104289,Google,Vietnam,Asia/Ho_Chi_Minh,2026-07-02 08:21,,AD-06,IST_SHIFT,2,N,N,N
L104290,Meta,Saudi Arabia,Asia/Riyadh,2026-06-20 21:37,2026-06-21 09:39,AD-08,IST_SHIFT,1,Y,Y,Y
L104291,Google,Vietnam,Asia/Ho_Chi_Minh,2026-06-30 17:42,2026-07-01 17:08,AD-07,IST_SHIFT,1,Y,N,N
L104292,Referral,UK,Europe/London,2026-06-18 05:07,2026-06-19 16:14,AD-06,IST_SHIFT,2,Y,N,N
L104293,Meta,USA,America/New_York,2026-07-14 10:27,,AD-03,US_SHIFT,0,N,N,N
L104294,Meta,USA,America/New_York,2026-07-27 01:07,,AD-08,IST_SHIFT,2,N,N,N
L104295,Affiliate,UAE,Asia/Dubai,2026-07-12 00:02,,AD-05,IST_SHIFT,0,N,N,N
L104296,Google,Saudi Arabia,Asia/Riyadh,2026-07-21 14:09,2026-07-22 03:41,AD-12,US_SHIFT,3,Y,N,N
L104297,Affiliate,Vietnam,Asia/Ho_Chi_Minh,2026-07-15 00:21,2026-07-15 19:45,AD-08,IST_SHIFT,0,Y,Y,N
L104298,Google,Vietnam,Asia/Ho_Chi_Minh,2026-06-04 11:08,,AD-05,IST_SHIFT,2,N,N,N
L104302,Google,USA,America/New_York,2026-06-25 19:16,2026-06-30 05:26,AD-01,US_SHIFT,1,Y,Y,N
L104303,Google,Australia,Australia/Sydney,2026-06-26 03:22,,AD-06,IST_SHIFT,3,N,N,N
L104304,Google,USA,America/New_York,2026-06-07 12:08,2026-06-10 17:54,AD-08,IST_SHIFT,2,Y,Y,N
L104305,Meta,Vietnam,Asia/Ho_Chi_Minh,2026-06-24 20:49,2026-06-28 23:44,AD-09,IST_SHIFT,1,N,N,N
L104307,Google,USA,America/New_York,2026-07-30 06:32,2026-07-31 06:23,AD-03,US_SHIFT,2,Y,Y,N
L104308,Google,UAE,Asia/Dubai,2026-06-22 14:22,2026-06-24 11:29,AD-12,US_SHIFT,3,N,N,N
L104309,Meta,UK,Europe/London,2026-07-20 13:30,,AD-06,IST_SHIFT,1,N,N,N
L104312,Organic,USA,America/New_York,2026-06-22 02:42,2026-06-24 00:38,AD-11,SEA_SHIFT,1,Y,Y,Y
L104313,Referral,UAE,Asia/Dubai,2026-07-15 21:26,2026-07-17 04:23,AD-01,US_SHIFT,0,N,N,N
L104315,Affiliate,Singapore,Asia/Singapore,2026-06-18 05:18,2026-06-18 07:27,AD-10,SEA_SHIFT,3,Y,Y,Y
L104316,Google,UAE,Asia/Dubai,2026-06-10 06:23,2026-06-12 03:29,AD-01,US_SHIFT,3,Y,Y,Y
L104319,Affiliate,India,Asia/Kolkata,2026-06-21 00:15,2026-06-21 19:36,AD-10,SEA_SHIFT,0,Y,Y,Y
L104320,Affiliate,Singapore,Asia/Singapore,2026-06-25 08:40,2026-06-26 04:28,AD-06,IST_SHIFT,1,Y,Y,N
L104321,Google,USA,America/New_York,2026-06-18 14:00,2026-06-22 15:58,AD-07,IST_SHIFT,0,N,N,N
L104322,Affiliate,India,Asia/Kolkata,2026-06-01 12:45,2026-06-03 15:54,AD-08,IST_SHIFT,2,N,N,N
L104323,Google,UAE,Asia/Dubai,2026-07-06 18:39,,AD-03,US_SHIFT,1,N,N,N
L104324,Google,USA,America/New_York,2026-06-22 01:31,2026-06-24 10:57,AD-05,IST_SHIFT,1,N,N,N
L104325,Organic,Australia,Australia/Sydney,2026-06-21 06:29,2026-06-22 08:50,AD-08,IST_SHIFT,0,Y,Y,N
L104326,Organic,USA,America/New_York,2026-07-30 07:03,,AD-09,IST_SHIFT,2,N,N,N
L104327,Meta,Vietnam,Asia/Ho_Chi_Minh,2026-07-15 14:08,2026-07-19 10:33,AD-11,SEA_SHIFT,2,Y,Y,Y
L104328,Meta,India,Asia/Kolkata,2026-06-23 22:19,,AD-12,US_SHIFT,1,N,N,N
L104329,Meta,USA,America/New_York,2026-07-16 11:41,2026-07-19 08:41,AD-01,US_SHIFT,2,Y,Y,Y
L104330,Google,UAE,Asia/Dubai,2026-07-25 04:40,,AD-10,SEA_SHIFT,1,N,N,N
L104331,Meta,USA,America/New_York,2026-06-10 18:52,2026-06-11 04:26,AD-05,IST_SHIFT,3,Y,N,N
L104333,Meta,India,Asia/Kolkata,2026-07-24 00:39,2026-07-25 21:14,AD-05,IST_SHIFT,1,N,N,N
L104334,Google,USA,America/New_York,2026-06-28 06:32,2026-06-29 11:42,AD-08,IST_SHIFT,0,Y,N,N
L104335,Meta,USA,America/New_York,2026-06-07 18:44,,AD-08,IST_SHIFT,0,N,N,N
L104336,Meta,Singapore,Asia/Singapore,2026-06-08 08:36,2026-06-13 03:06,AD-09,IST_SHIFT,3,Y,Y,N
L104338,Meta,Vietnam,Asia/Ho_Chi_Minh,2026-07-26 12:12,2026-07-28 16:05,AD-10,SEA_SHIFT,1,N,N,N
L104339,Meta,UK,Europe/London,2026-06-23 17:59,,AD-07,IST_SHIFT,1,N,N,N
L104340,Meta,Vietnam,Asia/Ho_Chi_Minh,2026-06-16 13:26,2026-06-16 19:20,AD-09,IST_SHIFT,2,Y,Y,N
L104341,Meta,Vietnam,Asia/Ho_Chi_Minh,2026-07-07 00:33,2026-07-11 16:37,AD-09,IST_SHIFT,2,N,N,N
L104342,Meta,Vietnam,Asia/Ho_Chi_Minh,2026-06-20 15:41,2026-06-23 13:46,AD-02,US_SHIFT,1,Y,Y,N
L104343,Google,Saudi Arabia,Asia/Riyadh,2026-07-17 21:57,2026-07-19 02:51,AD-06,IST_SHIFT,0,Y,Y,N
L104345,DSA,Saudi Arabia,Asia/Riyadh,2026-06-16 05:06,,AD-04,US_SHIFT,0,N,N,N
L104347,Meta,USA,America/New_York,2026-07-25 19:47,2026-07-27 13:50,AD-03,US_SHIFT,0,Y,Y,Y
L104349,Meta,India,Asia/Kolkata,2026-07-11 15:27,2026-07-12 08:09,AD-03,US_SHIFT,3,Y,Y,N
L104350,Google,USA,America/New_York,2026-06-18 19:36,,AD-07,IST_SHIFT,3,N,N,N
L104351,Meta,Vietnam,Asia/Ho_Chi_Minh,2026-06-14 19:30,2026-06-19 04:12,AD-01,US_SHIFT,2,N,N,N
L104352,Meta,Vietnam,Asia/Ho_Chi_Minh,2026-07-17 08:16,,AD-05,IST_SHIFT,0,N,N,N
L104353,Google,USA,America/New_York,2026-07-03 15:05,,AD-05,IST_SHIFT,0,N,N,N
L104354,Google,USA,America/New_York,2026-06-20 06:49,,AD-11,SEA_SHIFT,1,N,N,N
L104355,Meta,India,Asia/Kolkata,2026-07-30 01:21,,AD-07,IST_SHIFT,3,N,N,N
L104356,Meta,India,Asia/Kolkata,2026-07-25 13:39,,AD-12,US_SHIFT,0,N,N,N
L104357,Organic,India,Asia/Kolkata,2026-06-16 01:39,,AD-04,US_SHIFT,3,N,N,N
L104358,Google,USA,America/New_York,2026-06-29 16:08,,AD-09,IST_SHIFT,1,N,N,N
L104359,Google,USA,America/New_York,2026-06-15 01:01,2026-06-15 18:27,AD-07,IST_SHIFT,2,Y,Y,N
L104361,Organic,Saudi Arabia,Asia/Riyadh,2026-06-04 11:40,,AD-07,IST_SHIFT,0,N,N,N
L104362,Affiliate,USA,America/New_York,2026-06-22 22:39,,AD-02,US_SHIFT,3,N,N,N
L104363,Meta,USA,America/New_York,2026-06-25 23:22,2026-06-27 06:17,AD-01,US_SHIFT,1,N,N,N
L104364,Meta,India,Asia/Kolkata,2026-06-27 04:44,,AD-12,US_SHIFT,0,N,N,N
L104365,Google,USA,America/New_York,2026-07-04 13:24,2026-07-05 10:48,AD-05,IST_SHIFT,2,Y,N,N
L104367,Meta,USA,America/New_York,2026-07-13 03:41,2026-07-16 04:55,AD-06,IST_SHIFT,2,Y,Y,Y
L104368,Google,Vietnam,Asia/Ho_Chi_Minh,2026-07-19 10:27,2026-07-20 01:00,AD-10,SEA_SHIFT,3,Y,Y,N
L104369,DSA,UK,Europe/London,2026-06-21 01:48,2026-06-21 07:31,AD-02,US_SHIFT,1,N,N,N
L104370,Affiliate,UAE,Asia/Dubai,2026-06-03 15:48,2026-06-04 19:45,AD-11,SEA_SHIFT,1,Y,Y,N
L104371,DSA,Australia,Australia/Sydney,2026-06-08 17:09,2026-06-11 09:14,AD-06,IST_SHIFT,1,Y,Y,N
L104372,Google,USA,America/New_York,2026-06-26 13:14,,AD-09,IST_SHIFT,2,N,N,N
L104373,Organic,USA,America/New_York,2026-06-18 11:00,2026-06-19 03:00,AD-07,IST_SHIFT,3,Y,N,N
L104375,Meta,USA,America/New_York,2026-06-02 01:17,,AD-12,US_SHIFT,3,N,N,N
L104376,Google,Saudi Arabia,Asia/Riyadh,2026-07-23 17:35,,AD-03,US_SHIFT,2,N,N,N
L104377,Affiliate,Saudi Arabia,Asia/Riyadh,2026-07-21 05:32,2026-07-22 19:37,AD-08,IST_SHIFT,3,N,N,N
L104378,Affiliate,Australia,Australia/Sydney,2026-07-26 15:25,,AD-09,IST_SHIFT,3,N,N,N
L104379,Meta,USA,America/New_York,2026-06-04 21:53,2026-06-06 09:40,AD-06,IST_SHIFT,2,Y,Y,N
L104381,Meta,USA,America/New_York,2026-06-08 22:55,,AD-11,SEA_SHIFT,2,N,N,N
L104382,Organic,Vietnam,Asia/Ho_Chi_Minh,2026-07-01 23:45,2026-07-04 12:00,AD-05,IST_SHIFT,3,N,N,N
L104384,Google,USA,America/New_York,2026-06-10 19:15,,AD-02,US_SHIFT,0,N,N,N
L104385,Meta,Vietnam,Asia/Ho_Chi_Minh,2026-06-09 11:19,2026-06-13 18:11,AD-12,US_SHIFT,2,Y,Y,N
L104386,Meta,Vietnam,Asia/Ho_Chi_Minh,2026-07-13 17:30,2026-07-15 09:52,AD-09,IST_SHIFT,1,Y,Y,N
L104387,Organic,UK,Europe/London,2026-07-23 07:47,2026-07-24 23:42,AD-03,US_SHIFT,2,Y,N,N
L104388,Google,India,Asia/Kolkata,2026-06-02 05:56,2026-06-02 12:16,AD-03,US_SHIFT,1,Y,Y,N
L104389,Meta,India,Asia/Kolkata,2026-06-16 03:05,2026-06-16 07:59,AD-08,IST_SHIFT,1,Y,Y,N
L104390,Meta,Saudi Arabia,Asia/Riyadh,2026-07-26 03:37,2026-07-27 02:03,AD-06,IST_SHIFT,3,N,N,N
L104391,Meta,Australia,Australia/Sydney,2026-07-16 18:04,,AD-12,US_SHIFT,1,N,N,N
L104393,Organic,Saudi Arabia,Asia/Riyadh,2026-06-10 11:23,,AD-08,IST_SHIFT,2,N,N,N
L104394,Google,Saudi Arabia,Asia/Riyadh,2026-06-16 04:13,2026-06-21 00:12,AD-09,IST_SHIFT,3,Y,Y,N
L104395,Organic,UK,Europe/London,2026-07-09 18:25,,AD-04,US_SHIFT,2,N,N,N
L104396,Google,USA,America/New_York,2026-07-29 14:25,,AD-04,US_SHIFT,2,N,N,N
L104397,Meta,Vietnam,Asia/Ho_Chi_Minh,2026-07-28 11:04,2026-07-29 13:27,AD-11,SEA_SHIFT,2,N,N,N
L104399,Meta,USA,America/New_York,2026-06-07 11:34,2026-06-08 17:11,AD-09,IST_SHIFT,1,Y,Y,Y
L104401,Google,USA,America/New_York,2026-06-12 05:01,2026-06-13 12:52,AD-03,US_SHIFT,0,N,N,N
L104402,Meta,UAE,Asia/Dubai,2026-07-16 14:19,2026-07-18 13:07,AD-10,SEA_SHIFT,3,Y,N,N
L104403,Google,Saudi Arabia,Asia/Riyadh,2026-07-16 16:40,,AD-06,IST_SHIFT,1,N,N,N
L104404,Affiliate,UK,Europe/London,2026-07-23 00:03,2026-07-23 19:21,AD-02,US_SHIFT,2,Y,Y,N
L104405,Meta,Vietnam,Asia/Ho_Chi_Minh,2026-06-07 17:56,2026-06-08 19:20,AD-10,SEA_SHIFT,0,Y,Y,N
L104406,Organic,Australia,Australia/Sydney,2026-07-17 09:00,,AD-01,US_SHIFT,1,N,N,N
L104407,Organic,UK,Europe/London,2026-07-28 14:32,2026-07-31 14:43,AD-01,US_SHIFT,2,Y,Y,N
L104408,Meta,UK,Europe/London,2026-06-18 22:33,2026-06-23 19:09,AD-01,US_SHIFT,2,N,N,N
L104409,DSA,USA,America/New_York,2026-07-20 06:24,2026-07-20 10:56,AD-11,SEA_SHIFT,2,Y,Y,Y
L104411,Meta,India,Asia/Kolkata,2026-07-20 20:38,2026-07-22 05:01,AD-10,SEA_SHIFT,2,Y,Y,N
L104412,Meta,India,Asia/Kolkata,2026-07-24 07:32,,AD-03,US_SHIFT,1,N,N,N
L104413,Referral,Saudi Arabia,Asia/Riyadh,2026-06-21 13:50,,AD-05,IST_SHIFT,2,N,N,N
L104414,DSA,USA,America/New_York,2026-06-15 18:18,,AD-04,US_SHIFT,2,N,N,N
L104415,Organic,UK,Europe/London,2026-07-21 01:25,,AD-07,IST_SHIFT,3,N,N,N
L104416,Google,Australia,Australia/Sydney,2026-06-10 08:38,2026-06-11 17:59,AD-03,US_SHIFT,3,Y,N,N
L104418,Meta,UAE,Asia/Dubai,2026-07-14 21:23,2026-07-19 10:42,AD-07,IST_SHIFT,3,N,N,N
L104419,Meta,USA,America/New_York,2026-06-12 14:40,2026-06-16 01:23,AD-12,US_SHIFT,2,N,N,N
L104421,Meta,Saudi Arabia,Asia/Riyadh,2026-06-12 19:56,2026-06-14 01:40,AD-08,IST_SHIFT,1,Y,Y,N
L104422,Organic,USA,America/New_York,2026-07-19 01:40,2026-07-19 09:53,AD-09,IST_SHIFT,3,Y,Y,Y
L104423,Google,UAE,Asia/Dubai,2026-06-07 19:02,,AD-03,US_SHIFT,2,N,N,N
L104425,Organic,USA,America/New_York,2026-06-21 13:29,,AD-09,IST_SHIFT,3,N,N,N
L104426,Meta,India,Asia/Kolkata,2026-06-12 06:41,,AD-02,US_SHIFT,3,N,N,N
L104427,Referral,USA,America/New_York,2026-07-20 10:42,2026-07-24 13:16,AD-04,US_SHIFT,3,Y,N,N
L104428,Google,UAE,Asia/Dubai,2026-07-13 15:38,2026-07-15 04:52,AD-09,IST_SHIFT,0,Y,Y,N
L104430,Organic,UK,Europe/London,2026-06-28 21:19,2026-06-29 14:53,AD-02,US_SHIFT,2,Y,Y,N
L104431,Google,UAE,Asia/Dubai,2026-07-07 03:05,2026-07-12 01:32,AD-07,IST_SHIFT,3,Y,N,N
L104432,Meta,UAE,Asia/Dubai,2026-07-25 02:48,2026-07-26 05:07,AD-06,IST_SHIFT,1,Y,Y,N
L104435,Google,Saudi Arabia,Asia/Riyadh,2026-06-13 17:36,,AD-01,US_SHIFT,1,N,N,N
L104436,Affiliate,Vietnam,Asia/Ho_Chi_Minh,2026-06-14 21:52,2026-06-16 07:56,AD-04,US_SHIFT,1,Y,Y,N
L104437,Organic,Vietnam,Asia/Ho_Chi_Minh,2026-06-06 03:02,,AD-09,IST_SHIFT,2,N,N,N
L104438,Referral,Vietnam,Asia/Ho_Chi_Minh,2026-06-01 21:09,2026-06-02 22:48,AD-01,US_SHIFT,0,Y,Y,N
L104439,DSA,Singapore,Asia/Singapore,2026-07-26 23:30,2026-07-31 06:44,AD-02,US_SHIFT,2,Y,Y,N
L104441,Meta,India,Asia/Kolkata,2026-06-03 08:52,,AD-03,US_SHIFT,3,N,N,N
L104442,Affiliate,UK,Europe/London,2026-06-24 02:24,2026-06-28 22:59,AD-03,US_SHIFT,0,Y,Y,Y
L104444,DSA,Vietnam,Asia/Ho_Chi_Minh,2026-07-02 11:35,2026-07-04 07:53,AD-07,IST_SHIFT,1,Y,Y,N
L104446,Meta,Singapore,Asia/Singapore,2026-07-08 23:01,,AD-03,US_SHIFT,1,N,N,N
L104447,Meta,USA,America/New_York,2026-07-04 11:50,,AD-12,US_SHIFT,0,N,N,N
L104448,Google,Saudi Arabia,Asia/Riyadh,2026-06-14 13:46,2026-06-17 03:23,AD-01,US_SHIFT,1,Y,N,N
L104449,Meta,USA,America/New_York,2026-06-17 11:26,2026-06-18 23:49,AD-12,US_SHIFT,2,Y,Y,N
L104450,DSA,UAE,Asia/Dubai,2026-07-06 12:51,,AD-11,SEA_SHIFT,3,N,N,N
L104451,Google,USA,America/New_York,2026-07-19 08:02,2026-07-21 20:12,AD-06,IST_SHIFT,3,Y,N,N
L104452,Google,USA,America/New_York,2026-06-19 21:10,2026-06-21 17:19,AD-10,SEA_SHIFT,0,Y,Y,N
L104453,Meta,Singapore,Asia/Singapore,2026-06-30 13:21,,AD-04,US_SHIFT,1,N,N,N
L104454,Google,USA,America/New_York,2026-06-23 16:18,2026-06-24 10:35,AD-04,US_SHIFT,1,Y,Y,Y
L104455,DSA,USA,America/New_York,2026-06-25 23:09,,AD-02,US_SHIFT,2,N,N,N
L104456,Meta,UAE,Asia/Dubai,2026-06-14 18:59,,AD-12,US_SHIFT,0,N,N,N
L104457,Meta,USA,America/New_York,2026-07-13 16:35,,AD-05,IST_SHIFT,3,N,N,N
L104458,Organic,USA,America/New_York,2026-07-27 16:48,2026-07-30 11:34,AD-05,IST_SHIFT,0,N,N,N
L104460,Meta,Vietnam,Asia/Ho_Chi_Minh,2026-07-23 02:39,2026-07-24 06:59,AD-02,US_SHIFT,1,Y,N,N
L104461,Meta,India,Asia/Kolkata,2026-06-21 20:37,2026-06-26 07:01,AD-12,US_SHIFT,2,N,N,N
L104462,Meta,Saudi Arabia,Asia/Riyadh,2026-07-06 16:23,2026-07-10 20:25,AD-09,IST_SHIFT,0,Y,Y,N
L104464,Organic,UAE,Asia/Dubai,2026-07-17 07:00,2026-07-18 19:02,AD-02,US_SHIFT,1,Y,Y,N
L104465,Google,USA,America/New_York,2026-07-06 09:57,2026-07-09 20:11,AD-08,IST_SHIFT,3,Y,N,N
L104466,Meta,Vietnam,Asia/Ho_Chi_Minh,2026-07-14 04:10,2026-07-17 16:04,AD-04,US_SHIFT,0,Y,Y,N
L104467,Meta,UAE,Asia/Dubai,2026-06-01 03:44,2026-06-02 07:21,AD-01,US_SHIFT,2,Y,Y,N
L104468,Meta,USA,America/New_York,2026-06-10 20:23,,AD-04,US_SHIFT,2,N,N,N
L104469,Affiliate,USA,America/New_York,2026-06-04 01:31,2026-06-07 20:32,AD-06,IST_SHIFT,1,Y,Y,N
L104470,Meta,UAE,Asia/Dubai,2026-06-14 10:38,2026-06-15 04:12,AD-01,US_SHIFT,0,Y,Y,N
L104471,Meta,Singapore,Asia/Singapore,2026-06-16 15:13,2026-06-17 17:41,AD-11,SEA_SHIFT,2,Y,Y,N
L104473,Meta,India,Asia/Kolkata,2026-07-02 03:40,2026-07-05 20:39,AD-05,IST_SHIFT,2,Y,Y,Y
L104474,Meta,Saudi Arabia,Asia/Riyadh,2026-06-19 00:56,2026-06-19 22:30,AD-11,SEA_SHIFT,2,Y,Y,N
L104475,Affiliate,USA,America/New_York,2026-06-20 16:33,2026-06-22 07:33,AD-03,US_SHIFT,3,Y,Y,Y
L104476,Meta,USA,America/New_York,2026-07-21 02:22,2026-07-24 16:25,AD-06,IST_SHIFT,2,Y,Y,Y
L104477,Meta,UK,Europe/London,2026-07-19 11:15,,AD-06,IST_SHIFT,1,N,N,N
L104479,Organic,USA,America/New_York,2026-07-08 08:53,2026-07-08 22:15,AD-04,US_SHIFT,0,N,N,N
L104480,Affiliate,USA,America/New_York,2026-07-23 02:48,2026-07-26 18:37,AD-12,US_SHIFT,3,Y,Y,Y
L104481,Organic,USA,America/New_York,2026-07-22 13:44,2026-07-26 15:38,AD-06,IST_SHIFT,2,N,N,N
L104482,Meta,USA,America/New_York,2026-06-26 10:05,2026-06-29 19:09,AD-03,US_SHIFT,1,Y,Y,N
L104483,Meta,UK,Europe/London,2026-06-26 22:46,,AD-04,US_SHIFT,2,N,N,N
L104484,Referral,USA,America/New_York,2026-06-19 12:26,2026-06-19 21:38,AD-10,SEA_SHIFT,1,N,N,N
L104485,Google,USA,America/New_York,2026-06-25 21:32,2026-06-26 23:52,AD-04,US_SHIFT,3,Y,Y,N
L104486,Google,USA,America/New_York,2026-07-21 14:53,,AD-12,US_SHIFT,3,N,N,N
L104487,Meta,Vietnam,Asia/Ho_Chi_Minh,2026-06-11 21:48,,AD-07,IST_SHIFT,1,N,N,N
L104488,Meta,USA,America/New_York,2026-07-03 05:04,2026-07-04 10:08,AD-04,US_SHIFT,1,Y,Y,N
L104489,DSA,Saudi Arabia,Asia/Riyadh,2026-06-18 03:23,2026-06-21 21:22,AD-06,IST_SHIFT,3,N,N,N
L104490,Meta,Singapore,Asia/Singapore,2026-06-02 22:02,2026-06-06 12:41,AD-05,IST_SHIFT,3,Y,Y,Y
L104495,Google,USA,America/New_York,2026-07-01 08:50,2026-07-01 16:13,AD-08,IST_SHIFT,0,Y,Y,N
L104496,Organic,UK,Europe/London,2026-07-10 07:07,,AD-06,IST_SHIFT,2,N,N,N
L104497,Meta,UK,Europe/London,2026-07-24 05:05,2026-07-25 00:17,AD-04,US_SHIFT,0,Y,N,N
L104498,Google,USA,America/New_York,2026-07-22 13:34,,AD-09,IST_SHIFT,3,N,N,N
L104499,Organic,UAE,Asia/Dubai,2026-06-21 16:01,2026-06-23 02:48,AD-09,IST_SHIFT,0,Y,Y,N
L104500,Organic,USA,America/New_York,2026-06-11 05:30,2026-06-13 00:26,AD-07,IST_SHIFT,1,Y,Y,N
L104501,Organic,Singapore,Asia/Singapore,2026-06-18 17:43,2026-06-21 22:41,AD-07,IST_SHIFT,1,Y,Y,N
L104503,Meta,USA,America/New_York,2026-06-29 07:57,,AD-10,SEA_SHIFT,1,N,N,N
L104504,Affiliate,UAE,Asia/Dubai,2026-07-11 20:57,,AD-11,SEA_SHIFT,0,N,N,N
L104505,Affiliate,UK,Europe/London,2026-06-17 06:37,,AD-01,US_SHIFT,1,N,N,N
L104507,Meta,Vietnam,Asia/Ho_Chi_Minh,2026-06-24 20:07,2026-06-27 08:40,AD-06,IST_SHIFT,0,N,N,N
L104508,Meta,USA,America/New_York,2026-07-21 03:11,,AD-01,US_SHIFT,1,N,N,N
L104509,Meta,USA,America/New_York,2026-06-22 00:54,,AD-02,US_SHIFT,3,N,N,N
L104511,Meta,UAE,Asia/Dubai,2026-07-10 20:04,,AD-06,IST_SHIFT,0,N,N,N
L104512,Referral,India,Asia/Kolkata,2026-06-29 17:52,2026-06-30 12:41,AD-01,US_SHIFT,0,Y,Y,Y
L104513,DSA,USA,America/New_York,2026-07-10 10:13,,AD-03,US_SHIFT,3,N,N,N
L104516,Google,USA,America/New_York,2026-06-23 19:42,,AD-08,IST_SHIFT,2,N,N,N
L104517,Google,Vietnam,Asia/Ho_Chi_Minh,2026-07-08 10:43,2026-07-09 22:55,AD-11,SEA_SHIFT,3,Y,Y,N
L104518,Google,Singapore,Asia/Singapore,2026-06-21 05:14,2026-06-22 07:50,AD-12,US_SHIFT,3,Y,Y,N
L104519,Affiliate,USA,America/New_York,2026-06-30 22:30,2026-07-03 05:05,AD-01,US_SHIFT,1,Y,Y,N
L104521,Meta,USA,America/New_York,2026-06-09 12:14,2026-06-14 04:58,AD-04,US_SHIFT,0,N,N,N
L104522,Google,UAE,Asia/Dubai,2026-06-20 14:51,,AD-12,US_SHIFT,3,N,N,N
L104523,Meta,USA,America/New_York,2026-06-15 17:59,2026-06-17 06:45,AD-07,IST_SHIFT,1,Y,Y,Y
L104524,Affiliate,UAE,Asia/Dubai,2026-06-02 20:33,2026-06-04 00:27,AD-12,US_SHIFT,0,Y,Y,Y
L104526,Meta,USA,America/New_York,2026-07-10 03:30,2026-07-11 10:40,AD-02,US_SHIFT,2,Y,Y,N
L104528,Google,UK,Europe/London,2026-07-21 22:38,,AD-01,US_SHIFT,3,N,N,N
L104529,Google,Vietnam,Asia/Ho_Chi_Minh,2026-07-29 12:01,,AD-08,IST_SHIFT,0,N,N,N
L104530,DSA,USA,America/New_York,2026-06-05 15:14,2026-06-06 10:39,AD-02,US_SHIFT,3,Y,Y,N
L104531,DSA,Vietnam,Asia/Ho_Chi_Minh,2026-07-26 08:40,2026-07-26 12:29,AD-08,IST_SHIFT,1,Y,Y,N
L104532,Meta,India,Asia/Kolkata,2026-07-26 05:06,,AD-09,IST_SHIFT,1,N,N,N
L104533,Referral,UAE,Asia/Dubai,2026-06-11 09:03,,AD-12,US_SHIFT,0,N,N,N
L104534,DSA,Vietnam,Asia/Ho_Chi_Minh,2026-07-24 20:59,2026-07-25 11:55,AD-10,SEA_SHIFT,3,Y,Y,N
L104535,Meta,Vietnam,Asia/Ho_Chi_Minh,2026-07-03 12:48,2026-07-06 05:55,AD-11,SEA_SHIFT,0,N,N,N
L104536,Meta,UK,Europe/London,2026-07-29 11:47,2026-08-02 22:37,AD-04,US_SHIFT,1,N,N,N
L104538,Organic,USA,America/New_York,2026-07-03 12:41,2026-07-03 21:50,AD-11,SEA_SHIFT,0,Y,Y,N
L104539,Meta,UK,Europe/London,2026-07-19 18:48,2026-07-21 07:04,AD-12,US_SHIFT,2,N,N,N
L104540,Affiliate,USA,America/New_York,2026-06-10 15:11,,AD-02,US_SHIFT,3,N,N,N
L104541,Google,UK,Europe/London,2026-07-13 20:31,2026-07-15 18:19,AD-11,SEA_SHIFT,1,Y,Y,N
L104542,Affiliate,Vietnam,Asia/Ho_Chi_Minh,2026-07-22 04:33,2026-07-25 10:42,AD-08,IST_SHIFT,3,N,N,N
L104543,Meta,USA,America/New_York,2026-07-23 04:23,,AD-04,US_SHIFT,0,N,N,N
L104545,Organic,UK,Europe/London,2026-06-17 21:27,2026-06-18 12:41,AD-10,SEA_SHIFT,1,Y,Y,N
L104546,Google,USA,America/New_York,2026-06-26 18:35,2026-06-29 17:33,AD-09,IST_SHIFT,1,N,N,N
L104547,Meta,Vietnam,Asia/Ho_Chi_Minh,2026-06-09 13:53,2026-06-10 04:25,AD-12,US_SHIFT,1,Y,Y,N
L104548,Meta,USA,America/New_York,2026-07-05 01:36,,AD-02,US_SHIFT,2,N,N,N
L104549,DSA,India,Asia/Kolkata,2026-07-07 22:39,2026-07-08 13:50,AD-01,US_SHIFT,3,Y,Y,Y
L104551,Meta,Vietnam,Asia/Ho_Chi_Minh,2026-06-05 20:55,2026-06-06 15:57,AD-07,IST_SHIFT,2,Y,Y,N
L104552,Organic,UK,Europe/London,2026-06-12 20:59,2026-06-13 10:12,AD-06,IST_SHIFT,1,Y,Y,N
L104553,Meta,Saudi Arabia,Asia/Riyadh,2026-07-17 22:41,,AD-05,IST_SHIFT,3,N,N,N
L104554,Meta,USA,America/New_York,2026-06-07 02:41,,AD-07,IST_SHIFT,0,N,N,N
L104555,Google,USA,America/New_York,2026-06-04 15:24,2026-06-09 06:32,AD-11,SEA_SHIFT,1,N,N,N
L104556,Meta,Australia,Australia/Sydney,2026-06-10 14:07,2026-06-14 10:04,AD-06,IST_SHIFT,2,N,N,N
L104557,Meta,USA,America/New_York,2026-06-09 03:50,2026-06-11 02:27,AD-12,US_SHIFT,0,Y,Y,N
L104559,Meta,Saudi Arabia,Asia/Riyadh,2026-07-11 17:50,,AD-08,IST_SHIFT,1,N,N,N
L104560,DSA,India,Asia/Kolkata,2026-06-09 12:03,,AD-02,US_SHIFT,2,N,N,N
L104561,Meta,USA,America/New_York,2026-06-17 05:21,,AD-12,US_SHIFT,1,N,N,N
L104562,Google,Vietnam,Asia/Ho_Chi_Minh,2026-07-08 18:02,,AD-04,US_SHIFT,0,N,N,N
L104563,Google,USA,America/New_York,2026-07-04 23:27,,AD-02,US_SHIFT,2,N,N,N
L104564,DSA,USA,America/New_York,2026-07-14 11:06,,AD-11,SEA_SHIFT,1,N,N,N
L104565,Meta,USA,America/New_York,2026-06-05 10:53,,AD-10,SEA_SHIFT,1,N,N,N
L104566,DSA,Singapore,Asia/Singapore,2026-07-06 04:29,2026-07-07 00:49,AD-02,US_SHIFT,2,Y,Y,N
L104567,DSA,USA,America/New_York,2026-07-20 20:29,2026-07-23 23:05,AD-04,US_SHIFT,1,Y,Y,N
L104568,DSA,UK,Europe/London,2026-07-06 05:26,,AD-12,US_SHIFT,0,N,N,N
L104569,Meta,India,Asia/Kolkata,2026-06-04 08:08,,AD-10,SEA_SHIFT,2,N,N,N
L104570,Organic,Australia,Australia/Sydney,2026-07-07 00:05,,AD-11,SEA_SHIFT,2,N,N,N
L104571,Meta,USA,America/New_York,2026-06-10 18:21,2026-06-15 08:30,AD-01,US_SHIFT,0,Y,Y,N
L104572,Meta,Australia,Australia/Sydney,2026-07-19 18:23,,AD-12,US_SHIFT,2,N,N,N
L104573,Meta,Vietnam,Asia/Ho_Chi_Minh,2026-06-23 11:33,2026-06-25 05:41,AD-05,IST_SHIFT,0,Y,Y,N
L104574,DSA,USA,America/New_York,2026-07-18 17:13,2026-07-19 00:07,AD-03,US_SHIFT,0,Y,Y,N
L104576,Meta,UK,Europe/London,2026-06-10 13:10,2026-06-11 12:04,AD-05,IST_SHIFT,1,Y,Y,N
L104577,Google,USA,America/New_York,2026-06-18 21:06,,AD-12,US_SHIFT,1,N,N,N
L104578,Organic,India,Asia/Kolkata,2026-06-06 04:53,,AD-09,IST_SHIFT,3,N,N,N
L104579,Meta,USA,America/New_York,2026-07-12 23:59,2026-07-13 22:21,AD-03,US_SHIFT,0,Y,Y,N
L104580,Meta,UAE,Asia/Dubai,2026-06-14 20:16,,AD-09,IST_SHIFT,3,N,N,N
L104581,Meta,Australia,Australia/Sydney,2026-06-15 16:43,,AD-06,IST_SHIFT,2,N,N,N
L104582,Affiliate,India,Asia/Kolkata,2026-06-08 08:22,2026-06-11 18:43,AD-07,IST_SHIFT,0,Y,Y,N
L104583,Meta,India,Asia/Kolkata,2026-06-26 05:05,2026-06-26 10:15,AD-09,IST_SHIFT,0,Y,N,N
L104585,Meta,Saudi Arabia,Asia/Riyadh,2026-07-29 20:50,2026-07-30 12:44,AD-03,US_SHIFT,2,Y,N,N
L104586,Meta,USA,America/New_York,2026-06-16 06:44,2026-06-19 14:09,AD-10,SEA_SHIFT,3,Y,Y,N
L104587,Meta,UAE,Asia/Dubai,2026-06-30 02:11,,AD-05,IST_SHIFT,3,N,N,N
L104588,DSA,Vietnam,Asia/Ho_Chi_Minh,2026-07-03 16:43,2026-07-05 06:08,AD-08,IST_SHIFT,3,Y,Y,N
L104589,Google,Singapore,Asia/Singapore,2026-06-12 21:04,2026-06-15 07:22,AD-01,US_SHIFT,3,Y,Y,Y
L104590,Meta,USA,America/New_York,2026-06-23 21:29,,AD-05,IST_SHIFT,1,N,N,N
L104591,Organic,USA,America/New_York,2026-07-25 01:12,2026-07-26 13:15,AD-03,US_SHIFT,1,Y,N,N
L104592,Meta,UAE,Asia/Dubai,2026-06-04 15:06,2026-06-07 08:59,AD-05,IST_SHIFT,2,N,N,N
L104595,Affiliate,UAE,Asia/Dubai,2026-06-01 11:08,,AD-01,US_SHIFT,0,N,N,N
L104598,Meta,USA,America/New_York,2026-06-15 05:49,,AD-11,SEA_SHIFT,0,N,N,N
L104601,Meta,USA,America/New_York,2026-06-21 10:15,2026-06-23 04:18,AD-02,US_SHIFT,2,Y,Y,Y
L104602,Meta,USA,America/New_York,2026-07-06 15:20,,AD-12,US_SHIFT,0,N,N,N
L104603,DSA,USA,America/New_York,2026-07-06 15:50,,AD-06,IST_SHIFT,2,N,N,N
L104604,Google,Vietnam,Asia/Ho_Chi_Minh,2026-07-07 06:11,2026-07-10 06:04,AD-06,IST_SHIFT,0,N,N,N
L104605,Meta,Saudi Arabia,Asia/Riyadh,2026-06-23 23:18,2026-06-27 15:46,AD-12,US_SHIFT,0,Y,Y,N
L104606,Meta,USA,America/New_York,2026-06-17 10:37,,AD-01,US_SHIFT,0,N,N,N
L104607,Google,UK,Europe/London,2026-07-21 22:03,,AD-08,IST_SHIFT,1,N,N,N
L104608,Meta,UAE,Asia/Dubai,2026-07-14 01:49,,AD-08,IST_SHIFT,0,N,N,N
L104609,Google,UK,Europe/London,2026-06-22 23:03,2026-06-27 00:08,AD-01,US_SHIFT,2,N,N,N
L104610,Meta,USA,America/New_York,2026-06-29 02:57,2026-06-29 05:54,AD-09,IST_SHIFT,2,Y,Y,N
L104611,DSA,USA,America/New_York,2026-06-10 06:40,2026-06-13 13:03,AD-01,US_SHIFT,1,N,N,N
L104612,Affiliate,USA,America/New_York,2026-06-15 21:52,2026-06-17 00:46,AD-03,US_SHIFT,2,Y,Y,N
L104613,Meta,Vietnam,Asia/Ho_Chi_Minh,2026-07-21 13:33,,AD-11,SEA_SHIFT,0,N,N,N
L104614,Meta,India,Asia/Kolkata,2026-06-24 18:13,,AD-05,IST_SHIFT,1,N,N,N
L104615,Affiliate,Vietnam,Asia/Ho_Chi_Minh,2026-07-27 13:03,2026-08-01 03:32,AD-11,SEA_SHIFT,0,N,N,N
L104616,Organic,USA,America/New_York,2026-06-16 20:47,2026-06-18 15:57,AD-05,IST_SHIFT,0,Y,Y,N
L104617,DSA,USA,America/New_York,2026-06-26 21:30,2026-06-30 02:57,AD-11,SEA_SHIFT,2,Y,Y,N
L104619,Meta,UAE,Asia/Dubai,2026-07-08 19:03,2026-07-13 06:18,AD-08,IST_SHIFT,2,N,N,N
L104620,Google,Saudi Arabia,Asia/Riyadh,2026-06-20 03:32,,AD-07,IST_SHIFT,2,N,N,N
L104622,DSA,UAE,Asia/Dubai,2026-07-24 19:22,2026-07-25 22:33,AD-06,IST_SHIFT,2,Y,Y,N
L104623,Meta,Vietnam,Asia/Ho_Chi_Minh,2026-07-13 06:54,,AD-06,IST_SHIFT,1,N,N,N
L104624,Meta,USA,America/New_York,2026-06-27 22:45,2026-06-30 20:59,AD-02,US_SHIFT,0,N,N,N
L104625,Google,USA,America/New_York,2026-06-13 15:39,2026-06-18 03:25,AD-12,US_SHIFT,1,N,N,N
L104627,Google,USA,America/New_York,2026-06-04 12:35,2026-06-08 05:45,AD-08,IST_SHIFT,3,Y,Y,N
L104628,Google,UAE,Asia/Dubai,2026-07-28 10:49,2026-07-29 06:05,AD-01,US_SHIFT,1,N,N,N
L104629,Meta,Singapore,Asia/Singapore,2026-06-07 04:54,,AD-08,IST_SHIFT,3,N,N,N
L104630,Meta,USA,America/New_York,2026-06-23 23:22,2026-06-28 04:25,AD-11,SEA_SHIFT,2,N,N,N
L104631,Meta,UAE,Asia/Dubai,2026-06-02 17:44,,AD-11,SEA_SHIFT,3,N,N,N
L104632,Meta,USA,America/New_York,2026-06-12 06:19,2026-06-17 03:40,AD-09,IST_SHIFT,3,N,N,N
L104633,Meta,Vietnam,Asia/Ho_Chi_Minh,2026-07-08 16:18,,AD-12,US_SHIFT,3,N,N,N
L104636,DSA,UAE,Asia/Dubai,2026-06-22 05:09,2026-06-25 22:33,AD-04,US_SHIFT,2,N,N,N
L104637,DSA,India,Asia/Kolkata,2026-07-18 12:52,,AD-12,US_SHIFT,0,N,N,N
L104638,Organic,UAE,Asia/Dubai,2026-07-26 08:31,2026-07-27 13:05,AD-05,IST_SHIFT,0,Y,Y,N
L104639,Affiliate,Vietnam,Asia/Ho_Chi_Minh,2026-07-27 00:09,2026-07-28 03:33,AD-11,SEA_SHIFT,0,Y,Y,N
L104640,Organic,UAE,Asia/Dubai,2026-06-19 11:06,2026-06-20 18:53,AD-10,SEA_SHIFT,3,Y,Y,N
L104641,Affiliate,India,Asia/Kolkata,2026-07-01 16:21,,AD-04,US_SHIFT,3,N,N,N
L104642,Referral,Australia,Australia/Sydney,2026-06-19 18:32,2026-06-19 22:10,AD-05,IST_SHIFT,1,Y,Y,Y
L104643,Affiliate,UK,Europe/London,2026-07-28 10:01,2026-07-30 04:04,AD-09,IST_SHIFT,0,Y,Y,N
L104645,Meta,UK,Europe/London,2026-06-26 19:19,2026-06-27 02:13,AD-09,IST_SHIFT,2,Y,Y,N
L104646,DSA,USA,America/New_York,2026-07-29 17:00,,AD-07,IST_SHIFT,2,N,N,N
L104647,Meta,Vietnam,Asia/Ho_Chi_Minh,2026-06-19 08:42,2026-06-20 19:40,AD-05,IST_SHIFT,3,Y,Y,N
L104648,DSA,UK,Europe/London,2026-07-01 23:00,,AD-07,IST_SHIFT,0,N,N,N
L104650,Google,USA,America/New_York,2026-07-22 19:46,,AD-07,IST_SHIFT,0,N,N,N
L104651,Google,USA,America/New_York,2026-06-06 14:00,,AD-01,US_SHIFT,3,N,N,N
L104652,Meta,UAE,Asia/Dubai,2026-07-11 18:32,,AD-01,US_SHIFT,2,N,N,N
L104654,Organic,Australia,Australia/Sydney,2026-06-18 00:54,2026-06-18 16:42,AD-04,US_SHIFT,2,Y,Y,N
L104655,Affiliate,USA,America/New_York,2026-07-08 16:38,2026-07-13 00:58,AD-07,IST_SHIFT,0,N,N,N
L104656,Meta,UK,Europe/London,2026-06-26 18:45,,AD-03,US_SHIFT,1,N,N,N
L104657,Meta,Singapore,Asia/Singapore,2026-06-18 13:26,2026-06-19 00:21,AD-11,SEA_SHIFT,0,Y,Y,N
L104658,Organic,Vietnam,Asia/Ho_Chi_Minh,2026-06-07 23:13,2026-06-08 02:11,AD-11,SEA_SHIFT,2,Y,Y,N
L104659,Meta,Saudi Arabia,Asia/Riyadh,2026-06-16 07:27,,AD-05,IST_SHIFT,3,N,N,N
L104660,DSA,India,Asia/Kolkata,2026-07-02 22:09,2026-07-06 00:44,AD-06,IST_SHIFT,2,Y,Y,N
L104661,Organic,India,Asia/Kolkata,2026-06-30 09:06,2026-06-30 11:17,AD-06,IST_SHIFT,1,N,N,N
L104663,Google,Australia,Australia/Sydney,2026-07-27 13:51,2026-07-30 09:27,AD-06,IST_SHIFT,2,N,N,N
L104664,Affiliate,India,Asia/Kolkata,2026-06-04 02:36,,AD-02,US_SHIFT,0,N,N,N
L104665,Affiliate,Singapore,Asia/Singapore,2026-07-28 18:12,,AD-02,US_SHIFT,3,N,N,N
L104666,DSA,Saudi Arabia,Asia/Riyadh,2026-07-22 15:49,,AD-03,US_SHIFT,1,N,N,N
L104667,Google,USA,America/New_York,2026-07-10 19:19,2026-07-11 22:10,AD-09,IST_SHIFT,1,Y,Y,N
L104668,DSA,India,Asia/Kolkata,2026-07-12 14:21,,AD-08,IST_SHIFT,1,N,N,N
L104669,Affiliate,USA,America/New_York,2026-06-26 06:28,,AD-09,IST_SHIFT,1,N,N,N
L104670,Google,Australia,Australia/Sydney,2026-06-15 02:51,2026-06-18 02:31,AD-01,US_SHIFT,3,N,N,N
L104671,Meta,USA,America/New_York,2026-07-19 20:17,2026-07-23 03:36,AD-08,IST_SHIFT,2,Y,Y,N
L104672,Affiliate,USA,America/New_York,2026-06-13 19:32,2026-06-17 11:38,AD-01,US_SHIFT,2,N,N,N
L104673,Meta,India,Asia/Kolkata,2026-07-29 07:28,,AD-07,IST_SHIFT,2,N,N,N
L104674,Google,India,Asia/Kolkata,2026-06-01 12:31,2026-06-02 05:41,AD-12,US_SHIFT,1,Y,Y,N
L104675,Affiliate,USA,America/New_York,2026-06-22 15:05,,AD-07,IST_SHIFT,1,N,N,N
L104676,Organic,USA,America/New_York,2026-06-12 05:54,,AD-01,US_SHIFT,3,N,N,N
L104677,Meta,India,Asia/Kolkata,2026-07-20 14:53,2026-07-21 21:27,AD-12,US_SHIFT,3,Y,Y,N
L104678,DSA,USA,America/New_York,2026-06-22 02:45,,AD-01,US_SHIFT,0,N,N,N
L104680,Meta,USA,America/New_York,2026-07-06 01:58,2026-07-08 05:35,AD-10,SEA_SHIFT,2,Y,Y,Y
L104681,Meta,UK,Europe/London,2026-07-10 01:21,2026-07-14 06:03,AD-05,IST_SHIFT,3,N,N,N
L104682,Affiliate,USA,America/New_York,2026-07-16 02:23,,AD-01,US_SHIFT,2,N,N,N
L104683,Google,Australia,Australia/Sydney,2026-06-18 06:46,2026-06-19 07:45,AD-10,SEA_SHIFT,1,Y,Y,N
L104686,Meta,Vietnam,Asia/Ho_Chi_Minh,2026-07-12 21:34,,AD-02,US_SHIFT,0,N,N,N
L104687,Google,India,Asia/Kolkata,2026-07-15 06:28,2026-07-15 11:58,AD-03,US_SHIFT,1,Y,Y,N
L104688,Meta,UK,Europe/London,2026-06-10 21:06,2026-06-12 13:38,AD-05,IST_SHIFT,0,Y,Y,N
L104689,Meta,USA,America/New_York,2026-06-05 17:53,2026-06-06 19:38,AD-09,IST_SHIFT,0,N,N,N
L104690,Meta,Vietnam,Asia/Ho_Chi_Minh,2026-06-21 12:06,,AD-05,IST_SHIFT,2,N,N,N
L104691,Meta,India,Asia/Kolkata,2026-06-19 09:13,,AD-07,IST_SHIFT,2,N,N,N
L104692,Meta,UAE,Asia/Dubai,2026-06-06 05:57,2026-06-06 12:05,AD-03,US_SHIFT,2,Y,Y,Y
L104694,Affiliate,USA,America/New_York,2026-07-28 23:37,2026-07-30 22:34,AD-12,US_SHIFT,3,N,N,N
L104695,Google,USA,America/New_York,2026-06-07 09:52,2026-06-07 15:04,AD-12,US_SHIFT,2,Y,Y,Y
L104697,DSA,UAE,Asia/Dubai,2026-06-26 00:57,2026-06-30 10:18,AD-04,US_SHIFT,3,N,N,N
L104698,Meta,USA,America/New_York,2026-06-06 07:06,,AD-03,US_SHIFT,1,N,N,N
L104699,Google,UK,Europe/London,2026-07-02 10:52,,AD-11,SEA_SHIFT,1,N,N,N
L104700,Google,India,Asia/Kolkata,2026-07-10 18:25,2026-07-12 07:19,AD-03,US_SHIFT,3,Y,Y,N
L104701,Meta,Singapore,Asia/Singapore,2026-06-26 02:49,2026-06-27 16:42,AD-06,IST_SHIFT,1,Y,N,N
L104703,Meta,Vietnam,Asia/Ho_Chi_Minh,2026-06-05 09:19,2026-06-08 00:20,AD-09,IST_SHIFT,1,Y,Y,N
L104704,Affiliate,India,Asia/Kolkata,2026-06-17 15:31,2026-06-20 05:42,AD-09,IST_SHIFT,0,Y,Y,Y
L104706,Meta,USA,America/New_York,2026-07-22 16:42,2026-07-23 14:48,AD-08,IST_SHIFT,3,Y,Y,N
L104708,Google,USA,America/New_York,2026-06-14 17:06,,AD-06,IST_SHIFT,3,N,N,N
L104709,Organic,Vietnam,Asia/Ho_Chi_Minh,2026-07-25 20:24,,AD-02,US_SHIFT,0,N,N,N
L104710,Meta,Saudi Arabia,Asia/Riyadh,2026-06-08 17:22,2026-06-09 08:27,AD-09,IST_SHIFT,2,Y,Y,N
L104712,Google,Australia,Australia/Sydney,2026-06-09 23:09,2026-06-14 15:53,AD-04,US_SHIFT,0,N,N,N
L104713,Meta,USA,America/New_York,2026-07-26 21:59,2026-07-28 03:37,AD-05,IST_SHIFT,3,N,N,N
L104716,Organic,Australia,Australia/Sydney,2026-07-07 14:31,2026-07-11 01:13,AD-05,IST_SHIFT,3,N,N,N
L104717,Meta,USA,America/New_York,2026-06-27 17:41,2026-06-29 09:02,AD-06,IST_SHIFT,2,Y,N,N
L104718,Affiliate,UK,Europe/London,2026-07-09 20:20,2026-07-10 16:59,AD-06,IST_SHIFT,3,Y,Y,N
L104719,Meta,USA,America/New_York,2026-07-19 00:55,2026-07-20 09:08,AD-09,IST_SHIFT,2,N,N,N
L104721,Organic,Australia,Australia/Sydney,2026-07-14 18:58,2026-07-15 18:26,AD-07,IST_SHIFT,3,Y,Y,N
L104722,Meta,Singapore,Asia/Singapore,2026-07-07 00:16,,AD-01,US_SHIFT,0,N,N,N
L104723,Organic,India,Asia/Kolkata,2026-06-13 12:20,2026-06-15 08:47,AD-07,IST_SHIFT,2,Y,Y,Y
L104724,Google,Saudi Arabia,Asia/Riyadh,2026-06-22 09:42,2026-06-25 16:30,AD-04,US_SHIFT,0,N,N,N
L104725,Referral,Vietnam,Asia/Ho_Chi_Minh,2026-07-18 20:25,,AD-04,US_SHIFT,0,N,N,N
L104726,Meta,USA,America/New_York,2026-07-08 00:28,2026-07-09 16:33,AD-04,US_SHIFT,2,Y,Y,N
L104727,Meta,India,Asia/Kolkata,2026-07-07 10:12,,AD-11,SEA_SHIFT,3,N,N,N
L104728,Google,USA,America/New_York,2026-06-02 15:03,2026-06-04 23:20,AD-01,US_SHIFT,3,Y,N,N
L104729,Google,USA,America/New_York,2026-06-22 06:20,,AD-04,US_SHIFT,0,N,N,N
L104730,Organic,Saudi Arabia,Asia/Riyadh,2026-07-24 09:51,2026-07-25 07:51,AD-08,IST_SHIFT,3,Y,Y,N
L104731,Meta,Australia,Australia/Sydney,2026-06-21 15:17,2026-06-22 13:18,AD-07,IST_SHIFT,2,Y,Y,Y
L104732,Affiliate,UAE,Asia/Dubai,2026-06-06 03:54,,AD-01,US_SHIFT,0,N,N,N
L104733,Organic,UAE,Asia/Dubai,2026-07-06 20:01,2026-07-09 20:23,AD-02,US_SHIFT,0,N,N,N
L104734,Meta,USA,America/New_York,2026-06-21 07:17,2026-06-24 19:02,AD-07,IST_SHIFT,3,Y,Y,N
L104735,Meta,USA,America/New_York,2026-07-04 07:09,2026-07-06 21:28,AD-10,SEA_SHIFT,3,Y,Y,N
L104736,Organic,USA,America/New_York,2026-06-14 00:45,2026-06-15 21:30,AD-08,IST_SHIFT,1,N,N,N
L104737,Google,Vietnam,Asia/Ho_Chi_Minh,2026-06-26 09:02,2026-06-29 06:28,AD-03,US_SHIFT,0,N,N,N
L104738,DSA,Vietnam,Asia/Ho_Chi_Minh,2026-06-21 08:32,2026-06-25 08:44,AD-03,US_SHIFT,0,N,N,N
L104739,Meta,Saudi Arabia,Asia/Riyadh,2026-06-03 11:30,2026-06-07 02:08,AD-09,IST_SHIFT,1,N,N,N
L104740,Meta,Vietnam,Asia/Ho_Chi_Minh,2026-07-11 19:10,2026-07-12 22:36,AD-02,US_SHIFT,0,Y,Y,N
L104741,Organic,UK,Europe/London,2026-07-05 03:12,2026-07-07 09:32,AD-06,IST_SHIFT,2,N,N,N
L104742,Referral,Saudi Arabia,Asia/Riyadh,2026-07-03 22:49,2026-07-07 19:15,AD-03,US_SHIFT,3,N,N,N
L104744,Meta,USA,America/New_York,2026-07-16 22:03,2026-07-17 02:57,AD-11,SEA_SHIFT,0,Y,Y,N
L104745,Meta,Saudi Arabia,Asia/Riyadh,2026-06-07 22:47,,AD-09,IST_SHIFT,2,N,N,N
L104747,Meta,Vietnam,Asia/Ho_Chi_Minh,2026-07-20 19:14,2026-07-22 02:14,AD-05,IST_SHIFT,2,Y,Y,N
L104748,Meta,USA,America/New_York,2026-06-04 09:04,2026-06-05 03:47,AD-01,US_SHIFT,2,N,N,N
L104749,Organic,UAE,Asia/Dubai,2026-06-13 19:14,,AD-02,US_SHIFT,1,N,N,N
L104750,Meta,UAE,Asia/Dubai,2026-07-25 08:10,2026-07-25 23:35,AD-02,US_SHIFT,3,N,N,N
L104751,Organic,Australia,Australia/Sydney,2026-06-02 23:45,2026-06-03 14:11,AD-01,US_SHIFT,2,Y,Y,N
L104753,DSA,USA,America/New_York,2026-06-11 12:12,2026-06-13 11:09,AD-11,SEA_SHIFT,2,N,N,N
L104754,Meta,India,Asia/Kolkata,2026-06-03 20:19,2026-06-08 13:21,AD-01,US_SHIFT,2,Y,Y,N
L104755,Meta,Australia,Australia/Sydney,2026-07-12 12:54,2026-07-16 04:01,AD-09,IST_SHIFT,0,Y,Y,N
L104756,Meta,USA,America/New_York,2026-07-12 01:44,2026-07-13 13:02,AD-12,US_SHIFT,0,Y,Y,N
L104757,Organic,UAE,Asia/Dubai,2026-06-03 20:10,,AD-10,SEA_SHIFT,2,N,N,N
L104761,Google,Australia,Australia/Sydney,2026-06-26 16:55,2026-06-28 08:27,AD-08,IST_SHIFT,2,N,N,N
L104762,Meta,USA,America/New_York,2026-07-27 10:40,2026-07-31 04:28,AD-03,US_SHIFT,3,N,N,N
L104763,Meta,USA,America/New_York,2026-07-27 18:10,2026-07-30 14:23,AD-03,US_SHIFT,2,Y,Y,N
L104764,Meta,Vietnam,Asia/Ho_Chi_Minh,2026-07-16 05:09,,AD-10,SEA_SHIFT,0,N,N,N
L104765,Meta,UK,Europe/London,2026-06-13 09:00,2026-06-14 05:46,AD-02,US_SHIFT,0,N,N,N
L104766,Affiliate,UAE,Asia/Dubai,2026-06-04 12:34,,AD-12,US_SHIFT,1,N,N,N
L104767,Google,UK,Europe/London,2026-06-19 23:04,2026-06-23 14:09,AD-08,IST_SHIFT,2,Y,N,N
L104769,Google,Saudi Arabia,Asia/Riyadh,2026-06-29 11:25,2026-07-02 03:12,AD-02,US_SHIFT,2,N,N,N
L104770,Meta,USA,America/New_York,2026-06-30 12:07,2026-07-02 17:05,AD-06,IST_SHIFT,0,Y,Y,N
L104771,Google,Vietnam,Asia/Ho_Chi_Minh,2026-06-26 23:59,2026-06-28 11:55,AD-07,IST_SHIFT,2,Y,N,N
L104773,Meta,USA,America/New_York,2026-07-08 03:25,,AD-01,US_SHIFT,3,N,N,N
L104774,Meta,USA,America/New_York,2026-07-16 11:01,2026-07-18 07:32,AD-09,IST_SHIFT,3,Y,N,N
L104775,DSA,UAE,Asia/Dubai,2026-07-15 10:54,,AD-07,IST_SHIFT,2,N,N,N
L104776,Meta,Saudi Arabia,Asia/Riyadh,2026-06-18 10:48,2026-06-22 23:16,AD-12,US_SHIFT,3,N,N,N
L104777,Organic,Australia,Australia/Sydney,2026-06-18 20:22,,AD-02,US_SHIFT,1,N,N,N
L104779,DSA,USA,America/New_York,2026-07-15 21:20,2026-07-18 22:24,AD-07,IST_SHIFT,2,Y,Y,N
L104781,Affiliate,UK,Europe/London,2026-06-12 23:45,2026-06-16 18:45,AD-11,SEA_SHIFT,0,N,N,N
L104782,Affiliate,UAE,Asia/Dubai,2026-07-23 07:39,2026-07-25 05:38,AD-12,US_SHIFT,1,Y,Y,N
L104783,Google,USA,America/New_York,2026-06-04 01:22,2026-06-05 14:46,AD-03,US_SHIFT,3,Y,N,N
L104784,Meta,USA,America/New_York,2026-07-02 01:44,2026-07-06 03:10,AD-01,US_SHIFT,2,N,N,N
L104785,Meta,Saudi Arabia,Asia/Riyadh,2026-07-14 17:12,,AD-01,US_SHIFT,0,N,N,N
L104786,Meta,Australia,Australia/Sydney,2026-06-15 12:18,,AD-09,IST_SHIFT,0,N,N,N
L104787,Referral,USA,America/New_York,2026-06-03 15:57,2026-06-04 20:12,AD-02,US_SHIFT,0,Y,Y,N
L104788,Meta,India,Asia/Kolkata,2026-06-19 15:38,2026-06-22 23:07,AD-10,SEA_SHIFT,2,N,N,N
L104789,Google,India,Asia/Kolkata,2026-07-02 09:16,2026-07-04 21:04,AD-06,IST_SHIFT,1,N,N,N
L104790,Meta,UAE,Asia/Dubai,2026-06-08 18:39,,AD-01,US_SHIFT,2,N,N,N
L104791,Meta,Australia,Australia/Sydney,2026-06-29 22:33,,AD-07,IST_SHIFT,1,N,N,N
L104792,Meta,UK,Europe/London,2026-07-15 03:40,2026-07-20 01:07,AD-11,SEA_SHIFT,0,N,N,N
L104793,Meta,Vietnam,Asia/Ho_Chi_Minh,2026-06-27 09:31,2026-06-28 17:39,AD-09,IST_SHIFT,3,Y,Y,Y
L104794,Referral,UAE,Asia/Dubai,2026-07-04 09:01,,AD-02,US_SHIFT,0,N,N,N
L104795,Meta,UK,Europe/London,2026-07-17 23:14,,AD-07,IST_SHIFT,3,N,N,N
L104796,Google,USA,America/New_York,2026-07-20 06:12,,AD-03,US_SHIFT,1,N,N,N
L104797,Organic,Vietnam,Asia/Ho_Chi_Minh,2026-06-27 11:02,2026-07-01 03:52,AD-06,IST_SHIFT,3,Y,Y,N
L104798,Meta,UAE,Asia/Dubai,2026-06-25 08:34,2026-06-28 14:32,AD-12,US_SHIFT,1,Y,Y,N
L104799,Affiliate,UK,Europe/London,2026-07-13 04:12,,AD-06,IST_SHIFT,2,N,N,N
L104800,Meta,Australia,Australia/Sydney,2026-07-05 04:42,2026-07-06 22:08,AD-11,SEA_SHIFT,1,Y,Y,N
L104801,DSA,UAE,Asia/Dubai,2026-06-05 10:23,2026-06-07 03:00,AD-07,IST_SHIFT,2,Y,Y,N
L104802,Organic,UAE,Asia/Dubai,2026-06-13 17:38,2026-06-16 20:48,AD-06,IST_SHIFT,2,Y,Y,N
L104803,Meta,Vietnam,Asia/Ho_Chi_Minh,2026-07-01 09:08,2026-07-02 10:20,AD-05,IST_SHIFT,1,N,N,N
L104805,Meta,UAE,Asia/Dubai,2026-07-22 15:28,,AD-10,SEA_SHIFT,2,N,N,N
L104806,Organic,USA,America/New_York,2026-07-07 00:16,2026-07-07 08:31,AD-11,SEA_SHIFT,2,Y,Y,N
L104807,Google,Saudi Arabia,Asia/Riyadh,2026-07-14 16:57,,AD-01,US_SHIFT,3,N,N,N
L104809,Meta,USA,America/New_York,2026-07-05 14:29,2026-07-07 03:34,AD-01,US_SHIFT,1,Y,Y,N
L104810,Meta,USA,America/New_York,2026-06-13 20:18,2026-06-15 06:31,AD-01,US_SHIFT,0,Y,Y,Y
L104811,DSA,USA,America/New_York,2026-07-02 08:46,2026-07-02 10:52,AD-05,IST_SHIFT,0,Y,N,N
L104812,Meta,USA,America/New_York,2026-06-17 18:41,2026-06-18 10:38,AD-03,US_SHIFT,1,Y,Y,Y
L104813,Meta,Vietnam,Asia/Ho_Chi_Minh,2026-07-25 13:48,2026-07-29 08:54,AD-10,SEA_SHIFT,3,N,N,N
L104814,Google,Saudi Arabia,Asia/Riyadh,2026-06-12 21:44,2026-06-14 05:33,AD-04,US_SHIFT,3,Y,Y,N
L104815,Organic,UAE,Asia/Dubai,2026-06-23 16:20,2026-06-23 21:19,AD-07,IST_SHIFT,1,Y,Y,N
L104817,Meta,Vietnam,Asia/Ho_Chi_Minh,2026-06-28 19:04,,AD-06,IST_SHIFT,0,N,N,N
L104818,Meta,India,Asia/Kolkata,2026-07-07 12:15,2026-07-08 02:31,AD-11,SEA_SHIFT,1,Y,Y,N
L104820,Google,USA,America/New_York,2026-07-01 11:34,2026-07-03 08:40,AD-11,SEA_SHIFT,1,Y,Y,N
L104821,Google,USA,America/New_York,2026-06-22 04:17,2026-06-23 08:46,AD-08,IST_SHIFT,0,Y,Y,Y
L104822,Google,Singapore,Asia/Singapore,2026-06-28 07:49,2026-06-29 21:54,AD-03,US_SHIFT,3,N,N,N
L104823,Meta,USA,America/New_York,2026-06-16 01:48,2026-06-20 19:25,AD-12,US_SHIFT,1,N,N,N
L104824,Organic,Vietnam,Asia/Ho_Chi_Minh,2026-06-11 06:35,2026-06-15 02:23,AD-01,US_SHIFT,1,N,N,N
L104825,Meta,USA,America/New_York,2026-06-01 02:40,,AD-03,US_SHIFT,1,N,N,N
L104826,Meta,UK,Europe/London,2026-06-28 18:43,2026-06-30 07:20,AD-03,US_SHIFT,0,N,N,N
L104827,Organic,UAE,Asia/Dubai,2026-06-05 08:15,2026-06-08 22:37,AD-09,IST_SHIFT,0,Y,Y,N
L104829,Referral,USA,America/New_York,2026-07-04 04:07,,AD-05,IST_SHIFT,2,N,N,N
L104830,Affiliate,Australia,Australia/Sydney,2026-06-04 14:24,2026-06-08 15:23,AD-12,US_SHIFT,3,N,N,N
L104831,DSA,USA,America/New_York,2026-07-02 14:33,2026-07-04 16:20,AD-05,IST_SHIFT,3,N,N,N
L104832,Google,USA,America/New_York,2026-06-24 20:24,2026-06-26 07:55,AD-09,IST_SHIFT,0,N,N,N
L104833,Meta,Vietnam,Asia/Ho_Chi_Minh,2026-06-29 16:27,2026-06-30 15:36,AD-01,US_SHIFT,0,Y,Y,N
L104834,Meta,Vietnam,Asia/Ho_Chi_Minh,2026-07-13 08:52,2026-07-15 02:01,AD-03,US_SHIFT,0,Y,Y,N
L104835,Organic,UAE,Asia/Dubai,2026-07-21 10:48,,AD-11,SEA_SHIFT,0,N,N,N
L104836,Meta,USA,America/New_York,2026-06-26 11:42,2026-06-27 07:33,AD-09,IST_SHIFT,2,Y,N,N
L104837,Google,UAE,Asia/Dubai,2026-07-12 16:14,,AD-06,IST_SHIFT,2,N,N,N
L104840,Organic,USA,America/New_York,2026-06-03 12:02,2026-06-03 15:15,AD-05,IST_SHIFT,0,N,N,N
L104841,Google,UAE,Asia/Dubai,2026-07-28 05:48,2026-08-01 15:12,AD-11,SEA_SHIFT,1,Y,Y,N
L104842,Meta,USA,America/New_York,2026-06-05 03:13,,AD-06,IST_SHIFT,2,N,N,N
L104843,Meta,USA,America/New_York,2026-06-27 05:05,,AD-12,US_SHIFT,3,N,N,N
L104844,DSA,Saudi Arabia,Asia/Riyadh,2026-06-27 07:48,,AD-10,SEA_SHIFT,0,N,N,N
L104846,Meta,UK,Europe/London,2026-07-20 22:04,,AD-10,SEA_SHIFT,1,N,N,N
L104847,Meta,Vietnam,Asia/Ho_Chi_Minh,2026-07-19 08:12,,AD-07,IST_SHIFT,2,N,N,N
L104848,Affiliate,USA,America/New_York,2026-06-04 19:21,,AD-05,IST_SHIFT,1,N,N,N
L104849,Affiliate,USA,America/New_York,2026-07-20 21:05,2026-07-22 17:36,AD-04,US_SHIFT,3,N,N,N
L104850,Meta,UK,Europe/London,2026-07-29 21:54,,AD-07,IST_SHIFT,0,N,N,N
L104851,Meta,India,Asia/Kolkata,2026-06-27 03:20,,AD-09,IST_SHIFT,1,N,N,N
L104853,Google,USA,America/New_York,2026-07-10 17:33,2026-07-13 11:08,AD-12,US_SHIFT,3,Y,Y,N
L104854,Affiliate,USA,America/New_York,2026-07-27 21:07,,AD-07,IST_SHIFT,2,N,N,N
L104855,Meta,Saudi Arabia,Asia/Riyadh,2026-06-05 00:30,,AD-07,IST_SHIFT,3,N,N,N
L104858,Organic,USA,America/New_York,2026-07-17 21:20,2026-07-19 12:18,AD-12,US_SHIFT,2,Y,Y,N
L104859,Affiliate,Singapore,Asia/Singapore,2026-07-19 17:42,2026-07-21 09:36,AD-11,SEA_SHIFT,2,Y,Y,N
L104860,Meta,Vietnam,Asia/Ho_Chi_Minh,2026-07-26 22:13,2026-07-27 05:09,AD-12,US_SHIFT,3,Y,Y,N
L104861,Meta,UK,Europe/London,2026-06-13 16:19,2026-06-14 18:38,AD-12,US_SHIFT,3,Y,Y,N
L104862,Organic,USA,America/New_York,2026-07-28 21:32,2026-07-29 09:01,AD-01,US_SHIFT,3,Y,Y,Y
L104863,Meta,Vietnam,Asia/Ho_Chi_Minh,2026-06-02 10:47,2026-06-06 09:34,AD-02,US_SHIFT,0,N,N,N
L104864,Affiliate,Vietnam,Asia/Ho_Chi_Minh,2026-07-02 20:20,,AD-08,IST_SHIFT,1,N,N,N
L104866,Google,UK,Europe/London,2026-06-07 02:44,,AD-06,IST_SHIFT,2,N,N,N
L104867,Meta,USA,America/New_York,2026-06-01 22:17,,AD-09,IST_SHIFT,2,N,N,N
L104869,Google,Saudi Arabia,Asia/Riyadh,2026-07-21 22:59,,AD-02,US_SHIFT,0,N,N,N
L104870,Meta,Saudi Arabia,Asia/Riyadh,2026-07-13 11:57,2026-07-16 20:43,AD-10,SEA_SHIFT,3,Y,Y,N
L104872,Meta,UAE,Asia/Dubai,2026-07-21 13:16,2026-07-25 16:22,AD-05,IST_SHIFT,0,N,N,N
L104873,Meta,UK,Europe/London,2026-06-03 02:28,,AD-08,IST_SHIFT,2,N,N,N
L104874,Meta,USA,America/New_York,2026-06-01 04:11,,AD-11,SEA_SHIFT,0,N,N,N
L104875,Google,UK,Europe/London,2026-07-18 20:46,2026-07-21 22:43,AD-08,IST_SHIFT,2,Y,Y,N
L104876,Meta,Singapore,Asia/Singapore,2026-06-20 02:03,,AD-12,US_SHIFT,0,N,N,N
L104877,Meta,India,Asia/Kolkata,2026-06-29 01:26,,AD-01,US_SHIFT,0,N,N,N
L104878,Organic,Saudi Arabia,Asia/Riyadh,2026-06-13 22:16,2026-06-14 03:14,AD-04,US_SHIFT,2,Y,Y,N
L104879,Meta,USA,America/New_York,2026-07-05 20:27,2026-07-10 06:31,AD-05,IST_SHIFT,1,N,N,N
L104881,Meta,USA,America/New_York,2026-07-01 21:46,2026-07-06 09:54,AD-11,SEA_SHIFT,3,N,N,N
L104882,Meta,USA,America/New_York,2026-07-10 07:39,2026-07-11 18:10,AD-02,US_SHIFT,0,Y,N,N
L104884,Google,Vietnam,Asia/Ho_Chi_Minh,2026-07-05 22:33,,AD-11,SEA_SHIFT,2,N,N,N
L104885,Organic,USA,America/New_York,2026-07-21 11:05,2026-07-23 06:03,AD-08,IST_SHIFT,3,Y,Y,Y
L104886,Meta,UK,Europe/London,2026-06-06 01:18,,AD-09,IST_SHIFT,1,N,N,N
L104887,Google,USA,America/New_York,2026-06-19 05:31,2026-06-20 01:35,AD-03,US_SHIFT,3,N,N,N
L104888,Affiliate,USA,America/New_York,2026-06-25 23:15,2026-06-27 13:38,AD-12,US_SHIFT,0,Y,Y,N
L104889,Referral,Singapore,Asia/Singapore,2026-07-13 20:38,2026-07-14 13:07,AD-03,US_SHIFT,3,Y,Y,Y
L104890,Google,USA,America/New_York,2026-07-07 10:39,2026-07-10 01:46,AD-01,US_SHIFT,1,Y,Y,N
L104891,Meta,Vietnam,Asia/Ho_Chi_Minh,2026-06-14 10:04,2026-06-15 22:27,AD-10,SEA_SHIFT,3,Y,Y,N
L104892,Meta,USA,America/New_York,2026-06-24 22:41,,AD-06,IST_SHIFT,2,N,N,N
L104893,Meta,USA,America/New_York,2026-06-24 21:28,2026-06-26 00:35,AD-07,IST_SHIFT,1,Y,Y,N
L104894,Organic,UAE,Asia/Dubai,2026-07-27 04:22,2026-07-31 09:33,AD-03,US_SHIFT,0,Y,Y,N
L104895,Meta,Saudi Arabia,Asia/Riyadh,2026-06-27 18:39,2026-06-28 10:05,AD-12,US_SHIFT,3,N,N,N
L104897,Organic,Vietnam,Asia/Ho_Chi_Minh,2026-06-13 13:15,,AD-05,IST_SHIFT,2,N,N,N
L104898,Google,UK,Europe/London,2026-07-26 12:22,2026-07-28 06:45,AD-04,US_SHIFT,2,N,N,N
L104900,Organic,Vietnam,Asia/Ho_Chi_Minh,2026-07-23 18:47,2026-07-25 01:16,AD-01,US_SHIFT,2,Y,Y,N
L104901,Meta,Vietnam,Asia/Ho_Chi_Minh,2026-06-08 04:18,2026-06-08 06:57,AD-06,IST_SHIFT,3,Y,N,N
L104902,Organic,Singapore,Asia/Singapore,2026-07-15 14:00,2026-07-17 02:56,AD-10,SEA_SHIFT,3,N,N,N
L104903,Meta,USA,America/New_York,2026-07-19 06:26,,AD-08,IST_SHIFT,1,N,N,N
L104904,Meta,Vietnam,Asia/Ho_Chi_Minh,2026-07-24 13:12,2026-07-27 03:30,AD-10,SEA_SHIFT,3,N,N,N
L104905,Meta,UAE,Asia/Dubai,2026-06-12 12:03,2026-06-13 21:56,AD-09,IST_SHIFT,2,N,N,N
L104906,Meta,Saudi Arabia,Asia/Riyadh,2026-06-25 10:06,2026-06-28 09:10,AD-07,IST_SHIFT,3,N,N,N
L104907,DSA,USA,America/New_York,2026-07-14 05:33,2026-07-14 10:41,AD-03,US_SHIFT,2,Y,Y,N
L104908,Meta,India,Asia/Kolkata,2026-07-25 01:30,2026-07-29 22:58,AD-03,US_SHIFT,0,N,N,N
L104909,Referral,USA,America/New_York,2026-06-26 19:10,2026-06-30 07:08,AD-09,IST_SHIFT,0,N,N,N
L104910,Meta,Singapore,Asia/Singapore,2026-07-24 02:49,,AD-03,US_SHIFT,3,N,N,N
L104911,DSA,India,Asia/Kolkata,2026-06-28 20:43,2026-06-29 19:37,AD-03,US_SHIFT,2,N,N,N
L104912,Google,Singapore,Asia/Singapore,2026-06-30 14:02,2026-07-02 12:24,AD-05,IST_SHIFT,2,Y,Y,N
L104914,Meta,USA,America/New_York,2026-06-08 05:21,,AD-01,US_SHIFT,0,N,N,N
L104915,Organic,India,Asia/Kolkata,2026-07-24 21:03,,AD-08,IST_SHIFT,3,N,N,N
L104916,Organic,USA,America/New_York,2026-07-03 20:02,,AD-01,US_SHIFT,3,N,N,N
L104918,Referral,Vietnam,Asia/Ho_Chi_Minh,2026-07-04 19:34,,AD-04,US_SHIFT,3,N,N,N
L104919,Google,UK,Europe/London,2026-07-13 03:37,2026-07-16 14:04,AD-08,IST_SHIFT,1,N,N,N
L104920,Organic,Australia,Australia/Sydney,2026-07-18 03:34,,AD-02,US_SHIFT,0,N,N,N
L104921,Google,Singapore,Asia/Singapore,2026-07-07 10:16,,AD-01,US_SHIFT,0,N,N,N
L104923,Google,Singapore,Asia/Singapore,2026-07-05 05:16,2026-07-08 15:36,AD-05,IST_SHIFT,2,N,N,N
L104924,Affiliate,USA,America/New_York,2026-07-17 13:17,2026-07-18 04:53,AD-02,US_SHIFT,3,N,N,N
L104925,Meta,UAE,Asia/Dubai,2026-07-28 13:23,2026-08-01 01:16,AD-05,IST_SHIFT,0,N,N,N
L104926,Organic,Vietnam,Asia/Ho_Chi_Minh,2026-06-10 14:40,,AD-06,IST_SHIFT,0,N,N,N
L104927,Google,Vietnam,Asia/Ho_Chi_Minh,2026-07-03 02:05,,AD-10,SEA_SHIFT,3,N,N,N
L104928,Meta,USA,America/New_York,2026-07-14 18:51,2026-07-14 23:12,AD-12,US_SHIFT,3,N,N,N
L104929,Google,USA,America/New_York,2026-06-12 19:51,2026-06-13 12:12,AD-05,IST_SHIFT,1,Y,Y,N
L104930,Affiliate,Vietnam,Asia/Ho_Chi_Minh,2026-07-27 16:28,,AD-06,IST_SHIFT,3,N,N,N
L104932,Meta,Saudi Arabia,Asia/Riyadh,2026-07-23 11:59,,AD-09,IST_SHIFT,1,N,N,N
L104936,Meta,Vietnam,Asia/Ho_Chi_Minh,2026-06-01 21:13,2026-06-02 18:58,AD-12,US_SHIFT,1,Y,Y,N
L104937,Meta,Australia,Australia/Sydney,2026-07-25 08:10,,AD-03,US_SHIFT,3,N,N,N
L104940,Meta,UAE,Asia/Dubai,2026-07-04 15:07,,AD-11,SEA_SHIFT,1,N,N,N
L104941,Google,USA,America/New_York,2026-06-09 08:29,2026-06-10 22:27,AD-04,US_SHIFT,0,Y,N,N
L104943,Google,Vietnam,Asia/Ho_Chi_Minh,2026-06-24 12:58,2026-06-25 14:14,AD-09,IST_SHIFT,0,N,N,N
L104944,DSA,Vietnam,Asia/Ho_Chi_Minh,2026-07-15 21:05,,AD-08,IST_SHIFT,2,N,N,N
L104945,Meta,USA,America/New_York,2026-07-22 11:13,,AD-06,IST_SHIFT,3,N,N,N
L104946,Meta,UAE,Asia/Dubai,2026-06-05 14:45,2026-06-07 10:04,AD-04,US_SHIFT,0,Y,Y,N
L104947,Google,Vietnam,Asia/Ho_Chi_Minh,2026-07-12 06:57,,AD-12,US_SHIFT,3,N,N,N
L104948,Google,India,Asia/Kolkata,2026-06-20 17:16,,AD-12,US_SHIFT,1,N,N,N
L104949,Google,USA,America/New_York,2026-06-11 12:31,2026-06-11 19:40,AD-02,US_SHIFT,1,Y,Y,N
L104950,Meta,Saudi Arabia,Asia/Riyadh,2026-06-04 17:32,,AD-02,US_SHIFT,2,N,N,N
L104951,Google,UK,Europe/London,2026-07-04 04:13,2026-07-06 01:21,AD-03,US_SHIFT,2,Y,Y,N
L104952,Affiliate,USA,America/New_York,2026-07-15 19:47,2026-07-19 08:31,AD-01,US_SHIFT,0,N,N,N
L104953,Google,USA,America/New_York,2026-06-06 15:23,2026-06-07 19:22,AD-08,IST_SHIFT,1,Y,Y,N
L104956,Affiliate,Australia,Australia/Sydney,2026-07-10 11:39,,AD-07,IST_SHIFT,3,N,N,N
L104957,Google,USA,America/New_York,2026-06-28 13:17,,AD-04,US_SHIFT,3,N,N,N
L104958,Meta,Vietnam,Asia/Ho_Chi_Minh,2026-06-15 23:06,2026-06-16 18:39,AD-01,US_SHIFT,1,N,N,N
L104959,Google,USA,America/New_York,2026-06-28 01:31,2026-06-29 17:56,AD-09,IST_SHIFT,2,Y,Y,N
L104960,Meta,USA,America/New_York,2026-06-24 01:12,2026-06-27 18:34,AD-02,US_SHIFT,3,Y,Y,N
L104962,Google,UK,Europe/London,2026-07-12 03:37,2026-07-13 19:23,AD-06,IST_SHIFT,2,Y,Y,N
L104963,Meta,Singapore,Asia/Singapore,2026-06-25 19:02,2026-06-26 12:32,AD-05,IST_SHIFT,3,N,N,N
L104964,Google,Singapore,Asia/Singapore,2026-06-30 17:41,2026-07-01 06:21,AD-10,SEA_SHIFT,3,Y,Y,N
L104965,Google,India,Asia/Kolkata,2026-06-04 06:46,,AD-07,IST_SHIFT,3,N,N,N
L104966,Organic,USA,America/New_York,2026-07-15 06:37,,AD-09,IST_SHIFT,1,N,N,N
L104967,Organic,Vietnam,Asia/Ho_Chi_Minh,2026-07-29 01:22,2026-08-01 04:46,AD-11,SEA_SHIFT,0,N,N,N
L104968,Meta,USA,America/New_York,2026-06-05 14:39,2026-06-07 20:32,AD-02,US_SHIFT,2,Y,Y,N
L104970,Meta,UK,Europe/London,2026-07-08 05:57,2026-07-10 23:30,AD-10,SEA_SHIFT,0,Y,Y,N
L104971,Meta,USA,America/New_York,2026-06-01 13:04,2026-06-03 05:17,AD-02,US_SHIFT,3,Y,N,N
L104972,Organic,Saudi Arabia,Asia/Riyadh,2026-07-10 11:07,,AD-02,US_SHIFT,0,N,N,N
L104973,Google,USA,America/New_York,2026-07-13 09:29,,AD-04,US_SHIFT,2,N,N,N
L104976,Meta,Australia,Australia/Sydney,2026-07-01 15:59,2026-07-04 03:45,AD-06,IST_SHIFT,2,Y,Y,Y
L104977,Meta,Australia,Australia/Sydney,2026-06-23 12:50,,AD-04,US_SHIFT,0,N,N,N
L104978,Meta,UK,Europe/London,2026-06-04 21:26,2026-06-06 07:12,AD-03,US_SHIFT,1,N,N,N
L104979,Meta,UAE,Asia/Dubai,2026-07-26 15:33,2026-07-27 03:40,AD-07,IST_SHIFT,3,Y,Y,N
L104981,Meta,Singapore,Asia/Singapore,2026-06-18 06:56,2026-06-19 17:48,AD-06,IST_SHIFT,1,Y,N,N
L104982,Organic,USA,America/New_York,2026-06-06 10:55,2026-06-07 16:16,AD-12,US_SHIFT,2,Y,Y,Y
L104983,Affiliate,Vietnam,Asia/Ho_Chi_Minh,2026-06-19 02:54,2026-06-20 19:55,AD-02,US_SHIFT,2,Y,Y,N
L104984,Google,Singapore,Asia/Singapore,2026-06-20 05:37,,AD-05,IST_SHIFT,1,N,N,N
L104985,Affiliate,Vietnam,Asia/Ho_Chi_Minh,2026-07-11 17:21,2026-07-12 14:29,AD-09,IST_SHIFT,1,Y,N,N
L104986,DSA,UAE,Asia/Dubai,2026-07-10 14:00,2026-07-13 06:34,AD-02,US_SHIFT,2,Y,Y,N
L104987,Google,UK,Europe/London,2026-06-14 04:27,2026-06-18 19:54,AD-04,US_SHIFT,0,N,N,N
L104990,Organic,USA,America/New_York,2026-07-24 16:28,2026-07-25 14:27,AD-08,IST_SHIFT,2,Y,Y,N
L104992,Affiliate,USA,America/New_York,2026-07-11 04:37,,AD-12,US_SHIFT,2,N,N,N
L104993,DSA,India,Asia/Kolkata,2026-07-09 12:50,,AD-05,IST_SHIFT,3,N,N,N
L104994,Google,India,Asia/Kolkata,2026-06-28 05:17,2026-07-01 04:41,AD-06,IST_SHIFT,3,N,N,N
L104995,Meta,Vietnam,Asia/Ho_Chi_Minh,2026-06-13 19:56,2026-06-17 05:18,AD-08,IST_SHIFT,2,Y,Y,N
L104997,Meta,USA,America/New_York,2026-07-15 19:16,,AD-06,IST_SHIFT,1,N,N,N
L104998,Google,UK,Europe/London,2026-07-20 22:23,2026-07-25 06:22,AD-08,IST_SHIFT,1,Y,Y,Y
L104999,DSA,Vietnam,Asia/Ho_Chi_Minh,2026-06-10 21:39,,AD-04,US_SHIFT,0,N,N,N
L105000,Organic,USA,America/New_York,2026-06-07 19:32,,AD-05,IST_SHIFT,1,N,N,N
